id,sales
0,12.59
1,14.56
2,14.38
3,15.55
4,16.72
5,17.0
6,18.28
7,12.19
8,13.73
9,14.26
10,15.62
11,17.02
12,17.23
13,18.18
14,12.58
15,13.75
16,14.59
17,15.55
18,16.55
19,17.61
20,18.82
21,12.23
22,14.45
23,14.25
24,15.5
25,15.85
26,17.21
27,19.15
28,11.91
29,14.91
30,14.63
31,16.8
32,17.83
33,20.0
34,20.91
35,12.79
36,16.37
37,15.41
38,16.89
39,17.63
40,19.19
41,20.47
42,13.13
43,16.09
44,15.67
45,17.01
46,18.24
47,20.11
48,21.76
49,13.91
50,15.03
51,16.31
52,16.76
53,17.48
54,19.74
55,21.0
56,13.34
57,15.39
58,15.58
59,19.8
60,20.61
61,23.34
62,24.65
63,16.1
64,19.33
65,19.09
66,20.52
67,20.63
68,22.66
69,24.64
70,15.2
71,19.19
72,19.19
73,20.97
74,21.92
75,22.32
76,24.75
77,15.61
78,18.15
79,19.01
80,19.93
81,21.83
82,23.0
83,23.71
84,15.39
85,18.5
86,20.01
87,20.53
88,20.67
89,22.17
90,32.69
91,37.97
92,38.45
93,40.69
94,44.51
95,48.08
96,49.07
97,33.46
98,40.31
99,38.84
100,41.9
101,43.74
102,46.79
103,48.66
104,31.97
105,37.11
106,39.8
107,40.16
108,44.09
109,49.1
110,48.8
111,32.04
112,37.79
113,39.87
114,39.74
115,41.13
116,47.1
117,47.51
118,31.28
119,38.6
120,40.24
121,45.88
122,48.6
123,52.58
124,52.99
125,35.1
126,42.24
127,44.48
128,45.11
129,48.02
130,51.93
131,53.38
132,37.52
133,42.7
134,43.18
135,44.64
136,47.97
137,51.65
138,52.93
139,37.51
140,41.22
141,42.34
142,44.42
143,49.5
144,53.04
145,53.89
146,38.61
147,42.19
148,42.61
149,54.0
150,59.7
151,62.69
152,64.43
153,44.96
154,49.19
155,51.07
156,56.27
157,57.21
158,61.63
159,64.63
160,45.93
161,52.76
162,52.03
163,55.81
164,57.23
165,61.06
166,64.22
167,42.8
168,51.56
169,51.79
170,52.32
171,56.71
172,60.25
173,65.47
174,42.6
175,49.66
176,51.19
177,54.49
178,57.02
179,60.06
180,21.23
181,24.48
182,24.05
183,25.97
184,28.18
185,29.19
186,31.22
187,21.38
188,23.67
189,24.67
190,26.08
191,27.36
192,30.55
193,32.2
194,21.94
195,24.33
196,23.99
197,25.66
198,27.89
199,28.92
200,30.9
201,20.74
202,24.01
203,24.91
204,25.59
205,27.87
206,29.56
207,30.67
208,20.51
209,23.98
210,26.24
211,27.86
212,29.27
213,32.87
214,34.47
215,22.96
216,26.83
217,26.93
218,27.69
219,30.66
220,31.26
221,34.77
222,23.42
223,26.42
224,26.7
225,28.64
226,30.04
227,30.69
228,34.48
229,24.36
230,26.5
231,26.53
232,28.57
233,30.67
234,31.09
235,33.69
236,24.16
237,26.79
238,26.84
239,33.21
240,36.28
241,38.7
242,41.39
243,27.37
244,32.35
245,32.04
246,33.95
247,34.79
248,38.0
249,40.14
250,27.47
251,30.83
252,32.42
253,34.18
254,35.77
255,36.82
256,40.47
257,27.48
258,31.26
259,31.79
260,33.71
261,35.42
262,39.03
263,41.63
264,27.34
265,32.53
266,32.68
267,33.29
268,35.4
269,38.78
270,12.24
271,14.39
272,14.74
273,15.75
274,16.25
275,16.5
276,18.35
277,12.75
278,14.7
279,15.15
280,15.14
281,16.17
282,16.92
283,18.7
284,12.27
285,15.15
286,14.8
287,14.77
288,15.86
289,17.45
290,18.42
291,12.03
292,14.29
293,14.42
294,15.72
295,16.02
296,17.4
297,17.96
298,12.65
299,15.04
300,15.13
301,16.54
302,17.7
303,19.4
304,20.82
305,14.56
306,15.62
307,15.85
308,17.08
309,17.54
310,19.3
311,20.08
312,13.06
313,15.45
314,15.73
315,17.0
316,17.66
317,19.18
318,19.72
319,14.06
320,15.44
321,15.67
322,16.72
323,18.57
324,19.16
325,20.28
326,13.21
327,15.95
328,15.48
329,20.52
330,22.09
331,22.04
332,24.67
333,15.51
334,19.18
335,19.09
336,19.72
337,21.27
338,21.88
339,23.9
340,15.62
341,19.74
342,18.97
343,20.47
344,21.82
345,23.19
346,23.75
347,15.42
348,19.21
349,19.23
350,20.91
351,21.86
352,24.3
353,23.9
354,16.26
355,19.63
356,19.54
357,20.44
358,22.3
359,24.12
360,10.62
361,12.35
362,12.17
363,13.24
364,13.35
365,15.54
366,16.27
367,9.89
368,12.07
369,12.05
370,12.94
371,13.55
372,15.66
373,16.44
374,10.26
375,11.72
376,11.88
377,12.16
378,13.85
379,15.07
380,15.9
381,9.98
382,11.63
383,12.1
384,13.07
385,13.97
386,14.62
387,15.1
388,10.15
389,11.75
390,12.69
391,14.74
392,15.84
393,16.12
394,16.97
395,10.54
396,13.13
397,13.82
398,14.75
399,15.33
400,16.29
401,18.0
402,11.59
403,13.01
404,13.64
405,14.43
406,15.75
407,17.23
408,18.02
409,11.15
410,13.73
411,13.3
412,14.24
413,15.15
414,16.71
415,17.72
416,11.04
417,13.81
418,13.46
419,16.96
420,18.82
421,19.95
422,20.7
423,13.57
424,16.1
425,16.17
426,16.61
427,18.57
428,20.04
429,20.78
430,13.58
431,16.01
432,16.44
433,17.19
434,18.0
435,19.28
436,19.87
437,13.07
438,15.49
439,15.7
440,17.85
441,17.68
442,19.29
443,19.68
444,13.45
445,15.24
446,15.37
447,16.54
448,17.44
449,19.84
450,34.01
451,38.29
452,39.0
453,40.58
454,43.5
455,48.67
456,49.59
457,32.77
458,38.25
459,39.06
460,41.48
461,45.2
462,47.31
463,51.2
464,32.29
465,38.61
466,39.5
467,40.08
468,44.08
469,45.91
470,51.01
471,33.46
472,38.92
473,39.63
474,39.53
475,43.95
476,46.46
477,49.7
478,31.98
479,38.97
480,40.59
481,45.31
482,49.0
483,50.85
484,54.06
485,36.2
486,44.6
487,42.44
488,45.65
489,46.97
490,51.1
491,54.75
492,35.63
493,41.85
494,44.15
495,44.5
496,48.27
497,53.67
498,55.84
499,36.73
500,43.31
501,41.82
502,46.31
503,48.04
504,52.99
505,55.44
506,36.23
507,43.73
508,44.18
509,53.58
510,55.69
511,64.29
512,69.15
513,45.04
514,53.48
515,53.52
516,54.17
517,60.07
518,63.9
519,69.01
520,44.96
521,51.77
522,51.16
523,54.11
524,60.48
525,63.52
526,67.94
527,45.22
528,51.71
529,51.93
530,53.89
531,59.61
532,62.38
533,68.34
534,44.94
535,51.35
536,49.38
537,52.93
538,58.82
539,63.76
540,32.92
541,38.85
542,37.92
543,41.85
544,42.17
545,48.11
546,49.75
547,32.6
548,36.66
549,37.93
550,40.4
551,41.38
552,46.68
553,49.08
554,32.35
555,36.75
556,38.19
557,40.16
558,42.27
559,46.49
560,48.4
561,33.07
562,38.63
563,37.85
564,40.62
565,43.2
566,48.34
567,48.67
568,33.15
569,39.25
570,38.74
571,45.32
572,47.99
573,53.38
574,53.43
575,36.58
576,43.04
577,42.94
578,44.89
579,48.27
580,51.9
581,53.27
582,36.71
583,41.24
584,43.76
585,45.46
586,48.4
587,50.9
588,54.47
589,36.91
590,44.06
591,41.57
592,44.79
593,46.79
594,50.97
595,54.53
596,36.44
597,42.17
598,43.92
599,53.63
600,58.96
601,62.05
602,66.03
603,43.55
604,50.02
605,51.39
606,52.87
607,60.74
608,63.64
609,66.65
610,43.67
611,50.6
612,50.98
613,54.13
614,57.32
615,60.21
616,63.34
617,43.62
618,48.81
619,50.65
620,55.02
621,57.88
622,60.63
623,65.72
624,42.94
625,49.98
626,50.46
627,52.89
628,56.56
629,64.33
630,43.5
631,50.12
632,49.31
633,55.7
634,60.77
635,65.28
636,66.68
637,44.7
638,50.58
639,50.89
640,54.81
641,61.82
642,63.96
643,67.46
644,44.88
645,52.66
646,52.13
647,52.64
648,56.94
649,65.16
650,65.91
651,43.46
652,52.85
653,50.92
654,54.71
655,58.86
656,64.09
657,64.44
658,44.73
659,48.18
660,53.12
661,60.12
662,65.23
663,68.12
664,69.27
665,48.58
666,57.14
667,57.16
668,60.85
669,65.72
670,66.9
671,71.64
672,47.15
673,55.66
674,56.43
675,59.4
676,65.83
677,67.88
678,74.23
679,48.48
680,56.59
681,57.16
682,61.56
683,65.13
684,67.13
685,74.44
686,48.45
687,57.81
688,55.15
689,72.29
690,77.45
691,81.34
692,87.7
693,57.77
694,67.36
695,66.89
696,74.53
697,79.62
698,80.81
699,87.86
700,59.76
701,67.76
702,68.7
703,72.71
704,73.6
705,79.71
706,85.49
707,57.62
708,67.89
709,67.62
710,73.29
711,73.14
712,80.51
713,82.98
714,57.15
715,69.07
716,68.27
717,72.42
718,74.87
719,85.47
720,29.56
721,33.5
722,33.44
723,35.32
724,39.22
725,40.7
726,43.25
727,28.84
728,32.54
729,33.02
730,35.51
731,39.48
732,41.14
733,45.05
734,28.72
735,32.73
736,33.76
737,35.96
738,37.3
739,40.66
740,43.12
741,28.67
742,32.94
743,32.63
744,35.75
745,39.64
746,42.1
747,45.43
748,29.17
749,34.36
750,35.44
751,39.46
752,43.62
753,45.99
754,48.99
755,32.45
756,37.29
757,36.78
758,37.74
759,42.68
760,47.47
761,49.54
762,32.18
763,37.33
764,37.93
765,39.13
766,43.97
767,44.89
768,48.73
769,33.39
770,37.76
771,38.07
772,39.44
773,42.91
774,44.15
775,49.49
776,32.44
777,38.73
778,37.28
779,45.56
780,52.03
781,55.29
782,58.52
783,37.52
784,44.73
785,44.3
786,47.5
787,51.43
788,54.64
789,58.69
790,38.25
791,45.62
792,44.65
793,48.91
794,50.94
795,55.06
796,58.29
797,37.82
798,43.33
799,44.11
800,48.16
801,49.89
802,52.88
803,56.07
804,38.88
805,43.85
806,43.7
807,47.53
808,50.88
809,55.44
810,42.81
811,51.1
812,49.53
813,54.41
814,55.41
815,60.16
816,63.88
817,40.43
818,49.08
819,47.32
820,52.01
821,56.22
822,62.58
823,68.46
824,42.64
825,48.68
826,48.63
827,51.76
828,57.27
829,61.16
830,66.26
831,41.79
832,48.59
833,47.43
834,52.78
835,58.72
836,61.11
837,62.63
838,41.55
839,47.89
840,48.24
841,57.53
842,62.21
843,63.59
844,69.19
845,46.21
846,52.36
847,53.61
848,58.56
849,60.75
850,63.23
851,68.82
852,47.02
853,53.47
854,54.27
855,58.13
856,61.18
857,68.28
858,69.95
859,47.32
860,53.54
861,54.06
862,57.7
863,63.03
864,68.94
865,69.6
866,45.64
867,54.76
868,52.37
869,70.77
870,73.5
871,76.95
872,80.81
873,54.65
874,65.06
875,65.25
876,69.16
877,71.0
878,75.66
879,84.01
880,57.03
881,64.7
882,66.48
883,69.61
884,74.19
885,78.78
886,84.54
887,56.15
888,63.96
889,62.41
890,67.74
891,73.8
892,79.82
893,82.67
894,56.11
895,65.32
896,66.43
897,69.71
898,75.85
899,77.35
900,39.72
901,47.76
902,47.26
903,50.41
904,52.85
905,57.63
906,59.92
907,41.36
908,46.43
909,46.95
910,47.85
911,53.71
912,58.3
913,60.82
914,41.09
915,44.93
916,46.84
917,49.65
918,51.75
919,57.66
920,60.36
921,40.26
922,46.77
923,46.82
924,51.06
925,51.23
926,56.64
927,62.44
928,39.59
929,46.04
930,47.04
931,54.99
932,60.26
933,63.11
934,69.63
935,44.4
936,51.29
937,52.28
938,55.12
939,60.99
940,63.23
941,67.44
942,44.82
943,49.02
944,51.22
945,53.64
946,59.04
947,63.74
948,67.36
949,45.1
950,50.81
951,52.32
952,55.74
953,58.97
954,63.53
955,66.24
956,44.0
957,51.29
958,52.05
959,65.34
960,67.19
961,74.6
962,77.93
963,51.62
964,60.19
965,62.33
966,67.24
967,67.27
968,73.0
969,81.69
970,52.19
971,61.78
972,61.7
973,67.28
974,66.43
975,74.25
976,82.82
977,52.77
978,60.13
979,61.27
980,65.82
981,66.28
982,74.88
983,79.5
984,54.57
985,61.49
986,61.6
987,63.44
988,66.75
989,73.27
990,39.43
991,44.62
992,47.09
993,51.56
994,53.96
995,56.89
996,59.87
997,39.03
998,45.99
999,45.86
1000,50.0
1001,52.33
1002,55.38
1003,57.91
1004,37.92
1005,46.6
1006,47.48
1007,49.73
1008,52.71
1009,56.63
1010,58.59
1011,39.85
1012,45.72
1013,47.64
1014,49.39
1015,52.58
1016,55.99
1017,60.71
1018,38.74
1019,45.71
1020,45.71
1021,56.56
1022,59.79
1023,61.04
1024,64.7
1025,43.94
1026,50.66
1027,52.53
1028,54.16
1029,59.06
1030,61.47
1031,63.41
1032,42.17
1033,49.05
1034,50.57
1035,54.66
1036,59.73
1037,61.74
1038,66.94
1039,43.78
1040,52.07
1041,53.5
1042,56.56
1043,58.3
1044,62.63
1045,67.19
1046,43.71
1047,51.04
1048,50.2
1049,66.08
1050,67.98
1051,74.31
1052,80.49
1053,52.13
1054,62.41
1055,57.41
1056,67.66
1057,71.36
1058,73.74
1059,78.72
1060,51.77
1061,63.67
1062,61.28
1063,67.1
1064,69.95
1065,75.31
1066,78.62
1067,51.51
1068,57.94
1069,58.34
1070,62.35
1071,68.8
1072,74.67
1073,78.64
1074,54.24
1075,59.29
1076,59.57
1077,65.41
1078,70.31
1079,74.55
1080,48.21
1081,53.38
1082,54.69
1083,59.91
1084,63.96
1085,67.77
1086,71.64
1087,47.0
1088,53.53
1089,55.21
1090,58.9
1091,64.37
1092,67.17
1093,72.2
1094,48.78
1095,56.58
1096,56.98
1097,59.9
1098,65.46
1099,68.06
1100,70.15
1101,49.11
1102,55.44
1103,57.05
1104,59.03
1105,61.59
1106,66.13
1107,71.39
1108,49.02
1109,55.37
1110,56.81
1111,68.49
1112,71.94
1113,76.97
1114,81.27
1115,52.19
1116,60.0
1117,62.64
1118,67.1
1119,71.59
1120,76.32
1121,81.1
1122,53.41
1123,59.47
1124,61.45
1125,67.35
1126,74.29
1127,77.73
1128,81.03
1129,52.51
1130,61.78
1131,63.4
1132,66.3
1133,71.74
1134,76.69
1135,79.55
1136,53.44
1137,61.18
1138,62.34
1139,78.62
1140,87.99
1141,88.9
1142,91.99
1143,64.65
1144,72.27
1145,73.42
1146,76.12
1147,85.99
1148,89.27
1149,93.48
1150,65.12
1151,73.57
1152,74.75
1153,79.98
1154,87.59
1155,93.25
1156,98.99
1157,65.28
1158,70.74
1159,74.91
1160,81.22
1161,86.13
1162,93.38
1163,96.11
1164,64.6
1165,72.15
1166,74.5
1167,79.29
1168,83.01
1169,91.76
1170,32.51
1171,37.5
1172,38.91
1173,40.92
1174,44.09
1175,45.87
1176,49.22
1177,33.08
1178,38.36
1179,37.52
1180,41.37
1181,44.65
1182,47.9
1183,48.53
1184,32.79
1185,38.56
1186,38.82
1187,42.76
1188,43.81
1189,45.72
1190,49.93
1191,32.87
1192,37.76
1193,37.74
1194,41.88
1195,43.79
1196,46.79
1197,49.49
1198,33.36
1199,38.36
1200,38.6
1201,45.98
1202,49.72
1203,51.32
1204,53.95
1205,35.41
1206,41.8
1207,42.74
1208,45.79
1209,49.05
1210,51.09
1211,52.4
1212,35.58
1213,41.95
1214,42.32
1215,47.68
1216,48.7
1217,49.75
1218,56.68
1219,37.4
1220,42.12
1221,43.17
1222,46.65
1223,46.63
1224,49.94
1225,54.58
1226,37.75
1227,43.18
1228,42.49
1229,54.65
1230,57.29
1231,60.75
1232,63.77
1233,45.81
1234,51.79
1235,51.38
1236,54.36
1237,55.94
1238,60.84
1239,64.94
1240,44.69
1241,51.99
1242,52.18
1243,54.43
1244,55.21
1245,61.16
1246,64.55
1247,44.11
1248,51.4
1249,51.51
1250,55.03
1251,57.04
1252,61.7
1253,68.14
1254,45.1
1255,49.97
1256,49.91
1257,52.97
1258,57.84
1259,62.92
1260,50.53
1261,60.78
1262,57.72
1263,65.77
1264,71.52
1265,78.07
1266,79.05
1267,52.01
1268,61.0
1269,58.73
1270,64.26
1271,69.32
1272,71.76
1273,77.57
1274,50.78
1275,61.48
1276,59.81
1277,63.56
1278,69.61
1279,73.92
1280,76.15
1281,52.86
1282,58.16
1283,57.86
1284,64.93
1285,67.45
1286,72.29
1287,75.59
1288,51.08
1289,60.33
1290,59.42
1291,70.72
1292,76.61
1293,83.44
1294,82.26
1295,57.31
1296,65.92
1297,66.12
1298,72.69
1299,74.56
1300,80.64
1301,81.94
1302,56.81
1303,64.72
1304,66.35
1305,68.66
1306,73.51
1307,77.38
1308,78.82
1309,57.85
1310,65.1
1311,68.08
1312,69.53
1313,74.19
1314,79.74
1315,83.57
1316,57.49
1317,67.35
1318,66.29
1319,85.69
1320,91.78
1321,93.89
1322,102.97
1323,66.13
1324,79.56
1325,80.83
1326,86.23
1327,90.37
1328,95.15
1329,99.78
1330,65.03
1331,78.67
1332,79.31
1333,81.19
1334,85.32
1335,90.75
1336,98.72
1337,64.38
1338,78.08
1339,78.32
1340,80.2
1341,85.66
1342,90.01
1343,101.89
1344,68.69
1345,77.19
1346,77.24
1347,77.6
1348,83.14
1349,96.4
1350,15.08
1351,16.65
1352,16.99
1353,17.92
1354,18.35
1355,21.05
1356,22.17
1357,14.36
1358,17.13
1359,17.27
1360,17.91
1361,19.73
1362,21.25
1363,21.79
1364,14.27
1365,17.45
1366,17.36
1367,17.89
1368,18.87
1369,20.51
1370,21.94
1371,14.08
1372,17.62
1373,17.57
1374,18.37
1375,19.9
1376,21.31
1377,21.01
1378,13.43
1379,17.25
1380,17.58
1381,20.14
1382,20.68
1383,23.5
1384,23.67
1385,14.79
1386,19.78
1387,17.98
1388,19.94
1389,21.65
1390,22.03
1391,24.46
1392,15.42
1393,18.97
1394,19.03
1395,19.07
1396,21.9
1397,23.19
1398,24.68
1399,16.77
1400,18.7
1401,19.09
1402,19.82
1403,22.54
1404,23.6
1405,23.81
1406,16.55
1407,19.85
1408,19.09
1409,23.6
1410,25.43
1411,28.64
1412,29.54
1413,19.09
1414,23.0
1415,22.22
1416,24.34
1417,26.16
1418,27.72
1419,28.18
1420,19.44
1421,22.99
1422,23.03
1423,23.86
1424,25.92
1425,28.22
1426,29.41
1427,19.39
1428,23.31
1429,21.92
1430,24.05
1431,24.72
1432,28.38
1433,28.56
1434,19.58
1435,22.24
1436,22.08
1437,23.55
1438,26.07
1439,29.17
1440,18.41
1441,21.1
1442,22.45
1443,22.91
1444,26.09
1445,26.34
1446,28.87
1447,18.86
1448,21.37
1449,21.99
1450,22.6
1451,25.36
1452,26.96
1453,27.28
1454,18.44
1455,21.72
1456,21.79
1457,21.55
1458,25.12
1459,26.23
1460,28.03
1461,18.1
1462,21.35
1463,21.23
1464,22.25
1465,24.58
1466,26.26
1467,27.53
1468,17.76
1469,21.14
1470,21.99
1471,25.14
1472,26.86
1473,28.58
1474,29.49
1475,19.98
1476,22.8
1477,24.56
1478,25.24
1479,27.21
1480,28.42
1481,31.38
1482,20.3
1483,23.72
1484,23.86
1485,26.08
1486,27.37
1487,28.89
1488,30.59
1489,20.61
1490,23.63
1491,22.72
1492,24.66
1493,26.61
1494,28.74
1495,31.93
1496,20.46
1497,22.83
1498,23.49
1499,30.59
1500,32.33
1501,32.68
1502,35.35
1503,23.39
1504,28.66
1505,28.16
1506,29.91
1507,31.61
1508,31.04
1509,34.87
1510,23.46
1511,28.16
1512,28.41
1513,30.26
1514,31.73
1515,32.08
1516,35.89
1517,23.99
1518,28.54
1519,28.61
1520,30.06
1521,32.29
1522,34.09
1523,36.83
1524,24.35
1525,29.04
1526,29.03
1527,30.54
1528,32.69
1529,34.88
1530,48.78
1531,57.57
1532,56.3
1533,60.71
1534,64.87
1535,69.55
1536,74.11
1537,49.02
1538,55.08
1539,56.14
1540,60.32
1541,60.14
1542,68.35
1543,70.3
1544,47.41
1545,56.05
1546,56.66
1547,58.16
1548,66.12
1549,67.46
1550,72.26
1551,48.89
1552,56.8
1553,56.13
1554,60.01
1555,64.46
1556,70.7
1557,73.49
1558,50.02
1559,55.94
1560,56.24
1561,65.4
1562,66.81
1563,76.33
1564,81.64
1565,54.02
1566,61.13
1567,61.22
1568,66.73
1569,72.7
1570,78.16
1571,82.78
1572,52.05
1573,64.35
1574,59.91
1575,66.19
1576,70.47
1577,78.2
1578,82.41
1579,52.61
1580,62.53
1581,60.95
1582,65.85
1583,70.57
1584,74.12
1585,76.08
1586,51.57
1587,60.61
1588,56.5
1589,74.45
1590,84.8
1591,83.95
1592,88.15
1593,60.26
1594,74.49
1595,69.89
1596,75.45
1597,85.28
1598,86.36
1599,93.45
1600,62.19
1601,76.54
1602,72.65
1603,79.07
1604,86.58
1605,87.47
1606,90.66
1607,63.94
1608,75.29
1609,73.93
1610,78.93
1611,82.61
1612,88.29
1613,92.0
1614,63.29
1615,76.32
1616,76.78
1617,78.99
1618,82.12
1619,88.48
1620,23.47
1621,28.2
1622,26.64
1623,29.46
1624,31.92
1625,32.72
1626,36.04
1627,22.94
1628,27.41
1629,27.83
1630,30.51
1631,30.61
1632,30.92
1633,34.39
1634,22.94
1635,26.02
1636,27.17
1637,28.18
1638,32.75
1639,32.28
1640,36.3
1641,22.85
1642,25.91
1643,26.66
1644,28.9
1645,31.37
1646,32.7
1647,34.56
1648,22.73
1649,25.54
1650,27.55
1651,32.52
1652,33.8
1653,35.54
1654,37.43
1655,24.63
1656,27.99
1657,29.34
1658,33.39
1659,33.39
1660,35.79
1661,39.75
1662,25.37
1663,29.83
1664,29.57
1665,32.61
1666,32.94
1667,36.78
1668,38.85
1669,25.01
1670,30.12
1671,30.36
1672,32.78
1673,34.13
1674,38.17
1675,40.3
1676,26.38
1677,29.58
1678,29.88
1679,38.09
1680,40.72
1681,42.8
1682,46.18
1683,31.93
1684,35.87
1685,35.23
1686,36.74
1687,40.68
1688,44.19
1689,45.13
1690,31.38
1691,36.03
1692,35.54
1693,37.08
1694,39.83
1695,43.12
1696,44.38
1697,29.89
1698,34.47
1699,35.99
1700,38.19
1701,40.38
1702,44.36
1703,45.77
1704,31.2
1705,34.41
1706,35.79
1707,37.24
1708,40.29
1709,43.34
1710,26.75
1711,30.6
1712,29.06
1713,33.71
1714,36.55
1715,37.12
1716,38.94
1717,26.39
1718,31.66
1719,30.39
1720,34.23
1721,34.62
1722,38.71
1723,39.91
1724,26.63
1725,31.62
1726,30.22
1727,33.09
1728,35.74
1729,38.2
1730,38.7
1731,26.85
1732,30.46
1733,31.54
1734,33.36
1735,35.44
1736,38.63
1737,40.94
1738,26.7
1739,30.49
1740,33.46
1741,35.94
1742,38.84
1743,43.84
1744,45.26
1745,29.45
1746,36.22
1747,35.27
1748,37.68
1749,40.04
1750,41.82
1751,45.99
1752,29.29
1753,35.86
1754,34.79
1755,37.4
1756,40.76
1757,42.96
1758,45.52
1759,30.06
1760,35.35
1761,34.62
1762,37.54
1763,41.58
1764,42.89
1765,45.79
1766,30.46
1767,34.42
1768,33.84
1769,44.05
1770,47.84
1771,51.4
1772,53.55
1773,36.12
1774,41.58
1775,41.44
1776,44.66
1777,47.31
1778,50.62
1779,54.02
1780,37.03
1781,41.82
1782,41.09
1783,44.56
1784,46.52
1785,49.44
1786,51.55
1787,35.62
1788,41.66
1789,42.43
1790,44.82
1791,47.02
1792,52.22
1793,57.8
1794,35.49
1795,42.4
1796,41.67
1797,44.5
1798,48.9
1799,52.41
1800,21.83
1801,25.49
1802,26.04
1803,28.24
1804,29.24
1805,32.1
1806,32.88
1807,21.95
1808,25.02
1809,25.99
1810,27.53
1811,30.02
1812,31.32
1813,33.97
1814,22.68
1815,25.8
1816,26.08
1817,27.45
1818,29.83
1819,32.58
1820,33.64
1821,23.3
1822,25.08
1823,26.8
1824,28.61
1825,29.97
1826,31.63
1827,33.64
1828,21.46
1829,25.98
1830,28.32
1831,33.02
1832,33.73
1833,36.11
1834,36.42
1835,23.5
1836,29.49
1837,28.57
1838,31.88
1839,32.37
1840,36.53
1841,37.65
1842,23.52
1843,28.04
1844,28.88
1845,31.39
1846,32.43
1847,35.78
1848,37.8
1849,24.38
1850,29.17
1851,28.7
1852,31.74
1853,33.87
1854,35.86
1855,36.94
1856,25.06
1857,28.23
1858,28.13
1859,37.59
1860,40.73
1861,42.38
1862,42.79
1863,29.86
1864,36.25
1865,35.72
1866,37.18
1867,38.86
1868,41.22
1869,44.25
1870,29.44
1871,35.13
1872,35.57
1873,36.96
1874,39.12
1875,41.89
1876,45.82
1877,29.5
1878,34.18
1879,35.46
1880,37.33
1881,40.09
1882,42.98
1883,46.38
1884,30.35
1885,35.31
1886,35.97
1887,37.37
1888,39.42
1889,41.93
1890,45.84
1891,53.4
1892,52.49
1893,57.9
1894,62.87
1895,66.97
1896,70.03
1897,46.51
1898,53.59
1899,55.13
1900,59.73
1901,61.2
1902,64.03
1903,65.95
1904,45.01
1905,53.1
1906,53.88
1907,56.59
1908,61.2
1909,66.32
1910,69.53
1911,46.35
1912,53.88
1913,54.81
1914,58.48
1915,60.48
1916,65.27
1917,69.78
1918,47.62
1919,52.56
1920,53.28
1921,64.04
1922,68.6
1923,73.53
1924,75.82
1925,49.39
1926,59.05
1927,58.06
1928,62.91
1929,68.11
1930,74.11
1931,78.6
1932,47.97
1933,61.33
1934,58.54
1935,61.76
1936,66.14
1937,70.35
1938,76.14
1939,48.64
1940,60.6
1941,57.3
1942,61.69
1943,67.85
1944,71.98
1945,75.44
1946,51.28
1947,61.28
1948,58.67
1949,75.96
1950,81.03
1951,86.58
1952,93.11
1953,60.18
1954,71.59
1955,69.74
1956,74.78
1957,78.78
1958,84.83
1959,94.51
1960,60.22
1961,69.35
1962,71.54
1963,74.89
1964,79.23
1965,84.66
1966,90.01
1967,59.17
1968,70.44
1969,70.52
1970,74.34
1971,76.22
1972,85.61
1973,91.9
1974,60.96
1975,71.97
1976,69.88
1977,73.61
1978,79.58
1979,88.04
1980,16.78
1981,18.56
1982,19.14
1983,21.22
1984,22.52
1985,24.12
1986,24.43
1987,17.51
1988,19.4
1989,19.64
1990,20.45
1991,21.96
1992,24.7
1993,25.12
1994,17.5
1995,19.15
1996,19.87
1997,21.44
1998,22.3
1999,23.91
2000,24.98
2001,17.87
2002,20.1
2003,19.76
2004,21.56
2005,22.82
2006,24.25
2007,25.44
2008,17.38
2009,19.65
2010,19.53
2011,22.66
2012,24.46
2013,26.38
2014,28.36
2015,18.45
2016,21.37
2017,21.11
2018,22.64
2019,25.16
2020,25.82
2021,29.51
2022,18.71
2023,21.18
2024,21.06
2025,22.64
2026,25.28
2027,25.84
2028,29.25
2029,17.7
2030,21.05
2031,21.88
2032,23.2
2033,26.04
2034,26.74
2035,29.63
2036,18.24
2037,20.74
2038,20.72
2039,28.14
2040,31.0
2041,32.26
2042,31.29
2043,21.75
2044,25.29
2045,25.85
2046,27.41
2047,30.5
2048,31.52
2049,30.72
2050,21.8
2051,25.63
2052,25.95
2053,27.76
2054,30.26
2055,32.08
2056,32.66
2057,22.37
2058,25.54
2059,26.9
2060,27.51
2061,29.68
2062,32.55
2063,32.51
2064,22.15
2065,25.19
2066,25.91
2067,27.61
2068,29.74
2069,32.85
2070,37.29
2071,44.88
2072,44.29
2073,46.82
2074,50.1
2075,54.75
2076,58.1
2077,37.6
2078,44.84
2079,43.8
2080,46.61
2081,52.33
2082,56.65
2083,56.53
2084,39.3
2085,43.53
2086,42.06
2087,46.11
2088,50.45
2089,54.61
2090,55.17
2091,38.49
2092,42.73
2093,43.68
2094,46.25
2095,49.65
2096,53.08
2097,56.54
2098,37.67
2099,42.78
2100,44.25
2101,51.17
2102,56.57
2103,62.34
2104,64.51
2105,41.88
2106,48.71
2107,49.39
2108,48.89
2109,55.37
2110,60.23
2111,65.55
2112,43.53
2113,48.47
2114,49.51
2115,51.24
2116,57.5
2117,63.74
2118,66.01
2119,41.39
2120,47.52
2121,47.48
2122,50.69
2123,56.67
2124,60.6
2125,62.12
2126,41.76
2127,47.93
2128,46.65
2129,63.22
2130,66.56
2131,70.43
2132,74.87
2133,49.27
2134,59.06
2135,57.48
2136,62.51
2137,65.23
2138,69.68
2139,74.94
2140,50.07
2141,58.64
2142,57.03
2143,63.46
2144,65.28
2145,71.5
2146,75.17
2147,49.29
2148,56.17
2149,55.93
2150,62.47
2151,66.7
2152,71.67
2153,71.44
2154,47.57
2155,57.09
2156,56.81
2157,62.86
2158,68.98
2159,71.39
2160,43.39
2161,52.85
2162,53.19
2163,58.01
2164,61.31
2165,64.78
2166,69.51
2167,47.0
2168,52.85
2169,53.34
2170,59.25
2171,60.82
2172,63.71
2173,68.59
2174,45.46
2175,52.27
2176,53.46
2177,58.02
2178,58.53
2179,65.62
2180,68.82
2181,46.62
2182,52.19
2183,53.05
2184,57.09
2185,59.49
2186,65.22
2187,66.8
2188,45.63
2189,51.5
2190,54.46
2191,61.31
2192,65.05
2193,68.12
2194,75.76
2195,51.05
2196,57.57
2197,58.24
2198,64.93
2199,66.95
2200,73.77
2201,74.93
2202,52.74
2203,57.5
2204,58.19
2205,60.38
2206,64.79
2207,71.66
2208,74.84
2209,51.35
2210,59.25
2211,59.44
2212,62.04
2213,66.39
2214,73.15
2215,77.47
2216,52.03
2217,59.9
2218,58.28
2219,74.24
2220,80.67
2221,83.81
2222,89.12
2223,59.54
2224,70.38
2225,70.01
2226,75.81
2227,80.05
2228,81.96
2229,88.28
2230,60.71
2231,72.22
2232,71.46
2233,75.1
2234,78.08
2235,82.62
2236,87.52
2237,61.77
2238,71.41
2239,72.17
2240,73.96
2241,77.46
2242,85.27
2243,88.1
2244,61.79
2245,70.5
2246,70.2
2247,74.74
2248,79.48
2249,88.81
2250,25.39
2251,29.95
2252,32.1
2253,33.33
2254,36.11
2255,38.99
2256,40.93
2257,25.13
2258,31.75
2259,30.8
2260,32.51
2261,35.46
2262,38.41
2263,41.16
2264,25.43
2265,31.82
2266,32.48
2267,32.37
2268,35.24
2269,38.44
2270,40.81
2271,25.79
2272,32.3
2273,31.76
2274,31.0
2275,36.39
2276,37.84
2277,40.22
2278,27.2
2279,32.86
2280,32.38
2281,34.55
2282,41.05
2283,44.66
2284,45.41
2285,30.09
2286,36.25
2287,36.66
2288,38.22
2289,41.72
2290,44.08
2291,47.45
2292,30.68
2293,35.54
2294,35.19
2295,37.3
2296,41.13
2297,45.03
2298,47.36
2299,30.41
2300,34.92
2301,35.97
2302,37.46
2303,40.74
2304,45.65
2305,46.97
2306,29.92
2307,34.47
2308,35.19
2309,46.12
2310,49.41
2311,51.96
2312,55.35
2313,37.4
2314,43.73
2315,43.32
2316,45.04
2317,48.39
2318,50.66
2319,53.74
2320,36.02
2321,41.39
2322,42.05
2323,44.81
2324,47.32
2325,50.62
2326,53.45
2327,37.32
2328,42.54
2329,42.38
2330,44.84
2331,48.2
2332,49.92
2333,53.48
2334,36.79
2335,41.68
2336,42.4
2337,45.16
2338,46.82
2339,50.95
2340,12.37
2341,15.3
2342,14.08
2343,15.78
2344,17.75
2345,18.24
2346,18.65
2347,11.88
2348,15.14
2349,14.29
2350,16.1
2351,16.62
2352,17.58
2353,19.01
2354,11.74
2355,14.64
2356,14.11
2357,15.99
2358,16.93
2359,18.33
2360,18.04
2361,12.53
2362,14.45
2363,14.61
2364,15.64
2365,17.05
2366,18.29
2367,17.39
2368,11.96
2369,14.93
2370,14.9
2371,17.69
2372,18.88
2373,20.22
2374,19.7
2375,13.79
2376,16.08
2377,16.02
2378,17.06
2379,18.2
2380,19.92
2381,21.18
2382,13.73
2383,16.19
2384,15.82
2385,16.2
2386,18.78
2387,19.58
2388,19.75
2389,13.51
2390,16.18
2391,16.24
2392,17.4
2393,18.18
2394,19.56
2395,20.74
2396,13.06
2397,16.35
2398,16.26
2399,20.07
2400,21.17
2401,22.96
2402,24.94
2403,16.41
2404,18.68
2405,20.17
2406,20.72
2407,21.33
2408,21.95
2409,25.65
2410,16.18
2411,18.86
2412,19.73
2413,20.67
2414,22.66
2415,24.64
2416,25.44
2417,16.14
2418,19.16
2419,20.12
2420,20.6
2421,23.11
2422,24.08
2423,25.17
2424,16.19
2425,19.14
2426,19.15
2427,20.33
2428,22.14
2429,23.09
2430,50.57
2431,60.13
2432,57.52
2433,61.98
2434,65.43
2435,69.73
2436,75.89
2437,51.17
2438,58.65
2439,59.45
2440,61.35
2441,63.33
2442,71.17
2443,75.56
2444,49.81
2445,58.21
2446,56.37
2447,59.54
2448,66.68
2449,70.42
2450,73.12
2451,50.83
2452,58.02
2453,55.29
2454,61.43
2455,67.06
2456,69.76
2457,69.25
2458,49.5
2459,59.01
2460,57.32
2461,67.96
2462,75.41
2463,79.33
2464,80.19
2465,56.96
2466,66.88
2467,67.26
2468,71.46
2469,76.8
2470,79.57
2471,80.68
2472,56.39
2473,66.36
2474,64.67
2475,70.83
2476,75.8
2477,80.05
2478,81.31
2479,53.93
2480,64.95
2481,64.85
2482,69.68
2483,73.3
2484,77.18
2485,84.63
2486,55.13
2487,66.25
2488,64.56
2489,83.88
2490,90.03
2491,93.92
2492,98.73
2493,66.57
2494,77.63
2495,76.76
2496,81.47
2497,86.15
2498,90.92
2499,96.85
2500,63.32
2501,74.65
2502,74.37
2503,82.88
2504,89.48
2505,95.63
2506,99.48
2507,65.91
2508,76.77
2509,74.35
2510,81.74
2511,89.5
2512,94.72
2513,96.09
2514,63.26
2515,81.43
2516,74.31
2517,85.56
2518,89.12
2519,94.38
2520,40.94
2521,45.02
2522,46.93
2523,51.18
2524,54.84
2525,58.02
2526,59.32
2527,40.4
2528,47.34
2529,47.66
2530,50.61
2531,54.87
2532,57.15
2533,58.51
2534,40.77
2535,45.96
2536,46.64
2537,52.53
2538,55.13
2539,54.56
2540,58.53
2541,37.86
2542,46.65
2543,46.34
2544,51.68
2545,54.78
2546,57.0
2547,59.46
2548,38.95
2549,46.33
2550,49.32
2551,55.63
2552,57.87
2553,63.37
2554,65.62
2555,42.96
2556,50.89
2557,51.45
2558,55.87
2559,58.47
2560,64.18
2561,67.02
2562,45.03
2563,50.68
2564,51.42
2565,53.97
2566,57.26
2567,63.01
2568,61.73
2569,44.63
2570,49.42
2571,51.88
2572,56.34
2573,58.02
2574,61.32
2575,64.66
2576,45.5
2577,50.46
2578,52.49
2579,67.63
2580,65.58
2581,74.49
2582,79.22
2583,58.67
2584,61.4
2585,62.55
2586,64.86
2587,67.09
2588,72.82
2589,78.78
2590,55.08
2591,61.42
2592,60.08
2593,65.73
2594,68.89
2595,71.15
2596,77.63
2597,54.48
2598,62.14
2599,58.28
2600,64.89
2601,66.64
2602,72.2
2603,79.58
2604,53.42
2605,60.18
2606,58.96
2607,65.15
2608,69.85
2609,74.74
2610,22.1
2611,24.82
2612,26.59
2613,29.8
2614,30.91
2615,34.26
2616,33.46
2617,22.7
2618,26.7
2619,26.95
2620,28.74
2621,30.22
2622,32.7
2623,35.06
2624,23.0
2625,27.57
2626,26.74
2627,28.69
2628,29.13
2629,32.42
2630,35.1
2631,23.84
2632,27.42
2633,26.53
2634,28.73
2635,30.47
2636,33.2
2637,34.69
2638,22.74
2639,27.08
2640,26.37
2641,32.05
2642,34.23
2643,35.79
2644,39.5
2645,24.92
2646,28.75
2647,29.1
2648,33.07
2649,32.51
2650,37.72
2651,39.46
2652,25.33
2653,29.59
2654,28.56
2655,31.48
2656,33.35
2657,36.0
2658,38.52
2659,24.93
2660,30.66
2661,29.65
2662,30.54
2663,34.1
2664,36.38
2665,39.98
2666,26.55
2667,30.88
2668,29.41
2669,36.92
2670,40.9
2671,44.55
2672,47.15
2673,30.36
2674,34.67
2675,35.09
2676,37.84
2677,40.16
2678,45.26
2679,47.06
2680,30.03
2681,34.97
2682,35.36
2683,38.36
2684,42.19
2685,43.83
2686,45.62
2687,30.64
2688,35.9
2689,36.14
2690,37.09
2691,39.62
2692,44.06
2693,47.17
2694,30.38
2695,36.29
2696,34.98
2697,38.19
2698,40.57
2699,42.21
2700,33.95
2701,40.0
2702,38.9
2703,42.01
2704,45.61
2705,46.66
2706,51.1
2707,33.18
2708,37.36
2709,39.51
2710,42.24
2711,43.95
2712,47.25
2713,49.93
2714,33.86
2715,38.49
2716,38.9
2717,41.67
2718,43.11
2719,47.66
2720,49.62
2721,33.66
2722,38.68
2723,39.32
2724,40.63
2725,43.85
2726,48.41
2727,49.24
2728,31.84
2729,38.99
2730,39.49
2731,44.19
2732,48.78
2733,52.12
2734,53.38
2735,37.84
2736,43.95
2737,44.01
2738,46.67
2739,48.94
2740,54.75
2741,54.76
2742,36.39
2743,42.45
2744,43.84
2745,45.68
2746,47.4
2747,52.9
2748,54.79
2749,36.21
2750,42.72
2751,44.34
2752,47.04
2753,49.56
2754,53.6
2755,56.39
2756,36.37
2757,43.13
2758,41.72
2759,53.42
2760,58.14
2761,60.21
2762,64.17
2763,43.44
2764,53.34
2765,54.39
2766,56.14
2767,60.33
2768,61.53
2769,65.21
2770,45.94
2771,51.18
2772,53.08
2773,53.87
2774,59.15
2775,60.95
2776,67.17
2777,45.59
2778,51.9
2779,51.13
2780,53.99
2781,58.03
2782,63.02
2783,68.97
2784,46.12
2785,50.71
2786,52.08
2787,55.55
2788,56.93
2789,64.59
2790,24.77
2791,28.74
2792,29.3
2793,30.92
2794,34.37
2795,35.43
2796,37.32
2797,24.49
2798,28.73
2799,28.6
2800,31.65
2801,32.65
2802,34.83
2803,38.53
2804,24.17
2805,29.32
2806,28.34
2807,30.6
2808,32.83
2809,36.16
2810,38.48
2811,23.96
2812,29.31
2813,28.4
2814,30.18
2815,32.74
2816,35.74
2817,39.15
2818,25.33
2819,28.02
2820,29.75
2821,34.75
2822,37.54
2823,40.19
2824,42.94
2825,26.86
2826,31.76
2827,33.03
2828,35.46
2829,37.43
2830,41.62
2831,42.36
2832,29.07
2833,32.03
2834,32.13
2835,34.12
2836,38.27
2837,40.02
2838,43.47
2839,27.42
2840,33.5
2841,33.32
2842,35.05
2843,37.46
2844,38.82
2845,42.38
2846,28.07
2847,32.76
2848,32.07
2849,41.57
2850,44.42
2851,46.19
2852,50.28
2853,32.99
2854,37.18
2855,38.0
2856,41.95
2857,43.88
2858,46.41
2859,49.76
2860,32.5
2861,38.75
2862,38.36
2863,42.24
2864,45.42
2865,48.36
2866,50.71
2867,33.67
2868,38.22
2869,38.06
2870,41.59
2871,42.65
2872,47.81
2873,49.93
2874,33.61
2875,38.75
2876,39.12
2877,41.53
2878,44.09
2879,49.52
2880,39.7
2881,47.42
2882,47.32
2883,49.42
2884,54.22
2885,58.03
2886,61.68
2887,40.25
2888,48.2
2889,48.02
2890,50.62
2891,53.15
2892,56.9
2893,62.13
2894,40.9
2895,46.98
2896,44.45
2897,49.74
2898,51.62
2899,57.07
2900,64.08
2901,39.82
2902,46.89
2903,46.56
2904,50.12
2905,51.86
2906,57.49
2907,59.73
2908,37.96
2909,44.88
2910,46.1
2911,54.5
2912,58.91
2913,62.35
2914,66.42
2915,43.3
2916,51.21
2917,51.83
2918,54.5
2919,57.94
2920,61.73
2921,65.16
2922,43.92
2923,51.07
2924,51.8
2925,56.12
2926,59.47
2927,62.52
2928,63.75
2929,43.52
2930,50.59
2931,50.66
2932,56.9
2933,57.01
2934,60.67
2935,66.21
2936,44.46
2937,49.29
2938,51.22
2939,67.55
2940,70.28
2941,75.46
2942,79.47
2943,49.39
2944,61.34
2945,61.58
2946,66.84
2947,68.17
2948,74.81
2949,80.1
2950,49.82
2951,60.25
2952,59.94
2953,63.55
2954,68.61
2955,73.47
2956,80.64
2957,50.76
2958,62.4
2959,61.95
2960,64.57
2961,67.07
2962,74.54
2963,80.42
2964,51.49
2965,59.2
2966,61.94
2967,64.46
2968,69.94
2969,73.83
2970,14.49
2971,17.09
2972,17.15
2973,18.07
2974,19.35
2975,20.7
2976,21.79
2977,14.37
2978,16.9
2979,17.51
2980,18.37
2981,19.84
2982,20.76
2983,22.16
2984,14.15
2985,17.84
2986,17.04
2987,17.47
2988,19.89
2989,20.84
2990,21.62
2991,14.7
2992,16.64
2993,17.47
2994,17.38
2995,19.19
2996,20.69
2997,21.16
2998,14.1
2999,16.64
3000,17.21
3001,19.9
3002,23.68
3003,24.38
3004,23.54
3005,15.76
3006,18.45
3007,18.99
3008,19.7
3009,22.02
3010,22.4
3011,23.54
3012,15.39
3013,18.72
3014,18.28
3015,19.92
3016,21.67
3017,21.77
3018,24.8
3019,15.45
3020,18.15
3021,19.1
3022,19.99
3023,21.32
3024,22.15
3025,24.92
3026,14.72
3027,19.88
3028,19.08
3029,23.77
3030,26.46
3031,27.63
3032,30.16
3033,18.55
3034,23.36
3035,22.37
3036,23.98
3037,25.35
3038,26.89
3039,28.45
3040,18.57
3041,22.61
3042,22.82
3043,23.83
3044,24.72
3045,27.72
3046,28.65
3047,18.48
3048,21.57
3049,22.59
3050,24.14
3051,24.48
3052,28.16
3053,29.7
3054,18.27
3055,22.7
3056,22.49
3057,24.45
3058,25.1
3059,28.55
3060,37.14
3061,41.8
3062,42.17
3063,47.58
3064,50.28
3065,52.51
3066,54.41
3067,37.13
3068,44.05
3069,43.48
3070,45.63
3071,50.88
3072,54.7
3073,54.74
3074,37.45
3075,43.54
3076,44.71
3077,45.68
3078,48.05
3079,55.0
3080,52.89
3081,37.06
3082,43.21
3083,43.79
3084,47.43
3085,51.46
3086,53.24
3087,54.01
3088,35.67
3089,41.44
3090,44.03
3091,50.48
3092,54.83
3093,58.42
3094,62.98
3095,41.98
3096,48.07
3097,48.71
3098,49.46
3099,54.53
3100,59.3
3101,62.99
3102,42.81
3103,48.7
3104,48.66
3105,51.6
3106,56.02
3107,61.22
3108,62.86
3109,43.19
3110,48.35
3111,46.72
3112,50.19
3113,56.78
3114,60.06
3115,66.64
3116,43.45
3117,48.51
3118,49.55
3119,62.49
3120,68.43
3121,72.6
3122,76.04
3123,50.21
3124,55.85
3125,56.19
3126,63.34
3127,68.04
3128,69.89
3129,75.08
3130,50.1
3131,56.49
3132,58.34
3133,62.05
3134,66.01
3135,71.72
3136,72.08
3137,47.94
3138,55.67
3139,56.57
3140,61.66
3141,66.59
3142,72.98
3143,74.61
3144,50.06
3145,55.42
3146,56.94
3147,62.92
3148,66.64
3149,71.22
3150,44.84
3151,51.82
3152,52.3
3153,54.53
3154,58.42
3155,64.06
3156,67.31
3157,45.48
3158,51.64
3159,52.29
3160,54.27
3161,57.02
3162,63.26
3163,67.98
3164,42.59
3165,51.99
3166,51.75
3167,54.26
3168,56.18
3169,64.99
3170,67.25
3171,42.69
3172,50.8
3173,51.04
3174,55.13
3175,56.67
3176,64.04
3177,66.65
3178,42.9
3179,49.99
3180,48.35
3181,60.52
3182,65.35
3183,73.56
3184,74.3
3185,47.58
3186,55.2
3187,54.42
3188,61.13
3189,64.53
3190,71.43
3191,72.81
3192,48.25
3193,53.97
3194,55.15
3195,61.19
3196,64.69
3197,70.44
3198,71.69
3199,46.71
3200,54.39
3201,55.18
3202,60.27
3203,66.02
3204,69.64
3205,72.13
3206,48.03
3207,54.55
3208,54.26
3209,70.84
3210,77.63
3211,78.63
3212,82.56
3213,55.71
3214,68.27
3215,66.85
3216,74.07
3217,77.55
3218,79.92
3219,87.25
3220,58.13
3221,69.16
3222,65.13
3223,69.99
3224,75.95
3225,80.17
3226,87.77
3227,60.68
3228,66.15
3229,69.12
3230,71.33
3231,76.89
3232,83.96
3233,88.49
3234,63.77
3235,66.05
3236,69.08
3237,73.04
3238,76.26
3239,84.07
3240,16.41
3241,19.54
3242,19.79
3243,21.12
3244,22.6
3245,22.53
3246,25.66
3247,16.37
3248,19.21
3249,19.83
3250,21.24
3251,21.9
3252,22.91
3253,25.84
3254,16.46
3255,19.16
3256,19.79
3257,21.59
3258,23.24
3259,23.24
3260,25.39
3261,16.22
3262,19.26
3263,19.19
3264,20.69
3265,21.96
3266,22.21
3267,24.45
3268,16.73
3269,18.79
3270,18.98
3271,22.39
3272,23.54
3273,25.47
3274,26.8
3275,18.09
3276,20.59
3277,20.66
3278,22.61
3279,24.27
3280,26.46
3281,26.26
3282,18.49
3283,20.7
3284,21.01
3285,22.46
3286,24.17
3287,26.4
3288,27.78
3289,18.35
3290,21.22
3291,21.05
3292,22.83
3293,23.61
3294,26.24
3295,27.85
3296,18.42
3297,20.92
3298,20.74
3299,26.72
3300,29.83
3301,31.37
3302,34.73
3303,22.35
3304,25.74
3305,25.27
3306,26.66
3307,28.47
3308,31.57
3309,34.62
3310,21.55
3311,25.15
3312,25.66
3313,27.37
3314,28.2
3315,30.77
3316,32.75
3317,20.49
3318,25.21
3319,24.27
3320,26.19
3321,27.83
3322,31.03
3323,32.41
3324,21.64
3325,25.23
3326,26.51
3327,27.37
3328,28.47
3329,31.44
3330,47.11
3331,54.42
3332,53.11
3333,57.24
3334,60.25
3335,64.18
3336,66.76
3337,45.7
3338,52.27
3339,53.73
3340,58.43
3341,64.46
3342,69.67
3343,70.31
3344,47.67
3345,54.36
3346,53.31
3347,58.91
3348,61.0
3349,66.49
3350,66.93
3351,46.44
3352,54.22
3353,54.58
3354,57.74
3355,62.53
3356,64.71
3357,69.08
3358,46.04
3359,54.88
3360,54.32
3361,62.19
3362,66.93
3363,72.12
3364,80.02
3365,53.27
3366,60.39
3367,59.62
3368,63.39
3369,69.5
3370,77.12
3371,80.63
3372,51.61
3373,58.15
3374,60.39
3375,63.18
3376,69.87
3377,76.63
3378,77.71
3379,51.75
3380,61.13
3381,60.81
3382,62.68
3383,68.37
3384,73.46
3385,78.65
3386,51.92
3387,59.38
3388,63.27
3389,75.85
3390,82.63
3391,85.97
3392,87.89
3393,61.2
3394,71.2
3395,74.51
3396,75.39
3397,81.34
3398,88.6
3399,87.31
3400,59.83
3401,69.87
3402,72.88
3403,77.6
3404,81.08
3405,84.22
3406,91.18
3407,60.22
3408,71.85
3409,70.72
3410,73.65
3411,79.61
3412,81.52
3413,89.64
3414,60.98
3415,73.26
3416,70.37
3417,76.22
3418,79.29
3419,79.12
3420,25.1
3421,28.89
3422,30.31
3423,31.19
3424,32.76
3425,35.49
3426,38.06
3427,25.03
3428,29.63
3429,28.56
3430,31.39
3431,33.8
3432,35.91
3433,37.77
3434,24.85
3435,27.53
3436,29.62
3437,32.95
3438,34.61
3439,36.58
3440,39.51
3441,24.14
3442,29.81
3443,29.37
3444,32.4
3445,33.16
3446,37.89
3447,39.23
3448,25.02
3449,27.9
3450,29.63
3451,34.58
3452,36.1
3453,39.84
3454,41.51
3455,27.13
3456,31.96
3457,31.35
3458,35.13
3459,37.22
3460,38.42
3461,41.02
3462,27.19
3463,31.51
3464,32.05
3465,34.92
3466,38.03
3467,37.76
3468,38.4
3469,27.86
3470,30.88
3471,31.57
3472,34.43
3473,37.44
3474,37.05
3475,38.87
3476,28.03
3477,32.86
3478,31.73
3479,41.56
3480,44.59
3481,46.69
3482,47.84
3483,33.0
3484,38.37
3485,38.4
3486,40.18
3487,44.44
3488,47.85
3489,48.72
3490,34.12
3491,38.37
3492,39.76
3493,40.78
3494,44.87
3495,48.08
3496,50.05
3497,34.19
3498,38.52
3499,39.03
3500,41.24
3501,44.29
3502,48.92
3503,52.57
3504,33.8
3505,38.34
3506,38.46
3507,41.17
3508,44.28
3509,48.82
3510,17.31
3511,19.08
3512,19.64
3513,22.2
3514,22.2
3515,23.23
3516,25.86
3517,17.27
3518,19.01
3519,19.36
3520,20.6
3521,22.81
3522,23.9
3523,25.89
3524,16.92
3525,18.83
3526,19.95
3527,21.51
3528,21.22
3529,23.84
3530,25.47
3531,16.55
3532,19.5
3533,19.64
3534,20.86
3535,22.14
3536,23.61
3537,25.7
3538,16.1
3539,18.79
3540,19.21
3541,22.93
3542,24.56
3543,26.2
3544,29.34
3545,18.52
3546,21.13
3547,20.89
3548,22.33
3549,25.09
3550,27.15
3551,29.11
3552,19.17
3553,21.14
3554,22.61
3555,23.22
3556,24.87
3557,26.04
3558,27.63
3559,18.18
3560,21.44
3561,21.7
3562,23.46
3563,24.42
3564,27.06
3565,28.23
3566,17.95
3567,21.13
3568,21.08
3569,28.11
3570,28.12
3571,31.06
3572,33.48
3573,21.69
3574,25.16
3575,25.9
3576,28.11
3577,28.37
3578,32.52
3579,34.23
3580,22.82
3581,25.73
3582,24.39
3583,28.18
3584,28.51
3585,33.17
3586,33.93
3587,21.64
3588,25.6
3589,25.67
3590,27.71
3591,29.08
3592,31.81
3593,33.88
3594,21.98
3595,25.09
3596,25.41
3597,27.82
3598,29.45
3599,31.61
3600,13.56
3601,14.68
3602,15.29
3603,15.3
3604,16.82
3605,18.0
3606,18.64
3607,13.45
3608,14.37
3609,15.0
3610,15.82
3611,16.59
3612,18.03
3613,19.61
3614,13.23
3615,13.89
3616,14.93
3617,15.94
3618,16.57
3619,17.79
3620,18.98
3621,12.84
3622,14.42
3623,14.67
3624,15.38
3625,16.0
3626,17.62
3627,18.58
3628,12.88
3629,14.42
3630,13.92
3631,16.82
3632,17.16
3633,19.71
3634,21.14
3635,13.33
3636,15.72
3637,15.19
3638,16.66
3639,18.03
3640,19.68
3641,22.14
3642,13.6
3643,15.97
3644,16.51
3645,16.18
3646,18.3
3647,20.21
3648,20.05
3649,13.41
3650,15.81
3651,16.11
3652,17.17
3653,18.26
3654,20.8
3655,19.31
3656,13.81
3657,16.27
3658,16.53
3659,20.6
3660,22.05
3661,23.6
3662,23.89
3663,16.68
3664,19.82
3665,19.49
3666,20.54
3667,21.51
3668,23.39
3669,23.08
3670,15.98
3671,19.15
3672,19.9
3673,21.08
3674,22.46
3675,24.14
3676,24.88
3677,15.15
3678,19.5
3679,19.63
3680,20.89
3681,21.98
3682,22.99
3683,23.7
3684,15.62
3685,19.13
3686,19.78
3687,20.9
3688,21.73
3689,23.7
3690,21.19
3691,24.01
3692,24.71
3693,26.24
3694,28.8
3695,30.11
3696,31.72
3697,20.39
3698,24.94
3699,24.4
3700,25.98
3701,26.71
3702,29.68
3703,31.56
3704,20.33
3705,24.32
3706,23.12
3707,26.57
3708,26.89
3709,28.81
3710,30.96
3711,19.94
3712,24.02
3713,24.23
3714,26.06
3715,27.7
3716,29.87
3717,31.5
3718,20.83
3719,23.07
3720,25.52
3721,27.56
3722,30.04
3723,33.03
3724,33.35
3725,23.09
3726,26.76
3727,27.45
3728,29.29
3729,31.17
3730,33.2
3731,33.43
3732,23.49
3733,26.99
3734,26.99
3735,29.17
3736,31.22
3737,32.63
3738,34.76
3739,23.57
3740,26.51
3741,27.81
3742,28.73
3743,30.34
3744,32.83
3745,34.66
3746,23.7
3747,26.11
3748,27.03
3749,34.05
3750,37.52
3751,39.45
3752,42.67
3753,27.12
3754,31.95
3755,32.34
3756,34.14
3757,36.73
3758,38.25
3759,40.21
3760,29.38
3761,31.28
3762,33.25
3763,35.74
3764,36.26
3765,38.93
3766,39.99
3767,27.73
3768,30.77
3769,31.92
3770,33.43
3771,35.73
3772,38.25
3773,39.6
3774,27.25
3775,31.24
3776,31.47
3777,34.37
3778,36.26
3779,38.89
3780,28.67
3781,34.03
3782,33.48
3783,36.75
3784,40.37
3785,42.6
3786,44.4
3787,27.97
3788,33.61
3789,34.1
3790,36.82
3791,39.49
3792,42.0
3793,45.12
3794,28.92
3795,33.57
3796,34.41
3797,36.3
3798,39.18
3799,41.45
3800,41.48
3801,28.79
3802,32.88
3803,33.39
3804,35.66
3805,37.08
3806,40.57
3807,45.13
3808,28.76
3809,33.74
3810,34.97
3811,39.85
3812,44.02
3813,44.92
3814,48.95
3815,32.29
3816,37.57
3817,37.55
3818,38.85
3819,43.73
3820,46.93
3821,48.98
3822,31.23
3823,37.67
3824,37.99
3825,40.56
3826,44.73
3827,44.54
3828,48.33
3829,32.59
3830,37.14
3831,37.76
3832,40.81
3833,44.52
3834,44.35
3835,49.07
3836,32.64
3837,36.98
3838,37.26
3839,47.71
3840,51.28
3841,50.89
3842,57.56
3843,38.35
3844,43.85
3845,43.64
3846,47.91
3847,51.45
3848,53.42
3849,57.95
3850,38.28
3851,45.15
3852,44.93
3853,47.51
3854,49.69
3855,52.92
3856,57.22
3857,37.45
3858,43.88
3859,44.44
3860,48.42
3861,51.13
3862,54.76
3863,59.53
3864,37.47
3865,45.5
3866,45.41
3867,47.19
3868,50.91
3869,55.82
3870,17.05
3871,19.11
3872,18.72
3873,21.14
3874,21.53
3875,23.91
3876,27.37
3877,17.34
3878,19.37
3879,19.4
3880,21.16
3881,23.0
3882,24.24
3883,25.33
3884,16.7
3885,19.28
3886,19.2
3887,20.91
3888,22.43
3889,24.53
3890,24.75
3891,16.51
3892,18.84
3893,18.9
3894,21.32
3895,22.01
3896,24.51
3897,24.61
3898,16.26
3899,19.15
3900,19.1
3901,22.82
3902,24.41
3903,26.44
3904,27.47
3905,17.61
3906,20.61
3907,21.39
3908,23.43
3909,24.6
3910,26.09
3911,28.2
3912,18.17
3913,20.75
3914,21.21
3915,23.35
3916,24.62
3917,25.92
3918,28.53
3919,18.73
3920,20.84
3921,21.68
3922,23.93
3923,24.87
3924,26.76
3925,28.15
3926,18.58
3927,20.77
3928,22.06
3929,28.03
3930,30.0
3931,33.82
3932,34.67
3933,23.77
3934,27.45
3935,27.33
3936,27.9
3937,28.01
3938,33.03
3939,32.55
3940,22.99
3941,25.9
3942,26.45
3943,27.75
3944,30.16
3945,32.65
3946,33.65
3947,22.74
3948,25.82
3949,26.45
3950,29.11
3951,30.24
3952,33.19
3953,34.11
3954,23.23
3955,25.67
3956,26.55
3957,29.2
3958,30.16
3959,32.27
3960,46.18
3961,52.75
3962,50.75
3963,56.27
3964,63.6
3965,63.61
3966,69.99
3967,45.98
3968,52.48
3969,51.35
3970,56.88
3971,60.34
3972,63.87
3973,67.81
3974,46.42
3975,52.25
3976,53.97
3977,55.39
3978,59.51
3979,63.72
3980,68.45
3981,45.64
3982,52.08
3983,53.82
3984,55.48
3985,60.67
3986,66.18
3987,69.48
3988,46.15
3989,51.9
3990,52.7
3991,62.55
3992,68.67
3993,71.9
3994,78.72
3995,49.78
3996,59.71
3997,57.61
3998,60.74
3999,67.21
4000,72.53
4001,76.77
4002,49.54
4003,59.03
4004,57.77
4005,63.81
4006,67.52
4007,70.67
4008,75.94
4009,50.5
4010,59.89
4011,58.69
4012,61.74
4013,66.04
4014,73.12
4015,78.48
4016,52.27
4017,60.58
4018,57.92
4019,75.2
4020,80.73
4021,86.6
4022,89.13
4023,59.96
4024,73.52
4025,71.25
4026,76.76
4027,82.24
4028,84.93
4029,87.07
4030,59.46
4031,70.39
4032,70.94
4033,77.8
4034,79.51
4035,84.56
4036,90.14
4037,58.67
4038,71.94
4039,71.28
4040,73.57
4041,77.42
4042,82.38
4043,87.58
4044,57.24
4045,69.47
4046,72.53
4047,73.6
4048,78.58
4049,83.81
4050,32.66
4051,38.24
4052,38.34
4053,43.5
4054,44.05
4055,47.2
4056,50.0
4057,33.91
4058,38.65
4059,38.97
4060,42.7
4061,43.94
4062,48.23
4063,50.85
4064,32.51
4065,39.23
4066,39.33
4067,42.17
4068,43.53
4069,46.38
4070,49.37
4071,31.8
4072,38.51
4073,39.46
4074,41.61
4075,43.77
4076,47.31
4077,50.03
4078,32.73
4079,39.41
4080,40.13
4081,45.15
4082,48.09
4083,53.06
4084,53.92
4085,36.96
4086,43.08
4087,42.82
4088,45.99
4089,49.48
4090,51.85
4091,53.71
4092,37.47
4093,42.2
4094,41.35
4095,45.44
4096,49.52
4097,51.48
4098,56.36
4099,36.13
4100,42.77
4101,42.23
4102,45.35
4103,47.9
4104,51.64
4105,55.17
4106,36.69
4107,42.31
4108,43.78
4109,53.02
4110,58.4
4111,61.71
4112,67.29
4113,44.37
4114,51.71
4115,51.5
4116,54.38
4117,58.8
4118,61.59
4119,66.15
4120,45.77
4121,50.51
4122,51.82
4123,54.19
4124,57.58
4125,61.85
4126,66.41
4127,44.73
4128,52.14
4129,50.74
4130,53.7
4131,57.48
4132,61.96
4133,69.38
4134,44.85
4135,51.51
4136,49.96
4137,52.64
4138,58.38
4139,63.36
4140,13.67
4141,14.49
4142,14.7
4143,16.02
4144,16.55
4145,17.71
4146,18.43
4147,12.39
4148,15.23
4149,14.54
4150,15.27
4151,16.23
4152,17.66
4153,18.18
4154,12.1
4155,13.77
4156,14.48
4157,15.85
4158,15.46
4159,18.21
4160,18.21
4161,12.48
4162,14.59
4163,14.88
4164,15.58
4165,16.05
4166,17.65
4167,18.97
4168,11.95
4169,14.42
4170,15.74
4171,16.89
4172,18.16
4173,19.53
4174,21.21
4175,13.49
4176,16.14
4177,16.67
4178,17.16
4179,18.21
4180,20.12
4181,20.99
4182,13.71
4183,16.34
4184,16.23
4185,17.2
4186,18.49
4187,19.54
4188,21.11
4189,13.44
4190,15.98
4191,15.71
4192,17.13
4193,19.17
4194,19.28
4195,21.21
4196,13.53
4197,15.94
4198,15.5
4199,20.38
4200,22.09
4201,23.75
4202,24.91
4203,16.12
4204,19.62
4205,19.9
4206,20.24
4207,21.51
4208,22.28
4209,23.96
4210,15.42
4211,19.11
4212,19.3
4213,21.43
4214,21.24
4215,21.76
4216,24.79
4217,16.04
4218,19.48
4219,19.79
4220,20.32
4221,20.84
4222,22.68
4223,25.51
4224,16.06
4225,19.44
4226,19.48
4227,21.04
4228,21.61
4229,23.32
4230,28.35
4231,35.1
4232,33.91
4233,35.94
4234,37.68
4235,42.75
4236,44.61
4237,28.99
4238,34.93
4239,33.37
4240,36.58
4241,39.05
4242,40.69
4243,43.88
4244,29.37
4245,34.4
4246,33.69
4247,37.73
4248,39.57
4249,42.44
4250,44.29
4251,28.61
4252,32.7
4253,34.47
4254,35.08
4255,38.55
4256,42.46
4257,43.03
4258,28.42
4259,34.37
4260,36.59
4261,40.64
4262,43.05
4263,46.21
4264,50.08
4265,31.9
4266,39.04
4267,38.19
4268,40.78
4269,43.69
4270,47.16
4271,49.87
4272,31.93
4273,37.84
4274,37.94
4275,40.72
4276,42.91
4277,45.61
4278,51.76
4279,31.79
4280,38.68
4281,38.12
4282,41.32
4283,42.63
4284,46.45
4285,51.03
4286,32.32
4287,38.64
4288,36.37
4289,47.96
4290,51.53
4291,53.19
4292,57.32
4293,37.53
4294,45.0
4295,44.06
4296,49.14
4297,52.91
4298,55.72
4299,56.59
4300,38.09
4301,45.57
4302,44.83
4303,47.53
4304,50.22
4305,54.59
4306,58.46
4307,38.43
4308,45.06
4309,45.92
4310,48.18
4311,52.8
4312,55.95
4313,61.12
4314,39.81
4315,44.86
4316,44.96
4317,47.64
4318,52.01
4319,57.3
4320,17.95
4321,19.92
4322,20.19
4323,21.42
4324,22.58
4325,23.86
4326,25.54
4327,18.18
4328,19.57
4329,18.8
4330,20.53
4331,22.55
4332,23.1
4333,24.95
4334,16.3
4335,18.96
4336,19.64
4337,20.21
4338,21.65
4339,23.22
4340,25.38
4341,17.58
4342,20.03
4343,19.42
4344,20.87
4345,22.06
4346,23.45
4347,24.97
4348,16.37
4349,19.35
4350,19.54
4351,22.72
4352,23.13
4353,25.85
4354,27.78
4355,18.2
4356,20.64
4357,21.64
4358,22.54
4359,24.61
4360,25.36
4361,28.37
4362,18.45
4363,21.26
4364,21.74
4365,22.79
4366,25.09
4367,26.75
4368,28.76
4369,18.21
4370,21.76
4371,20.5
4372,22.97
4373,24.18
4374,25.83
4375,27.93
4376,18.32
4377,20.79
4378,21.27
4379,27.83
4380,29.28
4381,30.25
4382,33.45
4383,22.85
4384,25.73
4385,24.82
4386,28.43
4387,29.23
4388,32.54
4389,33.11
4390,21.76
4391,25.07
4392,25.23
4393,28.81
4394,29.77
4395,31.06
4396,33.27
4397,21.06
4398,24.85
4399,24.95
4400,27.49
4401,29.19
4402,31.18
4403,32.09
4404,23.05
4405,25.56
4406,25.42
4407,27.4
4408,29.1
4409,31.55
4410,36.5
4411,41.7
4412,43.6
4413,46.83
4414,51.18
4415,53.43
4416,54.87
4417,38.57
4418,43.01
4419,43.15
4420,46.68
4421,48.91
4422,54.34
4423,55.48
4424,36.86
4425,42.29
4426,43.06
4427,46.74
4428,50.24
4429,54.34
4430,55.3
4431,35.62
4432,41.89
4433,42.51
4434,45.21
4435,50.47
4436,55.02
4437,55.38
4438,35.66
4439,43.96
4440,43.81
4441,51.97
4442,56.88
4443,58.38
4444,60.65
4445,40.42
4446,49.01
4447,49.01
4448,52.75
4449,56.12
4450,56.59
4451,62.33
4452,42.52
4453,48.01
4454,49.01
4455,51.04
4456,54.75
4457,58.2
4458,63.19
4459,40.55
4460,46.71
4461,47.61
4462,52.72
4463,52.24
4464,59.38
4465,62.33
4466,41.1
4467,49.1
4468,46.03
4469,60.77
4470,66.5
4471,72.71
4472,75.71
4473,47.97
4474,57.62
4475,55.77
4476,60.24
4477,66.15
4478,70.13
4479,74.09
4480,48.9
4481,55.37
4482,55.7
4483,62.56
4484,66.3
4485,70.63
4486,75.34
4487,49.28
4488,57.87
4489,57.47
4490,64.49
4491,66.03
4492,68.86
4493,72.96
4494,48.45
4495,59.43
4496,59.35
4497,64.53
4498,66.61
4499,70.96
4500,18.87
4501,19.87
4502,20.3
4503,21.24
4504,22.91
4505,24.64
4506,26.31
4507,18.12
4508,20.06
4509,20.23
4510,21.51
4511,23.69
4512,24.91
4513,26.81
4514,17.11
4515,19.88
4516,19.96
4517,22.36
4518,24.33
4519,25.17
4520,25.94
4521,17.46
4522,20.45
4523,19.89
4524,22.43
4525,23.36
4526,24.03
4527,25.59
4528,16.99
4529,19.84
4530,20.99
4531,24.29
4532,26.25
4533,26.47
4534,29.16
4535,18.9
4536,22.52
4537,22.78
4538,24.79
4539,26.29
4540,27.72
4541,30.01
4542,18.57
4543,22.25
4544,22.01
4545,24.46
4546,25.67
4547,26.84
4548,29.58
4549,19.17
4550,22.95
4551,21.53
4552,24.24
4553,25.83
4554,28.65
4555,30.01
4556,19.73
4557,22.64
4558,21.83
4559,28.01
4560,31.51
4561,32.77
4562,36.75
4563,23.9
4564,26.64
4565,25.21
4566,28.23
4567,29.95
4568,32.92
4569,34.1
4570,23.39
4571,27.0
4572,26.65
4573,28.63
4574,30.26
4575,32.71
4576,34.82
4577,23.11
4578,26.89
4579,26.11
4580,29.37
4581,30.74
4582,32.58
4583,35.23
4584,22.1
4585,26.76
4586,25.84
4587,27.58
4588,30.3
4589,32.69
4590,46.08
4591,55.41
4592,54.33
4593,60.71
4594,59.16
4595,64.26
4596,70.7
4597,46.8
4598,54.62
4599,54.46
4600,58.56
4601,60.99
4602,65.68
4603,72.26
4604,47.0
4605,54.9
4606,53.59
4607,59.43
4608,62.48
4609,65.6
4610,71.79
4611,46.49
4612,54.1
4613,55.3
4614,57.79
4615,61.83
4616,63.05
4617,69.15
4618,46.78
4619,53.24
4620,55.43
4621,64.21
4622,69.06
4623,72.44
4624,78.16
4625,50.94
4626,60.45
4627,59.56
4628,66.06
4629,69.3
4630,73.48
4631,80.21
4632,51.13
4633,59.78
4634,59.91
4635,65.06
4636,69.43
4637,75.7
4638,81.31
4639,51.39
4640,59.92
4641,59.33
4642,64.58
4643,71.11
4644,74.63
4645,81.28
4646,52.3
4647,60.92
4648,58.05
4649,80.61
4650,82.39
4651,88.04
4652,94.81
4653,61.11
4654,71.56
4655,75.31
4656,80.78
4657,80.01
4658,86.69
4659,93.92
4660,63.04
4661,72.29
4662,76.05
4663,79.13
4664,81.03
4665,85.45
4666,91.29
4667,62.61
4668,72.19
4669,73.52
4670,77.63
4671,80.35
4672,87.61
4673,92.16
4674,61.54
4675,71.66
4676,72.72
4677,79.81
4678,81.35
4679,87.79
4680,29.86
4681,33.4
4682,33.23
4683,36.9
4684,40.09
4685,44.18
4686,42.31
4687,30.3
4688,33.26
4689,33.58
4690,36.8
4691,39.3
4692,42.48
4693,43.31
4694,28.97
4695,33.01
4696,33.29
4697,36.17
4698,38.3
4699,42.74
4700,45.25
4701,30.54
4702,34.47
4703,35.44
4704,36.88
4705,39.85
4706,42.04
4707,44.99
4708,30.33
4709,34.84
4710,35.32
4711,41.91
4712,44.56
4713,46.93
4714,48.86
4715,33.37
4716,37.01
4717,39.03
4718,41.66
4719,43.92
4720,47.93
4721,48.64
4722,32.74
4723,37.57
4724,40.25
4725,40.71
4726,43.65
4727,47.83
4728,50.02
4729,32.72
4730,38.37
4731,39.19
4732,40.67
4733,43.4
4734,46.61
4735,50.72
4736,33.44
4737,39.0
4738,37.94
4739,49.31
4740,52.49
4741,55.21
4742,59.6
4743,39.51
4744,45.59
4745,46.46
4746,49.08
4747,52.73
4748,55.15
4749,61.3
4750,38.94
4751,44.42
4752,45.99
4753,48.41
4754,51.85
4755,57.56
4756,61.99
4757,40.36
4758,46.07
4759,46.06
4760,49.25
4761,52.88
4762,58.13
4763,60.3
4764,39.38
4765,46.25
4766,46.44
4767,48.69
4768,52.83
4769,56.68
4770,18.49
4771,20.66
4772,19.59
4773,21.37
4774,23.26
4775,24.84
4776,26.77
4777,18.15
4778,20.47
4779,20.78
4780,21.86
4781,24.27
4782,24.74
4783,26.57
4784,17.48
4785,20.57
4786,20.36
4787,21.61
4788,24.09
4789,25.13
4790,25.22
4791,18.32
4792,20.43
4793,20.5
4794,22.19
4795,22.89
4796,25.44
4797,25.25
4798,16.95
4799,20.43
4800,20.05
4801,24.25
4802,25.36
4803,27.19
4804,29.19
4805,19.74
4806,21.57
4807,21.57
4808,23.94
4809,25.5
4810,27.31
4811,28.41
4812,20.16
4813,22.61
4814,22.37
4815,23.72
4816,26.08
4817,27.92
4818,29.93
4819,20.34
4820,22.79
4821,22.52
4822,23.45
4823,25.29
4824,27.87
4825,28.25
4826,20.13
4827,22.73
4828,21.94
4829,28.39
4830,30.44
4831,33.61
4832,34.53
4833,23.68
4834,27.58
4835,26.56
4836,29.23
4837,31.06
4838,31.96
4839,35.06
4840,24.14
4841,27.81
4842,26.9
4843,29.12
4844,30.29
4845,32.61
4846,35.33
4847,23.95
4848,27.24
4849,27.59
4850,27.91
4851,30.73
4852,31.92
4853,35.52
4854,25.14
4855,26.99
4856,26.15
4857,29.27
4858,30.02
4859,32.92
4860,14.72
4861,17.45
4862,17.44
4863,18.32
4864,19.44
4865,21.26
4866,21.25
4867,14.27
4868,16.97
4869,17.65
4870,18.05
4871,19.73
4872,19.78
4873,22.5
4874,14.22
4875,17.52
4876,17.6
4877,18.33
4878,20.03
4879,20.47
4880,22.89
4881,14.31
4882,17.08
4883,17.62
4884,18.12
4885,19.47
4886,20.91
4887,22.95
4888,14.46
4889,17.09
4890,18.02
4891,20.36
4892,21.56
4893,23.14
4894,24.87
4895,15.22
4896,19.16
4897,18.53
4898,19.86
4899,20.87
4900,23.46
4901,24.4
4902,15.46
4903,19.26
4904,19.25
4905,19.62
4906,22.03
4907,23.18
4908,25.59
4909,15.1
4910,18.96
4911,19.06
4912,19.57
4913,21.15
4914,22.62
4915,24.58
4916,15.57
4917,18.43
4918,18.71
4919,22.28
4920,26.13
4921,28.21
4922,30.62
4923,17.91
4924,22.83
4925,22.36
4926,24.7
4927,26.53
4928,28.17
4929,28.79
4930,18.22
4931,22.09
4932,22.39
4933,23.89
4934,26.56
4935,26.7
4936,29.18
4937,18.5
4938,22.88
4939,23.28
4940,24.46
4941,26.32
4942,27.67
4943,29.33
4944,19.12
4945,22.17
4946,22.92
4947,23.98
4948,25.79
4949,27.9
4950,46.75
4951,54.28
4952,54.16
4953,58.71
4954,60.72
4955,68.7
4956,72.1
4957,47.25
4958,55.01
4959,55.34
4960,59.17
4961,61.43
4962,66.74
4963,68.5
4964,45.58
4965,54.15
4966,54.06
4967,59.13
4968,62.48
4969,69.63
4970,72.31
4971,46.44
4972,54.89
4973,53.83
4974,57.37
4975,63.38
4976,69.22
4977,71.38
4978,45.98
4979,53.87
4980,55.73
4981,65.38
4982,70.88
4983,76.4
4984,76.83
4985,50.53
4986,61.98
4987,56.87
4988,64.44
4989,68.86
4990,73.84
4991,78.13
4992,49.77
4993,61.95
4994,58.8
4995,63.03
4996,69.08
4997,74.84
4998,77.52
4999,50.81
5000,62.81
5001,58.97
5002,64.83
5003,70.05
5004,73.89
5005,76.98
5006,51.84
5007,59.65
5008,57.68
5009,76.49
5010,82.04
5011,87.9
5012,92.55
5013,64.12
5014,73.3
5015,71.15
5016,77.91
5017,80.71
5018,87.18
5019,93.15
5020,64.66
5021,75.39
5022,72.48
5023,77.8
5024,83.92
5025,91.24
5026,96.61
5027,65.28
5028,74.08
5029,70.75
5030,77.7
5031,85.15
5032,86.24
5033,94.56
5034,62.1
5035,70.99
5036,72.57
5037,76.54
5038,80.51
5039,87.74
5040,49.1
5041,53.41
5042,56.43
5043,58.56
5044,62.14
5045,68.41
5046,71.99
5047,47.25
5048,53.46
5049,54.29
5050,58.8
5051,61.31
5052,66.6
5053,72.38
5054,47.93
5055,53.67
5056,54.84
5057,57.32
5058,60.93
5059,67.21
5060,72.49
5061,46.12
5062,53.96
5063,53.79
5064,56.91
5065,62.2
5066,68.45
5067,71.92
5068,47.86
5069,54.17
5070,54.85
5071,63.13
5072,69.82
5073,73.42
5074,78.51
5075,49.71
5076,59.57
5077,60.94
5078,64.41
5079,69.32
5080,74.39
5081,77.67
5082,50.79
5083,59.28
5084,63.95
5085,62.18
5086,68.92
5087,76.4
5088,80.75
5089,50.39
5090,58.35
5091,60.8
5092,64.74
5093,67.66
5094,76.37
5095,78.42
5096,52.94
5097,60.62
5098,59.15
5099,76.56
5100,83.54
5101,89.65
5102,91.94
5103,61.34
5104,71.29
5105,71.51
5106,74.36
5107,84.15
5108,88.19
5109,94.47
5110,64.63
5111,73.39
5112,75.27
5113,76.78
5114,84.57
5115,88.26
5116,92.65
5117,62.88
5118,75.26
5119,72.92
5120,76.56
5121,82.88
5122,92.27
5123,96.26
5124,65.18
5125,74.04
5126,73.35
5127,77.19
5128,82.88
5129,88.44
5130,60.82
5131,72.62
5132,71.81
5133,75.27
5134,82.02
5135,89.23
5136,93.78
5137,62.25
5138,72.46
5139,71.73
5140,77.7
5141,81.65
5142,86.94
5143,89.28
5144,60.17
5145,72.26
5146,68.34
5147,76.89
5148,83.36
5149,89.38
5150,92.55
5151,60.68
5152,72.41
5153,72.1
5154,74.93
5155,78.5
5156,82.35
5157,93.91
5158,61.5
5159,73.4
5160,72.41
5161,81.41
5162,89.67
5163,97.01
5164,103.21
5165,69.17
5166,80.37
5167,80.24
5168,84.27
5169,90.78
5170,101.15
5171,102.84
5172,68.99
5173,76.56
5174,79.59
5175,82.2
5176,88.9
5177,96.14
5178,103.64
5179,70.69
5180,79.49
5181,81.86
5182,83.45
5183,93.12
5184,99.08
5185,101.46
5186,68.93
5187,79.36
5188,80.34
5189,98.1
5190,113.23
5191,115.77
5192,115.38
5193,79.14
5194,94.57
5195,100.0
5196,103.75
5197,115.71
5198,114.85
5199,116.49
5200,79.54
5201,96.33
5202,101.59
5203,106.95
5204,112.65
5205,112.16
5206,114.53
5207,83.22
5208,98.07
5209,100.16
5210,104.74
5211,111.31
5212,113.78
5213,122.18
5214,84.47
5215,99.42
5216,101.28
5217,105.81
5218,109.07
5219,117.16
5220,40.41
5221,47.05
5222,48.09
5223,51.15
5224,55.71
5225,60.33
5226,61.43
5227,41.27
5228,48.32
5229,47.57
5230,51.68
5231,54.74
5232,57.63
5233,63.95
5234,41.24
5235,48.25
5236,48.03
5237,52.77
5238,54.44
5239,56.65
5240,62.91
5241,40.96
5242,48.49
5243,46.62
5244,51.43
5245,55.18
5246,56.37
5247,65.66
5248,39.67
5249,47.59
5250,47.38
5251,57.16
5252,62.44
5253,62.0
5254,70.26
5255,45.56
5256,53.66
5257,52.32
5258,56.96
5259,61.14
5260,65.46
5261,72.34
5262,46.05
5263,53.53
5264,53.56
5265,57.09
5266,64.21
5267,64.7
5268,71.4
5269,46.53
5270,53.66
5271,52.25
5272,57.25
5273,58.69
5274,65.11
5275,69.26
5276,45.46
5277,54.64
5278,51.12
5279,67.56
5280,72.55
5281,77.57
5282,82.39
5283,52.83
5284,65.78
5285,60.88
5286,67.38
5287,70.16
5288,78.34
5289,83.89
5290,53.49
5291,65.23
5292,63.57
5293,68.01
5294,73.55
5295,76.16
5296,85.11
5297,54.29
5298,63.84
5299,63.53
5300,69.06
5301,71.24
5302,79.36
5303,87.57
5304,52.63
5305,63.52
5306,62.74
5307,68.74
5308,73.7
5309,79.25
5310,59.52
5311,65.68
5312,67.78
5313,73.48
5314,81.58
5315,86.24
5316,89.85
5317,56.8
5318,69.03
5319,69.68
5320,76.85
5321,79.96
5322,88.1
5323,91.79
5324,56.51
5325,68.11
5326,68.3
5327,75.58
5328,79.21
5329,86.55
5330,89.0
5331,58.6
5332,71.4
5333,70.06
5334,73.48
5335,80.6
5336,85.69
5337,86.55
5338,57.75
5339,70.71
5340,70.85
5341,78.22
5342,86.38
5343,93.75
5344,99.54
5345,69.56
5346,80.51
5347,75.91
5348,80.44
5349,89.52
5350,90.92
5351,96.61
5352,67.02
5353,78.52
5354,76.03
5355,82.87
5356,88.69
5357,93.29
5358,99.24
5359,67.87
5360,77.28
5361,76.32
5362,81.59
5363,83.23
5364,94.42
5365,98.89
5366,67.19
5367,75.93
5368,77.48
5369,99.68
5370,101.81
5371,113.17
5372,114.58
5373,73.67
5374,89.68
5375,91.53
5376,100.49
5377,101.6
5378,109.48
5379,114.97
5380,77.16
5381,93.09
5382,95.96
5383,101.92
5384,101.45
5385,110.54
5386,119.31
5387,79.11
5388,91.01
5389,89.36
5390,95.51
5391,99.87
5392,112.9
5393,114.63
5394,77.19
5395,89.9
5396,90.97
5397,100.39
5398,106.34
5399,114.24
5400,56.52
5401,64.24
5402,66.23
5403,72.4
5404,74.88
5405,81.21
5406,84.12
5407,55.95
5408,67.45
5409,66.98
5410,72.39
5411,74.71
5412,79.28
5413,83.92
5414,55.41
5415,65.91
5416,64.63
5417,70.18
5418,72.19
5419,77.63
5420,83.37
5421,57.06
5422,67.3
5423,61.73
5424,69.35
5425,73.13
5426,77.66
5427,78.56
5428,57.92
5429,64.73
5430,63.34
5431,76.11
5432,79.82
5433,86.72
5434,93.04
5435,64.2
5436,74.38
5437,73.29
5438,80.45
5439,81.91
5440,88.51
5441,92.8
5442,64.93
5443,71.71
5444,73.7
5445,76.37
5446,82.73
5447,88.94
5448,93.69
5449,64.62
5450,74.67
5451,72.5
5452,77.74
5453,82.78
5454,89.78
5455,97.54
5456,62.26
5457,70.57
5458,73.04
5459,93.5
5460,97.78
5461,108.8
5462,117.33
5463,74.13
5464,87.2
5465,88.76
5466,95.01
5467,97.72
5468,106.02
5469,115.53
5470,77.44
5471,88.71
5472,88.22
5473,96.28
5474,100.47
5475,107.52
5476,111.74
5477,75.31
5478,88.61
5479,86.77
5480,94.32
5481,100.5
5482,104.48
5483,113.73
5484,77.47
5485,90.89
5486,87.6
5487,94.28
5488,99.04
5489,103.9
5490,54.06
5491,63.66
5492,66.45
5493,73.94
5494,75.14
5495,84.04
5496,82.34
5497,54.13
5498,63.98
5499,65.39
5500,70.73
5501,74.04
5502,82.84
5503,80.9
5504,55.32
5505,65.57
5506,65.9
5507,68.97
5508,72.0
5509,79.71
5510,81.01
5511,58.4
5512,67.04
5513,65.41
5514,71.1
5515,70.24
5516,77.16
5517,84.23
5518,56.59
5519,68.46
5520,66.1
5521,76.7
5522,80.89
5523,86.07
5524,92.64
5525,59.68
5526,75.85
5527,74.07
5528,78.34
5529,83.51
5530,88.6
5531,95.13
5532,61.26
5533,73.2
5534,71.02
5535,76.24
5536,81.34
5537,86.72
5538,93.4
5539,61.14
5540,70.57
5541,72.28
5542,77.44
5543,82.15
5544,87.85
5545,97.03
5546,63.25
5547,71.51
5548,71.48
5549,91.63
5550,102.0
5551,105.34
5552,109.57
5553,77.95
5554,83.45
5555,88.19
5556,95.15
5557,97.42
5558,106.93
5559,111.44
5560,78.15
5561,84.48
5562,86.76
5563,93.94
5564,95.85
5565,101.81
5566,111.64
5567,74.5
5568,83.89
5569,88.5
5570,94.6
5571,100.14
5572,104.66
5573,110.74
5574,75.58
5575,83.7
5576,83.89
5577,86.39
5578,92.91
5579,103.22
5580,70.78
5581,79.56
5582,81.08
5583,83.96
5584,90.11
5585,94.01
5586,97.31
5587,67.48
5588,75.39
5589,81.9
5590,83.12
5591,88.28
5592,95.34
5593,96.29
5594,67.29
5595,75.18
5596,74.1
5597,79.56
5598,88.18
5599,93.5
5600,93.89
5601,66.23
5602,76.92
5603,77.75
5604,78.88
5605,87.0
5606,90.92
5607,94.6
5608,66.4
5609,75.0
5610,79.09
5611,91.93
5612,98.41
5613,101.85
5614,109.74
5615,75.23
5616,85.66
5617,87.96
5618,89.56
5619,94.18
5620,105.81
5621,110.9
5622,73.15
5623,83.42
5624,88.64
5625,92.3
5626,97.44
5627,105.42
5628,109.6
5629,72.35
5630,86.89
5631,88.75
5632,90.09
5633,97.0
5634,106.42
5635,108.91
5636,70.98
5637,87.97
5638,89.84
5639,109.79
5640,118.14
5641,121.48
5642,123.53
5643,84.0
5644,106.72
5645,103.89
5646,113.12
5647,124.45
5648,130.0
5649,127.54
5650,85.41
5651,105.15
5652,105.13
5653,115.51
5654,121.79
5655,132.94
5656,137.18
5657,90.19
5658,106.89
5659,106.14
5660,116.24
5661,122.94
5662,133.91
5663,141.86
5664,89.2
5665,104.36
5666,107.26
5667,113.7
5668,119.09
5669,131.18
5670,47.79
5671,56.78
5672,56.76
5673,56.91
5674,62.92
5675,68.48
5676,72.22
5677,47.8
5678,54.67
5679,53.58
5680,57.91
5681,65.32
5682,70.23
5683,72.36
5684,47.33
5685,55.39
5686,55.7
5687,57.79
5688,62.86
5689,66.98
5690,71.55
5691,49.47
5692,54.39
5693,54.32
5694,58.43
5695,63.21
5696,67.52
5697,70.27
5698,49.73
5699,55.81
5700,55.85
5701,66.57
5702,69.84
5703,77.35
5704,77.41
5705,54.55
5706,61.06
5707,60.19
5708,66.2
5709,68.12
5710,76.39
5711,78.66
5712,52.28
5713,62.75
5714,60.63
5715,65.04
5716,70.17
5717,77.61
5718,77.7
5719,51.25
5720,63.19
5721,60.66
5722,65.03
5723,70.81
5724,74.84
5725,78.68
5726,52.76
5727,65.06
5728,59.95
5729,79.94
5730,84.83
5731,93.9
5732,95.18
5733,63.02
5734,74.41
5735,73.02
5736,79.92
5737,87.23
5738,92.37
5739,96.25
5740,63.33
5741,74.21
5742,75.07
5743,75.55
5744,85.91
5745,92.77
5746,97.92
5747,63.24
5748,72.57
5749,75.88
5750,81.57
5751,88.81
5752,89.81
5753,92.66
5754,65.16
5755,72.38
5756,73.15
5757,76.29
5758,80.96
5759,87.03
5760,68.66
5761,83.23
5762,81.79
5763,86.21
5764,90.84
5765,106.27
5766,108.51
5767,70.24
5768,81.44
5769,83.53
5770,82.65
5771,93.48
5772,100.31
5773,105.1
5774,71.66
5775,82.53
5776,82.79
5777,85.02
5778,96.24
5779,98.91
5780,105.03
5781,72.61
5782,81.77
5783,79.84
5784,83.22
5785,93.08
5786,94.84
5787,100.73
5788,71.07
5789,80.35
5790,82.2
5791,96.7
5792,99.82
5793,107.03
5794,113.46
5795,78.83
5796,85.91
5797,86.9
5798,95.2
5799,100.08
5800,111.9
5801,118.24
5802,75.97
5803,87.43
5804,89.56
5805,92.36
5806,102.9
5807,110.12
5808,117.4
5809,73.98
5810,88.03
5811,88.24
5812,91.48
5813,102.51
5814,112.96
5815,121.72
5816,76.87
5817,89.57
5818,89.67
5819,110.84
5820,126.49
5821,131.66
5822,139.73
5823,90.89
5824,102.11
5825,106.79
5826,114.16
5827,123.02
5828,131.01
5829,136.15
5830,91.46
5831,104.97
5832,110.09
5833,118.53
5834,125.04
5835,135.41
5836,140.37
5837,90.69
5838,96.54
5839,106.14
5840,110.97
5841,113.92
5842,126.56
5843,135.43
5844,88.32
5845,102.28
5846,107.97
5847,112.04
5848,115.85
5849,134.24
5850,21.23
5851,25.92
5852,24.33
5853,26.44
5854,28.05
5855,29.72
5856,30.94
5857,21.2
5858,24.18
5859,24.21
5860,26.89
5861,27.78
5862,30.66
5863,32.1
5864,20.5
5865,25.26
5866,24.38
5867,25.66
5868,28.25
5869,29.99
5870,32.32
5871,21.33
5872,24.36
5873,25.46
5874,26.52
5875,27.59
5876,29.41
5877,31.59
5878,21.25
5879,24.42
5880,24.48
5881,29.01
5882,29.67
5883,32.37
5884,35.9
5885,23.29
5886,27.23
5887,27.29
5888,28.95
5889,31.39
5890,32.18
5891,35.3
5892,22.45
5893,27.09
5894,27.01
5895,29.71
5896,30.38
5897,32.46
5898,36.1
5899,23.82
5900,27.04
5901,27.19
5902,26.81
5903,30.75
5904,32.6
5905,36.6
5906,24.4
5907,27.74
5908,27.55
5909,33.28
5910,37.22
5911,39.94
5912,42.65
5913,29.15
5914,32.22
5915,31.45
5916,34.94
5917,36.39
5918,38.68
5919,42.42
5920,28.8
5921,32.74
5922,31.22
5923,34.48
5924,36.72
5925,39.06
5926,40.84
5927,28.31
5928,32.06
5929,31.91
5930,33.91
5931,36.28
5932,39.66
5933,41.46
5934,28.17
5935,31.84
5936,31.84
5937,35.18
5938,36.7
5939,38.37
5940,26.55
5941,31.48
5942,29.76
5943,33.0
5944,33.98
5945,37.65
5946,38.99
5947,26.29
5948,31.19
5949,30.7
5950,33.39
5951,34.24
5952,36.98
5953,39.48
5954,26.77
5955,30.26
5956,30.86
5957,32.42
5958,34.38
5959,38.46
5960,38.31
5961,25.94
5962,30.48
5963,31.47
5964,33.15
5965,35.21
5966,38.51
5967,41.05
5968,26.85
5969,31.08
5970,32.09
5971,37.19
5972,38.29
5973,41.81
5974,42.83
5975,28.55
5976,34.5
5977,34.65
5978,38.1
5979,38.77
5980,42.53
5981,42.09
5982,29.43
5983,34.37
5984,33.94
5985,35.82
5986,39.59
5987,42.89
5988,42.36
5989,29.74
5990,34.29
5991,34.51
5992,37.8
5993,41.08
5994,43.8
5995,44.07
5996,30.99
5997,34.56
5998,33.88
5999,44.04
6000,47.37
6001,50.26
6002,52.36
6003,35.92
6004,41.06
6005,40.85
6006,43.26
6007,46.09
6008,51.02
6009,52.73
6010,35.71
6011,39.54
6012,41.06
6013,44.77
6014,46.48
6015,50.65
6016,52.97
6017,34.95
6018,39.63
6019,40.92
6020,45.11
6021,48.43
6022,51.08
6023,53.22
6024,36.58
6025,42.6
6026,41.27
6027,44.41
6028,47.47
6029,50.19
6030,66.26
6031,76.55
6032,78.56
6033,84.31
6034,86.68
6035,92.19
6036,96.07
6037,64.71
6038,74.81
6039,76.0
6040,81.55
6041,85.0
6042,93.59
6043,97.15
6044,63.76
6045,72.55
6046,74.13
6047,79.38
6048,87.37
6049,96.58
6050,99.15
6051,65.63
6052,74.93
6053,74.68
6054,82.45
6055,88.3
6056,96.48
6057,100.97
6058,61.76
6059,77.49
6060,77.26
6061,95.12
6062,103.53
6063,109.86
6064,115.74
6065,75.12
6066,87.75
6067,87.96
6068,96.02
6069,98.27
6070,105.7
6071,115.91
6072,72.52
6073,87.6
6074,87.36
6075,94.6
6076,102.1
6077,111.62
6078,117.68
6079,73.96
6080,87.84
6081,89.04
6082,90.73
6083,99.11
6084,108.32
6085,120.14
6086,72.99
6087,89.53
6088,89.09
6089,108.71
6090,114.56
6091,124.49
6092,139.91
6093,88.85
6094,103.08
6095,102.08
6096,113.61
6097,121.53
6098,119.86
6099,140.83
6100,92.12
6101,105.97
6102,105.35
6103,116.28
6104,117.99
6105,127.71
6106,140.52
6107,93.57
6108,108.4
6109,108.06
6110,116.77
6111,115.1
6112,129.9
6113,136.78
6114,92.11
6115,107.22
6116,107.66
6117,115.01
6118,120.87
6119,130.57
6120,33.37
6121,36.74
6122,38.33
6123,40.51
6124,44.35
6125,46.43
6126,49.27
6127,31.98
6128,37.42
6129,37.54
6130,39.56
6131,42.36
6132,44.93
6133,48.09
6134,32.52
6135,38.74
6136,39.14
6137,40.77
6138,42.99
6139,46.03
6140,49.23
6141,32.75
6142,37.25
6143,37.92
6144,39.62
6145,43.07
6146,48.63
6147,48.89
6148,31.48
6149,37.46
6150,38.52
6151,44.42
6152,46.62
6153,52.21
6154,53.41
6155,35.35
6156,42.46
6157,41.5
6158,45.51
6159,48.47
6160,51.49
6161,53.78
6162,34.67
6163,42.04
6164,41.64
6165,45.02
6166,48.78
6167,49.85
6168,52.67
6169,35.18
6170,41.26
6171,43.01
6172,43.65
6173,47.27
6174,49.65
6175,54.17
6176,34.92
6177,42.85
6178,41.84
6179,52.9
6180,56.58
6181,58.66
6182,63.92
6183,41.59
6184,50.19
6185,49.59
6186,54.26
6187,57.19
6188,58.8
6189,66.62
6190,42.76
6191,50.03
6192,51.34
6193,53.86
6194,58.49
6195,59.27
6196,67.22
6197,43.21
6198,50.39
6199,49.17
6200,52.73
6201,57.8
6202,59.78
6203,65.1
6204,44.36
6205,49.33
6206,50.22
6207,52.63
6208,57.54
6209,59.17
6210,40.43
6211,43.52
6212,44.34
6213,48.96
6214,51.51
6215,56.13
6216,61.0
6217,38.79
6218,43.07
6219,44.36
6220,47.96
6221,51.33
6222,55.59
6223,58.61
6224,39.64
6225,42.98
6226,44.91
6227,48.47
6228,49.83
6229,54.83
6230,56.01
6231,39.52
6232,42.17
6233,44.06
6234,47.84
6235,49.64
6236,54.15
6237,57.36
6238,38.21
6239,43.69
6240,44.71
6241,52.23
6242,56.47
6243,59.45
6244,62.15
6245,41.36
6246,46.8
6247,48.69
6248,50.83
6249,56.02
6250,59.11
6251,65.14
6252,43.91
6253,46.92
6254,47.96
6255,52.19
6256,56.89
6257,60.07
6258,62.54
6259,42.99
6260,48.24
6261,49.21
6262,53.66
6263,56.64
6264,60.59
6265,63.75
6266,43.12
6267,50.93
6268,48.24
6269,62.33
6270,68.24
6271,69.59
6272,76.44
6273,51.84
6274,62.01
6275,59.92
6276,63.77
6277,66.81
6278,71.84
6279,78.17
6280,51.18
6281,60.24
6282,59.53
6283,64.27
6284,68.52
6285,71.12
6286,76.03
6287,49.91
6288,60.37
6289,60.83
6290,63.89
6291,66.32
6292,71.71
6293,76.68
6294,49.65
6295,58.49
6296,59.48
6297,63.33
6298,68.06
6299,70.12
6300,32.37
6301,35.94
6302,37.4
6303,38.67
6304,42.46
6305,45.42
6306,47.31
6307,32.23
6308,36.76
6309,38.16
6310,40.33
6311,42.71
6312,44.37
6313,46.45
6314,31.55
6315,36.54
6316,37.9
6317,40.91
6318,41.66
6319,45.45
6320,47.85
6321,32.82
6322,38.21
6323,38.16
6324,39.19
6325,41.51
6326,44.32
6327,46.53
6328,32.77
6329,37.99
6330,38.16
6331,43.96
6332,47.05
6333,50.73
6334,52.53
6335,36.37
6336,42.88
6337,43.44
6338,45.47
6339,47.27
6340,51.22
6341,54.43
6342,34.57
6343,41.57
6344,40.62
6345,43.18
6346,46.08
6347,52.08
6348,54.23
6349,35.4
6350,41.82
6351,42.27
6352,44.07
6353,47.13
6354,51.87
6355,51.87
6356,35.1
6357,41.57
6358,41.41
6359,53.2
6360,58.19
6361,59.77
6362,61.77
6363,41.62
6364,50.51
6365,50.22
6366,52.78
6367,56.67
6368,58.71
6369,65.12
6370,41.14
6371,49.79
6372,49.8
6373,54.33
6374,55.59
6375,59.38
6376,63.21
6377,44.76
6378,49.88
6379,49.38
6380,54.45
6381,56.67
6382,60.11
6383,63.92
6384,43.2
6385,49.42
6386,49.59
6387,54.15
6388,55.78
6389,60.65
6390,62.88
6391,76.44
6392,76.28
6393,79.26
6394,82.41
6395,88.38
6396,92.37
6397,61.49
6398,73.67
6399,76.11
6400,81.43
6401,85.71
6402,86.92
6403,91.54
6404,61.94
6405,73.51
6406,73.49
6407,75.32
6408,84.94
6409,85.85
6410,97.93
6411,61.33
6412,73.8
6413,77.75
6414,78.29
6415,82.3
6416,84.42
6417,94.21
6418,61.64
6419,72.95
6420,75.05
6421,85.73
6422,91.74
6423,94.48
6424,108.19
6425,69.22
6426,84.22
6427,85.13
6428,91.67
6429,89.42
6430,98.3
6431,106.74
6432,68.42
6433,81.64
6434,83.62
6435,89.68
6436,91.45
6437,100.56
6438,106.89
6439,73.32
6440,83.61
6441,83.35
6442,90.99
6443,98.32
6444,105.53
6445,109.74
6446,76.06
6447,84.72
6448,85.15
6449,108.64
6450,115.57
6451,122.81
6452,124.43
6453,90.32
6454,99.52
6455,102.51
6456,112.31
6457,116.25
6458,121.01
6459,126.38
6460,89.13
6461,99.24
6462,99.64
6463,107.02
6464,111.75
6465,118.08
6466,128.0
6467,90.92
6468,102.4
6469,101.08
6470,110.63
6471,115.22
6472,120.79
6473,136.73
6474,90.83
6475,102.66
6476,100.7
6477,105.95
6478,112.77
6479,122.22
6480,21.85
6481,27.02
6482,28.01
6483,29.33
6484,29.59
6485,33.09
6486,36.02
6487,23.31
6488,27.0
6489,28.84
6490,29.74
6491,31.33
6492,34.42
6493,35.1
6494,23.63
6495,27.08
6496,26.44
6497,28.72
6498,29.9
6499,34.88
6500,35.0
6501,22.93
6502,26.93
6503,27.18
6504,28.7
6505,30.0
6506,32.58
6507,35.22
6508,23.36
6509,27.24
6510,27.73
6511,33.19
6512,33.39
6513,38.1
6514,40.29
6515,25.46
6516,28.68
6517,30.38
6518,32.78
6519,36.05
6520,37.9
6521,40.66
6522,26.4
6523,28.88
6524,30.33
6525,33.38
6526,36.35
6527,37.54
6528,38.67
6529,25.41
6530,29.37
6531,30.66
6532,33.38
6533,36.64
6534,37.34
6535,39.64
6536,26.71
6537,29.94
6538,31.05
6539,38.31
6540,42.75
6541,45.69
6542,47.07
6543,31.06
6544,35.82
6545,36.97
6546,40.61
6547,42.03
6548,44.9
6549,47.15
6550,30.99
6551,36.4
6552,36.81
6553,40.85
6554,42.08
6555,45.08
6556,45.99
6557,30.57
6558,36.32
6559,35.68
6560,38.82
6561,41.76
6562,45.5
6563,47.66
6564,31.85
6565,36.86
6566,39.0
6567,40.58
6568,43.46
6569,45.2
6570,55.8
6571,63.26
6572,62.94
6573,69.07
6574,70.66
6575,74.12
6576,79.56
6577,52.65
6578,62.28
6579,64.41
6580,67.1
6581,70.27
6582,72.85
6583,75.98
6584,52.55
6585,62.82
6586,63.9
6587,66.74
6588,69.02
6589,75.0
6590,78.59
6591,53.06
6592,59.74
6593,62.62
6594,66.49
6595,68.81
6596,74.14
6597,78.68
6598,52.41
6599,61.57
6600,61.06
6601,71.53
6602,80.13
6603,83.5
6604,85.21
6605,58.59
6606,67.29
6607,69.3
6608,71.72
6609,79.09
6610,85.15
6611,88.12
6612,60.07
6613,65.79
6614,68.73
6615,72.9
6616,85.6
6617,91.26
6618,91.97
6619,59.2
6620,67.76
6621,70.39
6622,71.67
6623,78.62
6624,85.68
6625,92.05
6626,57.92
6627,66.47
6628,69.41
6629,91.44
6630,100.1
6631,102.8
6632,107.81
6633,71.37
6634,83.72
6635,84.32
6636,89.36
6637,95.88
6638,97.06
6639,106.13
6640,70.34
6641,84.19
6642,85.4
6643,90.97
6644,91.13
6645,93.62
6646,110.42
6647,71.89
6648,84.5
6649,83.08
6650,89.85
6651,93.02
6652,98.34
6653,102.02
6654,68.49
6655,81.9
6656,85.28
6657,89.96
6658,93.7
6659,103.4
6660,63.76
6661,75.85
6662,75.67
6663,85.93
6664,83.74
6665,94.77
6666,91.99
6667,62.27
6668,74.58
6669,74.01
6670,80.06
6671,81.72
6672,91.28
6673,92.49
6674,61.57
6675,74.06
6676,73.69
6677,81.43
6678,81.15
6679,89.26
6680,93.33
6681,63.86
6682,75.71
6683,74.2
6684,76.42
6685,81.92
6686,87.84
6687,97.55
6688,61.27
6689,73.83
6690,74.9
6691,87.67
6692,94.79
6693,98.01
6694,108.04
6695,69.3
6696,81.65
6697,81.56
6698,87.99
6699,95.66
6700,99.82
6701,106.62
6702,66.03
6703,79.26
6704,79.87
6705,85.71
6706,91.37
6707,101.91
6708,105.67
6709,70.91
6710,83.24
6711,84.56
6712,90.88
6713,94.18
6714,104.66
6715,107.45
6716,70.23
6717,85.99
6718,83.95
6719,104.57
6720,111.31
6721,118.29
6722,126.99
6723,81.29
6724,101.14
6725,103.54
6726,107.82
6727,112.83
6728,126.38
6729,130.76
6730,82.54
6731,99.17
6732,104.39
6733,107.21
6734,115.78
6735,129.27
6736,135.22
6737,87.26
6738,102.66
6739,105.72
6740,110.72
6741,118.85
6742,122.78
6743,132.93
6744,88.33
6745,97.93
6746,99.48
6747,109.61
6748,119.08
6749,124.16
6750,36.29
6751,45.21
6752,45.37
6753,47.8
6754,50.42
6755,53.01
6756,56.84
6757,38.39
6758,46.0
6759,43.61
6760,46.12
6761,50.74
6762,56.07
6763,57.12
6764,38.67
6765,44.43
6766,45.07
6767,48.94
6768,50.96
6769,54.51
6770,55.84
6771,39.84
6772,44.06
6773,45.19
6774,48.59
6775,50.8
6776,56.28
6777,56.64
6778,39.44
6779,43.34
6780,45.03
6781,52.98
6782,55.48
6783,60.83
6784,64.67
6785,45.84
6786,50.0
6787,49.89
6788,53.64
6789,58.25
6790,61.51
6791,65.82
6792,44.58
6793,49.94
6794,51.48
6795,52.98
6796,56.73
6797,62.03
6798,64.07
6799,42.96
6800,48.99
6801,49.44
6802,50.46
6803,57.06
6804,61.72
6805,66.16
6806,43.17
6807,48.87
6808,49.07
6809,64.04
6810,70.31
6811,72.0
6812,78.9
6813,49.69
6814,58.55
6815,60.4
6816,63.17
6817,67.85
6818,72.67
6819,79.45
6820,51.14
6821,60.83
6822,60.57
6823,64.35
6824,65.26
6825,72.79
6826,79.15
6827,51.62
6828,60.54
6829,59.35
6830,61.82
6831,67.65
6832,72.16
6833,76.43
6834,50.72
6835,60.15
6836,58.38
6837,63.15
6838,65.52
6839,71.93
6840,18.32
6841,20.84
6842,20.52
6843,21.85
6844,23.41
6845,25.2
6846,26.44
6847,17.81
6848,19.34
6849,19.98
6850,22.54
6851,24.58
6852,25.46
6853,27.11
6854,17.99
6855,20.19
6856,19.68
6857,21.53
6858,23.04
6859,25.93
6860,26.8
6861,18.25
6862,19.66
6863,20.18
6864,21.96
6865,22.99
6866,25.52
6867,26.3
6868,17.23
6869,20.05
6870,20.15
6871,24.04
6872,25.23
6873,28.75
6874,27.69
6875,20.04
6876,22.63
6877,22.23
6878,23.85
6879,26.08
6880,27.97
6881,29.57
6882,19.95
6883,22.27
6884,21.63
6885,22.75
6886,24.9
6887,27.53
6888,28.94
6889,19.79
6890,22.09
6891,23.27
6892,23.73
6893,25.04
6894,27.33
6895,29.45
6896,18.94
6897,21.99
6898,22.17
6899,27.16
6900,31.26
6901,32.52
6902,35.13
6903,23.01
6904,26.91
6905,25.7
6906,28.46
6907,30.29
6908,31.18
6909,32.58
6910,22.38
6911,26.75
6912,27.6
6913,28.93
6914,31.51
6915,31.69
6916,34.54
6917,23.0
6918,27.03
6919,26.85
6920,29.56
6921,30.37
6922,32.97
6923,35.25
6924,24.11
6925,27.14
6926,27.42
6927,29.97
6928,30.75
6929,33.72
6930,68.79
6931,82.51
6932,80.77
6933,89.21
6934,93.85
6935,94.92
6936,101.53
6937,69.72
6938,83.71
6939,81.36
6940,86.02
6941,91.33
6942,94.92
6943,100.58
6944,66.59
6945,80.79
6946,77.73
6947,86.39
6948,89.85
6949,94.28
6950,99.49
6951,65.31
6952,77.73
6953,77.3
6954,87.66
6955,92.6
6956,97.68
6957,96.11
6958,63.62
6959,78.16
6960,79.28
6961,94.26
6962,98.96
6963,103.54
6964,114.95
6965,75.23
6966,87.75
6967,89.16
6968,95.25
6969,104.61
6970,104.2
6971,113.77
6972,75.52
6973,85.14
6974,88.08
6975,90.27
6976,105.47
6977,107.97
6978,112.91
6979,76.54
6980,87.43
6981,85.84
6982,93.09
6983,100.83
6984,106.14
6985,114.55
6986,76.27
6987,90.0
6988,85.69
6989,113.82
6990,122.26
6991,129.79
6992,137.92
6993,92.32
6994,106.22
6995,107.72
6996,117.96
6997,117.12
6998,130.56
6999,140.08
7000,93.98
7001,104.15
7002,110.11
7003,118.93
7004,117.83
7005,133.59
7006,144.67
7007,95.63
7008,106.05
7009,109.49
7010,111.01
7011,116.71
7012,125.72
7013,139.41
7014,92.68
7015,106.59
7016,104.55
7017,109.34
7018,120.55
7019,130.17
7020,56.17
7021,65.96
7022,64.87
7023,71.63
7024,75.23
7025,78.92
7026,83.38
7027,55.95
7028,64.43
7029,65.78
7030,71.35
7031,71.56
7032,79.7
7033,88.78
7034,55.32
7035,65.23
7036,65.2
7037,71.93
7038,73.08
7039,79.37
7040,89.65
7041,55.98
7042,65.55
7043,64.96
7044,68.65
7045,71.28
7046,80.22
7047,85.94
7048,55.64
7049,69.2
7050,66.08
7051,75.34
7052,82.28
7053,91.95
7054,92.62
7055,61.0
7056,75.38
7057,70.66
7058,78.44
7059,79.74
7060,91.05
7061,92.24
7062,59.22
7063,72.91
7064,68.13
7065,78.14
7066,81.63
7067,89.1
7068,92.54
7069,60.06
7070,72.92
7071,69.42
7072,76.36
7073,81.44
7074,87.02
7075,94.87
7076,59.97
7077,72.36
7078,69.29
7079,90.18
7080,100.38
7081,103.46
7082,110.34
7083,72.4
7084,84.94
7085,88.83
7086,91.41
7087,102.08
7088,105.29
7089,113.31
7090,75.16
7091,87.75
7092,91.09
7093,92.7
7094,99.26
7095,111.27
7096,120.29
7097,74.33
7098,89.89
7099,87.45
7100,96.24
7101,96.14
7102,108.04
7103,112.38
7104,68.6
7105,87.03
7106,85.56
7107,96.76
7108,100.09
7109,111.7
7110,33.49
7111,37.06
7112,37.34
7113,40.26
7114,44.08
7115,45.66
7116,49.16
7117,33.32
7118,37.55
7119,39.04
7120,40.08
7121,43.88
7122,45.63
7123,50.96
7124,31.18
7125,38.53
7126,37.85
7127,39.92
7128,43.57
7129,46.52
7130,50.41
7131,32.24
7132,37.06
7133,39.38
7134,39.34
7135,43.52
7136,45.52
7137,48.29
7138,31.8
7139,36.42
7140,38.17
7141,43.43
7142,49.48
7143,48.31
7144,52.71
7145,35.38
7146,41.86
7147,43.47
7148,46.21
7149,47.2
7150,50.22
7151,54.26
7152,35.9
7153,41.05
7154,42.13
7155,45.3
7156,47.1
7157,51.68
7158,58.24
7159,36.23
7160,41.13
7161,42.51
7162,44.12
7163,48.33
7164,51.58
7165,56.31
7166,35.2
7167,40.61
7168,43.44
7169,51.3
7170,57.85
7171,61.58
7172,64.39
7173,42.29
7174,51.7
7175,51.28
7176,54.12
7177,58.7
7178,60.65
7179,67.82
7180,44.13
7181,51.16
7182,51.43
7183,52.79
7184,58.14
7185,57.48
7186,63.7
7187,43.34
7188,49.4
7189,49.67
7190,52.36
7191,56.79
7192,58.62
7193,66.71
7194,44.31
7195,47.94
7196,50.24
7197,52.82
7198,56.71
7199,59.88
7200,47.52
7201,54.74
7202,56.22
7203,59.31
7204,64.7
7205,67.36
7206,70.55
7207,46.91
7208,54.84
7209,52.73
7210,58.43
7211,63.6
7212,65.15
7213,68.31
7214,47.63
7215,53.99
7216,54.72
7217,59.59
7218,61.27
7219,61.85
7220,70.04
7221,46.9
7222,55.98
7223,53.22
7224,58.03
7225,61.66
7226,66.22
7227,71.07
7228,45.62
7229,52.92
7230,54.94
7231,64.56
7232,68.0
7233,73.75
7234,75.85
7235,50.1
7236,60.66
7237,59.38
7238,66.05
7239,70.55
7240,73.94
7241,78.68
7242,50.98
7243,59.59
7244,60.88
7245,62.73
7246,67.13
7247,71.22
7248,77.68
7249,52.08
7250,58.95
7251,60.93
7252,65.11
7253,70.57
7254,74.62
7255,76.45
7256,53.43
7257,62.17
7258,60.38
7259,76.91
7260,82.09
7261,86.3
7262,89.35
7263,59.91
7264,72.44
7265,74.12
7266,77.53
7267,82.65
7268,84.98
7269,88.46
7270,62.48
7271,71.31
7272,75.03
7273,76.84
7274,83.05
7275,87.83
7276,89.91
7277,60.78
7278,73.54
7279,73.75
7280,77.53
7281,82.33
7282,90.62
7283,94.41
7284,63.84
7285,76.27
7286,72.66
7287,79.47
7288,87.94
7289,89.55
7290,35.24
7291,40.7
7292,41.68
7293,42.8
7294,47.15
7295,48.1
7296,53.2
7297,34.86
7298,41.22
7299,41.7
7300,45.24
7301,46.99
7302,50.47
7303,52.88
7304,35.41
7305,41.09
7306,42.94
7307,44.45
7308,48.61
7309,49.81
7310,53.35
7311,34.71
7312,41.92
7313,41.86
7314,42.83
7315,47.39
7316,51.14
7317,51.09
7318,35.7
7319,41.01
7320,41.13
7321,50.13
7322,52.03
7323,56.9
7324,58.15
7325,38.46
7326,46.31
7327,46.47
7328,49.46
7329,53.73
7330,55.47
7331,59.78
7332,40.65
7333,46.64
7334,47.99
7335,49.58
7336,50.51
7337,55.34
7338,60.15
7339,41.11
7340,45.74
7341,47.01
7342,49.97
7343,50.71
7344,55.53
7345,59.19
7346,38.79
7347,46.5
7348,45.82
7349,57.07
7350,62.23
7351,64.12
7352,68.99
7353,46.38
7354,55.19
7355,54.89
7356,57.42
7357,63.92
7358,64.31
7359,70.79
7360,45.37
7361,55.14
7362,54.52
7363,58.62
7364,64.8
7365,65.27
7366,70.69
7367,47.45
7368,56.17
7369,56.25
7370,59.03
7371,62.46
7372,67.3
7373,71.79
7374,47.27
7375,55.88
7376,56.44
7377,59.84
7378,63.02
7379,67.01
7380,56.38
7381,67.09
7382,65.63
7383,68.3
7384,74.19
7385,82.06
7386,81.88
7387,55.94
7388,63.72
7389,65.46
7390,70.64
7391,74.2
7392,79.73
7393,82.4
7394,54.86
7395,63.68
7396,62.16
7397,71.91
7398,74.3
7399,79.64
7400,88.01
7401,57.24
7402,66.24
7403,63.84
7404,69.28
7405,72.95
7406,78.85
7407,83.15
7408,54.7
7409,63.46
7410,67.2
7411,80.06
7412,81.44
7413,90.42
7414,94.62
7415,62.87
7416,72.81
7417,73.4
7418,75.33
7419,82.9
7420,86.21
7421,93.95
7422,62.19
7423,68.96
7424,72.55
7425,80.31
7426,81.85
7427,86.41
7428,94.22
7429,61.21
7430,71.48
7431,73.75
7432,77.99
7433,80.01
7434,90.79
7435,91.94
7436,60.71
7437,72.14
7438,71.81
7439,90.14
7440,96.19
7441,105.43
7442,111.62
7443,73.2
7444,84.89
7445,88.88
7446,92.47
7447,96.08
7448,105.08
7449,106.6
7450,72.63
7451,83.08
7452,83.07
7453,88.72
7454,95.81
7455,105.22
7456,108.87
7457,74.32
7458,84.52
7459,84.16
7460,91.79
7461,97.15
7462,103.43
7463,113.09
7464,75.71
7465,84.22
7466,86.48
7467,93.04
7468,100.58
7469,104.31
7470,20.25
7471,25.24
7472,24.27
7473,27.03
7474,28.42
7475,30.32
7476,31.51
7477,19.11
7478,24.47
7479,23.89
7480,27.39
7481,27.54
7482,31.17
7483,31.44
7484,20.51
7485,24.24
7486,24.44
7487,26.5
7488,28.06
7489,29.44
7490,31.37
7491,20.68
7492,24.59
7493,23.24
7494,25.54
7495,27.45
7496,30.93
7497,31.27
7498,21.37
7499,25.0
7500,23.57
7501,29.76
7502,29.7
7503,33.73
7504,34.57
7505,22.43
7506,27.23
7507,26.99
7508,29.27
7509,30.98
7510,34.14
7511,34.8
7512,22.65
7513,26.6
7514,27.16
7515,28.95
7516,30.3
7517,32.9
7518,35.05
7519,23.03
7520,26.25
7521,26.75
7522,27.98
7523,31.25
7524,32.49
7525,36.92
7526,22.98
7527,26.21
7528,26.11
7529,33.7
7530,37.43
7531,41.0
7532,40.69
7533,26.74
7534,32.1
7535,33.29
7536,35.31
7537,36.7
7538,39.74
7539,39.89
7540,27.99
7541,33.06
7542,32.78
7543,34.63
7544,36.42
7545,40.1
7546,39.08
7547,27.78
7548,32.93
7549,32.78
7550,33.86
7551,35.71
7552,37.13
7553,40.11
7554,26.74
7555,31.8
7556,31.79
7557,35.23
7558,37.31
7559,38.44
7560,51.41
7561,63.16
7562,62.23
7563,66.73
7564,73.84
7565,75.89
7566,85.79
7567,54.17
7568,64.94
7569,62.52
7570,67.55
7571,75.69
7572,78.56
7573,78.8
7574,52.36
7575,60.33
7576,63.01
7577,68.75
7578,72.25
7579,78.52
7580,74.31
7581,53.35
7582,61.44
7583,62.43
7584,67.62
7585,67.96
7586,75.31
7587,76.13
7588,52.67
7589,62.31
7590,62.49
7591,74.26
7592,79.67
7593,82.53
7594,88.42
7595,58.2
7596,69.99
7597,68.11
7598,75.2
7599,78.35
7600,82.73
7601,87.57
7602,56.88
7603,68.75
7604,67.67
7605,76.35
7606,82.7
7607,84.77
7608,87.32
7609,57.52
7610,69.05
7611,66.66
7612,75.52
7613,79.83
7614,82.05
7615,87.23
7616,58.41
7617,69.54
7618,69.15
7619,91.25
7620,99.27
7621,99.51
7622,106.36
7623,65.99
7624,81.34
7625,84.94
7626,89.27
7627,97.18
7628,101.13
7629,107.94
7630,70.59
7631,80.97
7632,83.97
7633,89.52
7634,95.3
7635,100.83
7636,104.91
7637,70.17
7638,79.12
7639,84.0
7640,90.51
7641,96.43
7642,102.84
7643,103.44
7644,71.83
7645,81.53
7646,85.26
7647,89.86
7648,95.26
7649,101.52
7650,57.63
7651,73.84
7652,73.23
7653,77.04
7654,80.82
7655,91.25
7656,91.02
7657,62.2
7658,75.45
7659,75.34
7660,79.95
7661,83.7
7662,87.12
7663,88.63
7664,63.62
7665,75.53
7666,73.68
7667,78.39
7668,81.48
7669,85.94
7670,90.28
7671,64.9
7672,73.49
7673,73.37
7674,78.73
7675,82.89
7676,85.59
7677,90.14
7678,63.74
7679,72.9
7680,72.58
7681,82.37
7682,91.18
7683,99.79
7684,99.49
7685,66.8
7686,77.98
7687,76.88
7688,84.48
7689,87.87
7690,95.78
7691,104.85
7692,66.33
7693,76.98
7694,76.78
7695,87.21
7696,89.67
7697,98.91
7698,108.46
7699,70.32
7700,79.89
7701,79.45
7702,86.65
7703,93.13
7704,103.53
7705,108.82
7706,70.49
7707,80.3
7708,82.74
7709,106.02
7710,111.11
7711,119.66
7712,124.01
7713,83.55
7714,93.25
7715,97.73
7716,103.25
7717,109.14
7718,118.87
7719,122.3
7720,82.01
7721,97.07
7722,96.91
7723,104.69
7724,110.61
7725,121.03
7726,124.76
7727,85.38
7728,99.31
7729,95.39
7730,110.03
7731,114.48
7732,117.5
7733,119.31
7734,87.56
7735,100.76
7736,96.64
7737,103.48
7738,107.52
7739,115.09
7740,23.45
7741,26.46
7742,27.45
7743,29.0
7744,29.87
7745,33.13
7746,34.4
7747,23.62
7748,27.89
7749,27.71
7750,29.12
7751,30.69
7752,33.63
7753,35.37
7754,22.72
7755,26.51
7756,26.8
7757,29.21
7758,29.96
7759,32.06
7760,35.11
7761,23.92
7762,27.49
7763,27.5
7764,28.72
7765,31.39
7766,32.07
7767,34.08
7768,22.95
7769,27.01
7770,26.98
7771,32.3
7772,32.88
7773,35.42
7774,37.75
7775,25.86
7776,29.13
7777,30.68
7778,32.09
7779,32.61
7780,35.94
7781,39.08
7782,25.59
7783,29.79
7784,30.22
7785,30.73
7786,33.94
7787,35.67
7788,39.85
7789,26.43
7790,30.18
7791,30.91
7792,30.82
7793,33.66
7794,36.48
7795,41.05
7796,26.9
7797,29.31
7798,29.21
7799,36.7
7800,41.76
7801,42.85
7802,47.37
7803,32.01
7804,35.94
7805,36.42
7806,37.72
7807,40.73
7808,44.6
7809,46.45
7810,31.62
7811,35.33
7812,37.69
7813,38.88
7814,40.05
7815,44.38
7816,46.01
7817,31.93
7818,36.01
7819,36.5
7820,38.64
7821,41.29
7822,44.8
7823,47.57
7824,31.64
7825,35.87
7826,37.07
7827,38.81
7828,40.1
7829,44.92
7830,64.18
7831,73.84
7832,73.91
7833,81.77
7834,87.25
7835,96.53
7836,100.5
7837,63.59
7838,75.9
7839,76.53
7840,82.13
7841,83.28
7842,93.35
7843,97.0
7844,62.65
7845,74.56
7846,75.26
7847,81.74
7848,85.7
7849,92.99
7850,95.33
7851,62.42
7852,74.18
7853,73.48
7854,77.87
7855,83.96
7856,89.98
7857,93.52
7858,62.3
7859,73.88
7860,75.63
7861,88.09
7862,96.39
7863,101.28
7864,104.54
7865,72.26
7866,80.5
7867,82.89
7868,88.11
7869,91.13
7870,98.13
7871,107.93
7872,76.21
7873,83.54
7874,85.27
7875,87.31
7876,94.1
7877,103.58
7878,110.27
7879,71.78
7880,81.08
7881,81.45
7882,88.66
7883,92.95
7884,109.94
7885,109.0
7886,75.81
7887,85.49
7888,81.48
7889,107.23
7890,113.83
7891,127.57
7892,120.42
7893,87.3
7894,100.93
7895,98.54
7896,112.53
7897,116.87
7898,123.44
7899,124.42
7900,86.76
7901,100.64
7902,98.93
7903,112.83
7904,123.0
7905,126.36
7906,136.03
7907,89.29
7908,104.13
7909,103.9
7910,116.09
7911,122.34
7912,123.58
7913,132.78
7914,87.57
7915,106.28
7916,103.6
7917,111.44
7918,112.09
7919,123.3
7920,35.25
7921,39.75
7922,39.79
7923,44.06
7924,47.0
7925,49.84
7926,51.92
7927,34.99
7928,40.59
7929,40.09
7930,43.53
7931,46.44
7932,50.87
7933,51.43
7934,34.72
7935,41.37
7936,40.27
7937,42.68
7938,46.6
7939,50.18
7940,51.9
7941,33.71
7942,41.14
7943,41.06
7944,42.91
7945,45.25
7946,49.01
7947,51.48
7948,34.62
7949,40.89
7950,41.74
7951,48.44
7952,52.63
7953,55.21
7954,56.77
7955,38.54
7956,45.39
7957,45.03
7958,47.92
7959,51.0
7960,55.23
7961,56.6
7962,37.84
7963,45.13
7964,43.83
7965,47.71
7966,51.15
7967,54.92
7968,58.85
7969,37.5
7970,44.26
7971,43.99
7972,46.62
7973,51.8
7974,55.66
7975,58.67
7976,39.18
7977,45.58
7978,43.04
7979,56.37
7980,60.2
7981,66.45
7982,67.41
7983,43.3
7984,52.7
7985,52.53
7986,57.14
7987,60.23
7988,66.17
7989,67.45
7990,44.57
7991,52.21
7992,52.41
7993,56.91
7994,59.07
7995,65.32
7996,64.62
7997,45.79
7998,51.85
7999,54.94
8000,55.22
8001,61.4
8002,66.09
8003,69.28
8004,46.4
8005,53.43
8006,53.36
8007,55.62
8008,62.06
8009,67.56
8010,23.11
8011,27.32
8012,25.97
8013,29.3
8014,31.43
8015,33.8
8016,34.95
8017,23.88
8018,27.97
8019,26.68
8020,28.15
8021,29.94
8022,33.46
8023,35.37
8024,23.07
8025,26.69
8026,26.46
8027,29.4
8028,31.95
8029,34.42
8030,35.99
8031,24.36
8032,25.47
8033,26.31
8034,28.44
8035,31.23
8036,33.37
8037,33.57
8038,22.31
8039,26.38
8040,26.83
8041,32.32
8042,33.29
8043,39.38
8044,36.61
8045,25.94
8046,29.19
8047,29.16
8048,32.48
8049,34.84
8050,37.18
8051,39.11
8052,25.33
8053,29.33
8054,29.57
8055,32.91
8056,36.23
8057,38.78
8058,39.39
8059,25.76
8060,30.33
8061,30.58
8062,32.54
8063,34.84
8064,36.68
8065,39.21
8066,25.84
8067,31.45
8068,30.12
8069,38.17
8070,41.9
8071,44.98
8072,47.1
8073,31.26
8074,37.31
8075,35.77
8076,38.13
8077,40.32
8078,43.97
8079,44.82
8080,30.24
8081,35.99
8082,36.73
8083,38.29
8084,40.54
8085,44.62
8086,46.03
8087,31.73
8088,35.53
8089,35.46
8090,37.98
8091,40.17
8092,43.38
8093,45.77
8094,30.8
8095,36.51
8096,35.11
8097,38.7
8098,40.95
8099,45.52
8100,17.21
8101,19.25
8102,20.3
8103,22.7
8104,23.47
8105,24.84
8106,27.22
8107,17.5
8108,19.69
8109,19.83
8110,22.42
8111,23.21
8112,24.72
8113,26.38
8114,17.56
8115,19.6
8116,20.38
8117,21.72
8118,22.95
8119,23.99
8120,26.59
8121,17.46
8122,20.44
8123,20.05
8124,22.47
8125,22.4
8126,25.02
8127,26.16
8128,17.87
8129,20.89
8130,20.08
8131,24.59
8132,25.05
8133,27.08
8134,28.66
8135,18.86
8136,21.92
8137,21.58
8138,25.79
8139,25.85
8140,28.01
8141,30.08
8142,19.42
8143,21.47
8144,22.45
8145,24.79
8146,25.36
8147,26.56
8148,30.26
8149,19.25
8150,21.82
8151,21.77
8152,23.62
8153,25.74
8154,27.28
8155,29.13
8156,20.34
8157,22.41
8158,22.57
8159,28.31
8160,30.42
8161,32.91
8162,34.43
8163,24.38
8164,27.19
8165,26.86
8166,29.97
8167,31.43
8168,32.92
8169,31.57
8170,23.8
8171,26.73
8172,27.62
8173,29.46
8174,31.05
8175,32.09
8176,35.62
8177,24.37
8178,28.06
8179,27.64
8180,29.88
8181,31.39
8182,33.37
8183,33.48
8184,24.07
8185,26.82
8186,28.01
8187,29.67
8188,31.13
8189,33.79
8190,30.21
8191,33.2
8192,35.29
8193,37.95
8194,39.35
8195,41.78
8196,44.06
8197,28.47
8198,34.09
8199,33.93
8200,37.66
8201,37.96
8202,42.25
8203,45.9
8204,30.1
8205,33.78
8206,34.89
8207,36.15
8208,39.25
8209,41.95
8210,42.78
8211,29.73
8212,34.06
8213,33.94
8214,36.46
8215,40.43
8216,41.45
8217,45.55
8218,29.19
8219,34.11
8220,35.89
8221,40.7
8222,43.95
8223,47.03
8224,48.62
8225,31.03
8226,36.47
8227,38.25
8228,41.64
8229,43.8
8230,45.83
8231,50.26
8232,33.42
8233,36.79
8234,39.26
8235,41.52
8236,43.35
8237,45.7
8238,49.53
8239,32.5
8240,37.57
8241,38.41
8242,41.55
8243,42.79
8244,47.72
8245,47.78
8246,33.61
8247,38.08
8248,38.39
8249,47.46
8250,51.13
8251,56.57
8252,55.91
8253,40.33
8254,46.03
8255,46.45
8256,47.92
8257,50.08
8258,55.81
8259,57.27
8260,39.02
8261,44.69
8262,44.93
8263,47.97
8264,51.21
8265,57.2
8266,61.98
8267,39.24
8268,44.02
8269,44.4
8270,48.78
8271,52.44
8272,55.52
8273,60.87
8274,37.63
8275,44.31
8276,44.89
8277,48.68
8278,53.15
8279,56.11
8280,41.08
8281,48.59
8282,48.45
8283,53.97
8284,56.05
8285,58.81
8286,60.08
8287,40.38
8288,48.49
8289,48.01
8290,53.31
8291,55.7
8292,58.18
8293,62.92
8294,42.01
8295,47.66
8296,48.32
8297,50.49
8298,55.23
8299,58.66
8300,63.14
8301,40.12
8302,46.92
8303,47.55
8304,53.34
8305,54.79
8306,58.15
8307,63.6
8308,40.49
8309,49.71
8310,49.09
8311,58.47
8312,60.91
8313,66.7
8314,69.54
8315,47.09
8316,54.79
8317,53.03
8318,58.23
8319,62.16
8320,63.21
8321,70.2
8322,46.54
8323,52.91
8324,53.2
8325,58.61
8326,63.04
8327,67.76
8328,72.38
8329,46.04
8330,51.27
8331,52.37
8332,59.1
8333,61.7
8334,65.24
8335,71.39
8336,46.19
8337,54.9
8338,51.77
8339,69.93
8340,76.22
8341,77.99
8342,85.07
8343,54.81
8344,63.41
8345,64.85
8346,68.67
8347,72.78
8348,76.74
8349,83.57
8350,54.99
8351,61.28
8352,63.28
8353,69.5
8354,73.18
8355,80.83
8356,83.95
8357,55.44
8358,61.98
8359,65.73
8360,67.84
8361,71.94
8362,75.89
8363,80.7
8364,54.68
8365,62.75
8366,64.0
8367,66.98
8368,73.07
8369,76.67
8370,23.7
8371,27.01
8372,28.2
8373,30.51
8374,31.75
8375,34.59
8376,35.8
8377,23.29
8378,28.18
8379,28.72
8380,30.58
8381,31.16
8382,34.72
8383,36.49
8384,23.31
8385,28.36
8386,28.87
8387,30.2
8388,31.42
8389,34.8
8390,35.63
8391,22.5
8392,26.93
8393,28.42
8394,29.82
8395,31.4
8396,32.2
8397,34.65
8398,21.9
8399,26.99
8400,28.96
8401,33.03
8402,35.33
8403,37.2
8404,40.2
8405,25.92
8406,29.75
8407,31.28
8408,32.55
8409,32.88
8410,36.58
8411,39.63
8412,24.67
8413,30.13
8414,30.19
8415,31.45
8416,33.48
8417,36.16
8418,39.97
8419,24.78
8420,29.99
8421,30.22
8422,32.57
8423,33.21
8424,37.84
8425,38.61
8426,25.22
8427,29.11
8428,29.68
8429,38.48
8430,38.57
8431,44.43
8432,47.05
8433,29.86
8434,35.48
8435,36.19
8436,38.7
8437,41.21
8438,46.97
8439,47.0
8440,31.57
8441,36.54
8442,36.25
8443,38.9
8444,42.15
8445,46.26
8446,47.32
8447,31.04
8448,36.97
8449,37.42
8450,39.32
8451,41.98
8452,46.45
8453,48.68
8454,31.3
8455,36.14
8456,34.98
8457,37.7
8458,42.4
8459,44.34
8460,63.77
8461,77.37
8462,74.66
8463,82.52
8464,86.55
8465,91.08
8466,93.24
8467,61.0
8468,73.45
8469,73.99
8470,80.25
8471,81.27
8472,88.79
8473,95.64
8474,59.39
8475,76.48
8476,77.2
8477,80.44
8478,83.45
8479,90.04
8480,96.54
8481,60.09
8482,73.36
8483,72.54
8484,80.1
8485,84.62
8486,93.0
8487,96.31
8488,58.39
8489,76.16
8490,76.81
8491,88.49
8492,90.69
8493,103.47
8494,107.76
8495,67.47
8496,82.85
8497,84.22
8498,92.2
8499,94.02
8500,104.8
8501,109.31
8502,68.96
8503,83.82
8504,86.58
8505,90.66
8506,93.9
8507,108.03
8508,113.33
8509,68.42
8510,83.65
8511,85.71
8512,91.45
8513,95.01
8514,108.62
8515,112.4
8516,71.97
8517,89.04
8518,88.59
8519,105.72
8520,115.99
8521,126.16
8522,125.83
8523,84.74
8524,97.96
8525,102.01
8526,109.82
8527,113.81
8528,125.79
8529,133.02
8530,88.29
8531,101.64
8532,104.88
8533,112.18
8534,114.01
8535,124.16
8536,135.46
8537,87.23
8538,101.45
8539,104.86
8540,109.76
8541,114.57
8542,123.35
8543,127.85
8544,87.9
8545,98.6
8546,97.75
8547,102.78
8548,113.22
8549,128.8
8550,44.56
8551,52.77
8552,53.63
8553,58.66
8554,62.4
8555,66.77
8556,69.26
8557,45.21
8558,52.45
8559,53.74
8560,60.25
8561,61.36
8562,69.41
8563,69.14
8564,46.61
8565,54.14
8566,53.5
8567,56.61
8568,59.74
8569,66.26
8570,70.67
8571,46.38
8572,54.29
8573,54.61
8574,58.55
8575,63.52
8576,69.3
8577,68.13
8578,47.38
8579,52.6
8580,54.4
8581,65.94
8582,70.47
8583,75.34
8584,77.38
8585,53.05
8586,60.58
8587,62.62
8588,67.69
8589,69.09
8590,76.64
8591,75.14
8592,51.29
8593,57.77
8594,58.9
8595,65.4
8596,69.05
8597,76.7
8598,79.53
8599,51.01
8600,59.87
8601,59.33
8602,65.02
8603,70.17
8604,77.9
8605,79.61
8606,51.7
8607,61.37
8608,60.5
8609,78.95
8610,81.88
8611,87.9
8612,92.04
8613,63.48
8614,74.49
8615,72.17
8616,78.56
8617,81.52
8618,90.47
8619,91.29
8620,63.97
8621,74.31
8622,73.06
8623,79.42
8624,83.09
8625,91.04
8626,91.89
8627,64.39
8628,73.32
8629,74.03
8630,77.7
8631,82.27
8632,87.61
8633,91.24
8634,63.23
8635,75.11
8636,73.47
8637,80.11
8638,81.85
8639,88.1
8640,17.04
8641,20.52
8642,20.54
8643,22.04
8644,23.77
8645,24.59
8646,24.45
8647,17.3
8648,20.12
8649,19.12
8650,22.46
8651,24.2
8652,24.24
8653,24.91
8654,17.19
8655,20.2
8656,19.84
8657,22.2
8658,22.24
8659,24.92
8660,27.9
8661,17.63
8662,19.92
8663,20.66
8664,21.78
8665,23.48
8666,24.92
8667,26.33
8668,17.52
8669,20.16
8670,20.45
8671,24.53
8672,24.79
8673,26.5
8674,27.83
8675,19.54
8676,21.66
8677,22.59
8678,24.96
8679,25.22
8680,28.04
8681,28.0
8682,19.15
8683,21.18
8684,21.94
8685,24.11
8686,24.26
8687,27.78
8688,27.86
8689,19.36
8690,21.97
8691,22.61
8692,23.19
8693,26.5
8694,27.87
8695,29.79
8696,19.59
8697,21.23
8698,21.73
8699,29.28
8700,31.62
8701,33.8
8702,36.23
8703,23.04
8704,26.93
8705,26.63
8706,28.61
8707,30.37
8708,33.02
8709,36.06
8710,23.56
8711,26.83
8712,26.45
8713,28.48
8714,29.72
8715,31.35
8716,33.43
8717,23.12
8718,26.46
8719,26.69
8720,28.44
8721,31.21
8722,32.93
8723,34.28
8724,23.51
8725,26.77
8726,26.71
8727,28.13
8728,29.47
8729,33.18
8730,40.03
8731,48.55
8732,48.46
8733,51.54
8734,56.65
8735,60.87
8736,62.24
8737,40.7
8738,48.33
8739,48.2
8740,51.56
8741,58.02
8742,59.41
8743,62.15
8744,40.86
8745,49.26
8746,48.99
8747,51.75
8748,54.45
8749,60.27
8750,62.05
8751,40.97
8752,49.25
8753,48.17
8754,53.39
8755,55.45
8756,60.36
8757,64.23
8758,39.97
8759,47.3
8760,47.87
8761,57.37
8762,62.53
8763,68.09
8764,68.68
8765,45.78
8766,53.43
8767,55.39
8768,57.13
8769,60.65
8770,64.72
8771,69.02
8772,47.09
8773,52.93
8774,53.87
8775,56.44
8776,63.22
8777,69.32
8778,69.18
8779,46.82
8780,51.83
8781,54.93
8782,56.58
8783,60.85
8784,67.26
8785,70.51
8786,46.01
8787,51.75
8788,52.75
8789,69.7
8790,75.3
8791,76.68
8792,83.4
8793,54.05
8794,62.99
8795,65.98
8796,70.13
8797,75.27
8798,77.41
8799,82.15
8800,56.18
8801,64.75
8802,66.87
8803,68.22
8804,72.56
8805,77.21
8806,82.58
8807,56.98
8808,64.99
8809,65.33
8810,67.71
8811,71.22
8812,79.27
8813,86.21
8814,56.05
8815,64.68
8816,62.29
8817,69.65
8818,72.43
8819,78.24
8820,22.99
8821,26.25
8822,27.8
8823,29.32
8824,32.55
8825,32.37
8826,34.45
8827,24.05
8828,26.43
8829,27.07
8830,28.91
8831,31.77
8832,34.14
8833,35.21
8834,22.84
8835,27.36
8836,26.55
8837,29.06
8838,30.65
8839,32.29
8840,35.72
8841,22.26
8842,26.68
8843,27.15
8844,29.34
8845,31.37
8846,33.45
8847,36.28
8848,22.45
8849,27.0
8850,27.09
8851,32.16
8852,34.57
8853,36.99
8854,40.55
8855,25.3
8856,29.37
8857,30.15
8858,32.5
8859,35.72
8860,38.69
8861,40.96
8862,26.04
8863,28.72
8864,29.81
8865,31.48
8866,35.21
8867,36.91
8868,40.49
8869,25.23
8870,30.55
8871,30.48
8872,32.35
8873,35.13
8874,38.41
8875,38.73
8876,26.14
8877,30.84
8878,30.76
8879,37.82
8880,41.99
8881,45.1
8882,47.49
8883,32.3
8884,37.39
8885,36.3
8886,38.56
8887,41.01
8888,45.02
8889,47.02
8890,28.64
8891,35.62
8892,35.34
8893,38.78
8894,41.45
8895,45.69
8896,48.36
8897,32.12
8898,35.99
8899,35.86
8900,37.7
8901,40.73
8902,44.72
8903,47.73
8904,31.44
8905,35.79
8906,35.19
8907,37.02
8908,40.73
8909,44.53
8910,53.98
8911,62.18
8912,60.8
8913,69.04
8914,72.4
8915,77.85
8916,80.98
8917,53.11
8918,59.88
8919,61.99
8920,66.02
8921,70.04
8922,74.42
8923,78.15
8924,52.68
8925,60.44
8926,61.59
8927,66.83
8928,71.15
8929,75.31
8930,80.09
8931,53.06
8932,61.36
8933,62.55
8934,65.49
8935,70.02
8936,74.33
8937,75.89
8938,52.58
8939,62.0
8940,63.62
8941,74.83
8942,76.36
8943,81.98
8944,84.27
8945,57.14
8946,67.24
8947,67.73
8948,73.16
8949,78.65
8950,84.88
8951,90.57
8952,57.45
8953,68.36
8954,66.56
8955,73.87
8956,81.83
8957,83.87
8958,86.72
8959,55.22
8960,66.45
8961,67.06
8962,74.11
8963,76.59
8964,83.06
8965,87.19
8966,54.55
8967,67.11
8968,66.38
8969,87.52
8970,97.09
8971,99.15
8972,105.36
8973,67.4
8974,82.56
8975,84.81
8976,91.2
8977,98.64
8978,100.95
8979,108.56
8980,70.45
8981,82.15
8982,85.24
8983,90.09
8984,96.32
8985,101.0
8986,108.95
8987,70.2
8988,80.14
8989,85.44
8990,85.94
8991,93.63
8992,101.89
8993,107.29
8994,70.72
8995,80.73
8996,83.69
8997,90.43
8998,95.54
8999,107.51
9000,16.36
9001,17.69
9002,18.57
9003,19.3
9004,21.68
9005,22.02
9006,23.86
9007,15.98
9008,18.06
9009,18.55
9010,19.94
9011,20.64
9012,22.79
9013,23.67
9014,15.5
9015,18.14
9016,18.61
9017,19.79
9018,20.62
9019,22.22
9020,23.99
9021,15.99
9022,18.19
9023,18.17
9024,19.01
9025,20.6
9026,22.13
9027,23.84
9028,15.47
9029,17.84
9030,18.68
9031,21.04
9032,23.05
9033,26.06
9034,26.55
9035,17.23
9036,19.87
9037,20.05
9038,22.8
9039,23.33
9040,26.03
9041,25.28
9042,17.32
9043,19.03
9044,20.32
9045,22.09
9046,23.3
9047,24.81
9048,24.58
9049,17.51
9050,19.82
9051,20.36
9052,21.63
9053,23.79
9054,24.81
9055,25.41
9056,17.36
9057,20.51
9058,20.1
9059,24.76
9060,27.53
9061,29.87
9062,31.0
9063,20.9
9064,23.71
9065,23.85
9066,24.98
9067,27.89
9068,29.52
9069,30.29
9070,21.17
9071,23.83
9072,24.34
9073,25.48
9074,27.98
9075,30.73
9076,31.26
9077,20.94
9078,24.22
9079,23.11
9080,25.14
9081,28.48
9082,30.86
9083,30.39
9084,21.26
9085,23.41
9086,25.17
9087,25.94
9088,28.66
9089,30.37
9090,42.33
9091,48.8
9092,50.4
9093,52.53
9094,57.46
9095,58.97
9096,62.05
9097,41.24
9098,49.43
9099,49.15
9100,54.23
9101,58.38
9102,59.77
9103,60.72
9104,44.11
9105,50.05
9106,47.47
9107,52.46
9108,57.75
9109,59.52
9110,59.97
9111,40.11
9112,46.61
9113,47.54
9114,50.34
9115,56.09
9116,59.28
9117,59.66
9118,40.47
9119,45.78
9120,48.85
9121,59.52
9122,62.42
9123,65.31
9124,69.95
9125,44.77
9126,53.56
9127,53.52
9128,59.32
9129,60.9
9130,65.47
9131,74.32
9132,46.43
9133,54.84
9134,52.73
9135,57.59
9136,62.12
9137,68.35
9138,74.43
9139,45.61
9140,54.88
9141,53.13
9142,56.88
9143,62.72
9144,64.64
9145,70.52
9146,44.73
9147,57.09
9148,51.09
9149,69.8
9150,74.69
9151,80.48
9152,85.26
9153,55.74
9154,64.96
9155,64.46
9156,70.38
9157,76.28
9158,78.6
9159,82.97
9160,53.68
9161,63.26
9162,63.1
9163,70.1
9164,73.72
9165,78.09
9166,81.04
9167,53.15
9168,64.9
9169,62.39
9170,69.46
9171,70.12
9172,74.61
9173,85.15
9174,54.89
9175,65.22
9176,63.57
9177,66.69
9178,74.11
9179,75.17
9180,26.68
9181,31.44
9182,30.74
9183,32.05
9184,34.02
9185,36.11
9186,38.01
9187,27.14
9188,31.18
9189,30.14
9190,31.8
9191,33.6
9192,37.84
9193,39.39
9194,26.52
9195,31.72
9196,29.82
9197,32.59
9198,35.34
9199,38.56
9200,39.03
9201,25.11
9202,29.63
9203,30.77
9204,32.1
9205,35.18
9206,36.51
9207,38.96
9208,25.03
9209,30.26
9210,31.52
9211,36.48
9212,39.11
9213,41.61
9214,42.79
9215,27.65
9216,33.33
9217,32.89
9218,36.15
9219,39.96
9220,42.78
9221,42.83
9222,28.52
9223,33.21
9224,33.13
9225,36.27
9226,38.46
9227,43.26
9228,44.11
9229,28.17
9230,33.01
9231,33.68
9232,37.53
9233,37.9
9234,40.29
9235,39.38
9236,28.36
9237,33.81
9238,33.42
9239,44.29
9240,45.59
9241,49.05
9242,49.03
9243,34.5
9244,39.59
9245,39.82
9246,44.22
9247,45.26
9248,49.28
9249,51.65
9250,34.63
9251,40.15
9252,40.94
9253,44.73
9254,46.33
9255,49.2
9256,54.41
9257,35.27
9258,42.31
9259,40.61
9260,43.45
9261,46.87
9262,50.33
9263,53.79
9264,35.6
9265,42.25
9266,40.74
9267,42.92
9268,47.1
9269,52.05
9270,15.87
9271,18.52
9272,17.82
9273,19.63
9274,20.89
9275,21.91
9276,23.49
9277,15.78
9278,18.25
9279,18.17
9280,20.13
9281,20.14
9282,24.31
9283,22.78
9284,15.8
9285,17.6
9286,18.64
9287,19.53
9288,20.47
9289,24.25
9290,24.18
9291,15.92
9292,18.25
9293,18.54
9294,19.39
9295,20.7
9296,22.21
9297,23.53
9298,15.4
9299,18.66
9300,18.97
9301,21.65
9302,23.19
9303,24.76
9304,25.65
9305,16.59
9306,20.37
9307,19.86
9308,21.22
9309,22.97
9310,24.24
9311,24.39
9312,17.79
9313,19.69
9314,20.56
9315,21.29
9316,23.86
9317,23.08
9318,26.43
9319,16.8
9320,19.7
9321,19.69
9322,20.91
9323,22.24
9324,24.29
9325,24.08
9326,17.01
9327,19.65
9328,19.59
9329,24.94
9330,28.04
9331,28.88
9332,30.03
9333,19.97
9334,23.26
9335,23.51
9336,26.17
9337,27.58
9338,28.95
9339,31.2
9340,20.1
9341,23.78
9342,24.43
9343,25.18
9344,28.6
9345,29.49
9346,31.38
9347,20.04
9348,23.78
9349,23.56
9350,25.53
9351,28.52
9352,29.69
9353,31.41
9354,20.85
9355,22.84
9356,23.77
9357,25.43
9358,28.95
9359,30.58
9360,11.61
9361,15.18
9362,13.87
9363,15.97
9364,17.57
9365,19.25
9366,18.54
9367,12.17
9368,15.06
9369,14.3
9370,15.6
9371,17.26
9372,18.0
9373,20.09
9374,12.26
9375,15.03
9376,14.73
9377,16.63
9378,17.08
9379,18.29
9380,20.04
9381,12.52
9382,15.03
9383,15.36
9384,16.07
9385,17.36
9386,17.86
9387,20.68
9388,12.66
9389,15.61
9390,15.47
9391,17.16
9392,19.48
9393,20.66
9394,21.52
9395,13.7
9396,16.57
9397,16.56
9398,17.46
9399,19.48
9400,20.46
9401,21.74
9402,13.96
9403,16.69
9404,16.71
9405,16.89
9406,18.31
9407,20.3
9408,20.94
9409,13.74
9410,16.54
9411,16.34
9412,17.25
9413,18.7
9414,19.76
9415,21.7
9416,13.03
9417,16.93
9418,17.3
9419,20.84
9420,22.89
9421,24.76
9422,25.78
9423,17.62
9424,20.94
9425,20.66
9426,21.25
9427,22.95
9428,23.81
9429,24.94
9430,16.5
9431,21.08
9432,20.42
9433,21.3
9434,22.66
9435,24.47
9436,25.19
9437,16.99
9438,20.05
9439,20.22
9440,21.87
9441,22.84
9442,25.71
9443,25.14
9444,16.1
9445,19.48
9446,20.94
9447,21.79
9448,23.17
9449,25.55
9450,41.33
9451,48.53
9452,51.76
9453,52.07
9454,55.7
9455,60.42
9456,60.25
9457,41.85
9458,49.74
9459,50.47
9460,54.15
9461,54.84
9462,60.44
9463,63.11
9464,42.37
9465,47.56
9466,48.69
9467,53.25
9468,56.04
9469,60.86
9470,64.14
9471,43.57
9472,48.4
9473,48.93
9474,52.14
9475,56.71
9476,60.98
9477,65.49
9478,42.9
9479,49.6
9480,49.81
9481,60.02
9482,63.94
9483,67.79
9484,71.8
9485,46.25
9486,53.81
9487,53.58
9488,57.71
9489,61.99
9490,64.56
9491,71.47
9492,45.66
9493,52.55
9494,55.22
9495,55.21
9496,62.06
9497,67.45
9498,69.08
9499,45.1
9500,52.19
9501,52.66
9502,56.49
9503,61.45
9504,67.33
9505,69.6
9506,46.09
9507,52.89
9508,51.62
9509,67.1
9510,71.39
9511,78.38
9512,80.34
9513,52.25
9514,63.68
9515,64.17
9516,68.38
9517,74.5
9518,78.67
9519,81.3
9520,51.44
9521,65.61
9522,65.79
9523,68.76
9524,71.84
9525,77.77
9526,83.46
9527,53.05
9528,64.9
9529,64.61
9530,70.42
9531,73.03
9532,75.85
9533,84.04
9534,53.58
9535,65.68
9536,62.65
9537,67.94
9538,70.79
9539,76.85
9540,41.93
9541,48.97
9542,49.56
9543,50.66
9544,54.44
9545,61.29
9546,65.52
9547,41.39
9548,48.2
9549,47.87
9550,52.98
9551,57.4
9552,61.26
9553,62.65
9554,42.71
9555,48.99
9556,49.2
9557,51.31
9558,56.89
9559,61.18
9560,63.56
9561,41.69
9562,49.35
9563,49.68
9564,52.07
9565,55.09
9566,59.63
9567,62.77
9568,43.01
9569,48.81
9570,47.54
9571,55.15
9572,60.97
9573,67.39
9574,68.97
9575,46.49
9576,54.12
9577,52.8
9578,55.74
9579,62.5
9580,67.18
9581,67.67
9582,45.86
9583,53.67
9584,52.83
9585,56.48
9586,62.11
9587,65.38
9588,71.54
9589,46.16
9590,53.09
9591,52.57
9592,57.77
9593,60.37
9594,64.8
9595,70.06
9596,45.91
9597,53.35
9598,53.12
9599,70.3
9600,69.99
9601,79.05
9602,83.85
9603,56.36
9604,66.65
9605,66.41
9606,70.83
9607,73.03
9608,78.91
9609,84.46
9610,55.74
9611,65.38
9612,67.65
9613,71.46
9614,76.76
9615,78.59
9616,83.05
9617,55.2
9618,66.09
9619,67.46
9620,70.12
9621,72.92
9622,75.46
9623,83.79
9624,56.53
9625,66.33
9626,66.65
9627,68.5
9628,74.84
9629,75.65
9630,56.92
9631,64.63
9632,65.56
9633,72.61
9634,75.49
9635,79.94
9636,82.88
9637,56.0
9638,65.45
9639,66.37
9640,67.18
9641,71.91
9642,80.8
9643,84.95
9644,56.6
9645,63.1
9646,61.84
9647,69.8
9648,73.61
9649,79.23
9650,84.81
9651,54.62
9652,62.96
9653,61.39
9654,66.53
9655,71.3
9656,79.99
9657,81.66
9658,55.53
9659,64.1
9660,59.59
9661,73.14
9662,79.88
9663,87.13
9664,93.17
9665,60.69
9666,71.36
9667,68.33
9668,74.6
9669,81.83
9670,86.09
9671,89.85
9672,58.51
9673,73.5
9674,70.11
9675,77.38
9676,82.74
9677,86.05
9678,88.32
9679,58.43
9680,69.91
9681,70.21
9682,74.87
9683,80.92
9684,89.9
9685,86.54
9686,61.22
9687,70.87
9688,70.68
9689,91.89
9690,100.72
9691,107.76
9692,103.01
9693,72.13
9694,83.02
9695,87.79
9696,91.53
9697,99.33
9698,103.91
9699,106.37
9700,72.29
9701,84.49
9702,90.96
9703,91.39
9704,99.32
9705,102.52
9706,107.17
9707,73.73
9708,85.56
9709,88.55
9710,86.85
9711,95.28
9712,102.09
9713,106.24
9714,70.49
9715,87.56
9716,87.29
9717,86.9
9718,95.21
9719,102.01
9720,37.11
9721,43.56
9722,42.96
9723,45.63
9724,49.49
9725,53.9
9726,58.78
9727,37.07
9728,41.87
9729,40.69
9730,44.75
9731,52.51
9732,54.53
9733,56.99
9734,37.02
9735,42.24
9736,41.41
9737,43.84
9738,49.51
9739,51.87
9740,55.98
9741,36.72
9742,41.3
9743,41.08
9744,44.64
9745,49.97
9746,54.62
9747,52.87
9748,35.31
9749,41.49
9750,43.38
9751,51.16
9752,52.98
9753,57.81
9754,60.64
9755,38.63
9756,45.86
9757,46.86
9758,51.98
9759,52.36
9760,57.42
9761,61.64
9762,40.01
9763,46.98
9764,45.89
9765,50.01
9766,53.47
9767,58.21
9768,60.5
9769,38.44
9770,46.13
9771,45.02
9772,49.79
9773,52.55
9774,58.71
9775,62.75
9776,39.74
9777,47.32
9778,44.67
9779,60.91
9780,65.87
9781,65.7
9782,68.95
9783,46.28
9784,57.12
9785,56.37
9786,60.63
9787,64.45
9788,66.3
9789,74.24
9790,48.95
9791,55.76
9792,57.28
9793,61.13
9794,64.14
9795,66.32
9796,71.42
9797,49.15
9798,55.57
9799,57.99
9800,59.82
9801,66.44
9802,69.0
9803,73.57
9804,48.66
9805,56.01
9806,56.91
9807,61.7
9808,64.3
9809,64.58
9810,52.74
9811,62.55
9812,62.18
9813,67.04
9814,71.28
9815,74.68
9816,78.37
9817,53.36
9818,63.5
9819,62.52
9820,65.69
9821,70.01
9822,76.59
9823,77.14
9824,53.05
9825,62.09
9826,63.52
9827,67.42
9828,76.79
9829,77.16
9830,77.09
9831,52.4
9832,65.44
9833,63.83
9834,66.02
9835,71.79
9836,75.18
9837,77.49
9838,53.29
9839,61.03
9840,62.42
9841,73.96
9842,79.12
9843,80.85
9844,88.42
9845,60.04
9846,70.35
9847,68.41
9848,73.64
9849,81.01
9850,86.08
9851,88.28
9852,56.43
9853,67.05
9854,67.34
9855,75.71
9856,79.29
9857,80.81
9858,85.79
9859,56.96
9860,68.48
9861,67.56
9862,73.21
9863,76.9
9864,80.96
9865,86.99
9866,56.36
9867,68.77
9868,67.04
9869,84.38
9870,92.43
9871,94.96
9872,108.78
9873,68.02
9874,79.57
9875,80.1
9876,85.59
9877,94.5
9878,96.21
9879,102.11
9880,71.25
9881,78.34
9882,81.56
9883,86.39
9884,94.7
9885,99.99
9886,102.74
9887,72.53
9888,81.16
9889,82.48
9890,88.51
9891,96.52
9892,102.62
9893,104.09
9894,72.87
9895,83.58
9896,81.35
9897,88.05
9898,91.36
9899,99.58
9900,51.28
9901,56.93
9902,61.13
9903,63.13
9904,69.41
9905,72.67
9906,75.07
9907,48.97
9908,59.72
9909,60.72
9910,63.16
9911,67.02
9912,73.31
9913,78.05
9914,51.04
9915,60.1
9916,58.64
9917,60.85
9918,68.27
9919,73.25
9920,77.72
9921,50.52
9922,57.78
9923,58.67
9924,62.6
9925,67.5
9926,71.45
9927,76.5
9928,49.71
9929,58.51
9930,56.09
9931,67.94
9932,73.81
9933,80.35
9934,85.64
9935,55.07
9936,63.54
9937,65.28
9938,68.22
9939,73.37
9940,79.53
9941,84.79
9942,53.24
9943,63.51
9944,63.58
9945,69.33
9946,73.57
9947,79.98
9948,86.28
9949,54.47
9950,66.39
9951,66.69
9952,68.93
9953,73.14
9954,76.55
9955,88.81
9956,59.13
9957,66.36
9958,65.61
9959,80.29
9960,85.8
9961,92.51
9962,102.09
9963,69.63
9964,79.73
9965,79.33
9966,78.87
9967,87.15
9968,95.09
9969,99.07
9970,67.19
9971,77.47
9972,77.86
9973,79.74
9974,88.7
9975,94.38
9976,100.34
9977,65.07
9978,77.29
9979,78.6
9980,81.84
9981,88.57
9982,91.5
9983,100.21
9984,65.02
9985,77.14
9986,79.85
9987,84.54
9988,89.3
9989,94.61
9990,50.71
9991,58.07
9992,57.44
9993,62.77
9994,64.19
9995,71.91
9996,75.49
9997,49.6
9998,57.3
9999,56.26
10000,61.76
10001,66.29
10002,71.89
10003,75.75
10004,51.12
10005,56.2
10006,57.59
10007,62.76
10008,66.11
10009,74.01
10010,74.58
10011,51.74
10012,55.93
10013,57.22
10014,63.96
10015,68.31
10016,71.43
10017,72.68
10018,51.62
10019,56.83
10020,57.64
10021,68.98
10022,72.14
10023,80.63
10024,80.48
10025,55.38
10026,63.88
10027,64.36
10028,68.15
10029,73.81
10030,80.42
10031,81.97
10032,54.78
10033,63.83
10034,62.09
10035,68.9
10036,74.28
10037,80.45
10038,82.72
10039,55.39
10040,65.74
10041,65.17
10042,68.94
10043,75.77
10044,79.77
10045,83.68
10046,55.83
10047,62.64
10048,64.17
10049,81.24
10050,85.18
10051,93.26
10052,98.11
10053,64.74
10054,77.28
10055,76.19
10056,79.72
10057,84.86
10058,92.66
10059,98.64
10060,64.07
10061,75.21
10062,78.05
10063,82.65
10064,88.65
10065,94.85
10066,101.6
10067,65.28
10068,76.27
10069,76.83
10070,78.52
10071,85.63
10072,92.88
10073,99.69
10074,65.14
10075,76.56
10076,77.23
10077,80.8
10078,89.44
10079,96.9
10080,61.57
10081,73.19
10082,71.02
10083,75.98
10084,81.02
10085,85.81
10086,90.81
10087,60.11
10088,70.81
10089,69.6
10090,72.44
10091,83.5
10092,85.3
10093,90.55
10094,58.02
10095,72.4
10096,72.27
10097,73.93
10098,81.49
10099,84.07
10100,90.97
10101,61.57
10102,72.16
10103,73.3
10104,77.26
10105,80.6
10106,83.44
10107,90.75
10108,61.42
10109,71.48
10110,73.56
10111,84.3
10112,89.0
10113,99.81
10114,104.04
10115,67.49
10116,81.08
10117,82.03
10118,85.53
10119,93.03
10120,101.82
10121,101.81
10122,68.08
10123,77.38
10124,78.94
10125,86.26
10126,90.11
10127,98.49
10128,102.66
10129,69.54
10130,80.06
10131,79.24
10132,85.71
10133,90.95
10134,94.47
10135,100.95
10136,68.48
10137,77.83
10138,78.02
10139,98.7
10140,106.49
10141,111.88
10142,122.0
10143,79.6
10144,90.63
10145,93.6
10146,101.27
10147,108.57
10148,113.56
10149,125.12
10150,78.54
10151,92.39
10152,95.11
10153,102.72
10154,109.64
10155,113.06
10156,125.2
10157,79.8
10158,92.45
10159,95.93
10160,103.61
10161,111.31
10162,117.11
10163,119.77
10164,78.57
10165,92.22
10166,98.85
10167,104.41
10168,107.42
10169,115.28
10170,42.15
10171,49.63
10172,48.9
10173,54.32
10174,57.87
10175,62.07
10176,65.85
10177,41.97
10178,51.55
10179,50.02
10180,54.56
10181,57.26
10182,62.06
10183,64.94
10184,43.38
10185,49.97
10186,49.1
10187,53.97
10188,54.83
10189,56.7
10190,63.29
10191,42.04
10192,48.75
10193,50.02
10194,52.88
10195,57.03
10196,57.03
10197,64.1
10198,42.74
10199,48.13
10200,48.91
10201,59.9
10202,63.59
10203,63.17
10204,72.51
10205,47.93
10206,53.66
10207,53.5
10208,57.89
10209,62.13
10210,64.47
10211,71.64
10212,44.2
10213,53.48
10214,52.65
10215,58.52
10216,62.05
10217,67.72
10218,69.1
10219,43.73
10220,53.58
10221,53.13
10222,60.75
10223,64.86
10224,65.34
10225,69.39
10226,44.55
10227,52.72
10228,52.14
10229,70.63
10230,75.18
10231,78.84
10232,80.47
10233,52.79
10234,65.11
10235,64.69
10236,69.47
10237,73.72
10238,77.27
10239,84.18
10240,55.12
10241,62.08
10242,64.52
10243,69.37
10244,75.52
10245,78.28
10246,80.8
10247,55.64
10248,64.59
10249,67.22
10250,70.49
10251,72.89
10252,76.27
10253,81.22
10254,54.03
10255,64.09
10256,65.09
10257,70.67
10258,72.78
10259,79.68
10260,66.18
10261,72.6
10262,74.69
10263,79.21
10264,82.97
10265,89.61
10266,92.97
10267,64.98
10268,72.61
10269,75.37
10270,75.99
10271,79.63
10272,88.33
10273,93.67
10274,64.22
10275,72.84
10276,71.61
10277,77.41
10278,80.26
10279,89.08
10280,94.16
10281,61.62
10282,74.31
10283,71.41
10284,77.84
10285,82.09
10286,89.41
10287,96.48
10288,61.19
10289,72.57
10290,74.44
10291,86.24
10292,89.33
10293,95.25
10294,103.66
10295,69.59
10296,84.5
10297,87.05
10298,87.38
10299,90.85
10300,99.02
10301,107.18
10302,72.28
10303,81.77
10304,83.93
10305,88.21
10306,89.96
10307,103.54
10308,111.15
10309,71.97
10310,86.29
10311,84.08
10312,89.41
10313,94.6
10314,99.85
10315,102.02
10316,70.31
10317,84.92
10318,84.92
10319,103.94
10320,112.13
10321,116.55
10322,129.5
10323,80.21
10324,103.25
10325,100.24
10326,105.78
10327,113.68
10328,122.18
10329,131.64
10330,85.65
10331,102.91
10332,99.24
10333,106.47
10334,112.66
10335,123.92
10336,130.57
10337,87.42
10338,97.51
10339,97.44
10340,108.79
10341,112.54
10342,123.45
10343,130.59
10344,90.21
10345,96.74
10346,95.84
10347,98.75
10348,106.14
10349,119.15
10350,17.74
10351,20.9
10352,20.87
10353,23.67
10354,24.75
10355,26.52
10356,28.75
10357,18.67
10358,21.23
10359,21.49
10360,23.16
10361,24.14
10362,26.72
10363,27.4
10364,18.73
10365,20.09
10366,21.27
10367,23.66
10368,23.86
10369,26.18
10370,28.25
10371,18.66
10372,20.39
10373,21.27
10374,22.66
10375,24.26
10376,25.75
10377,27.61
10378,18.41
10379,21.12
10380,21.61
10381,25.45
10382,27.62
10383,29.05
10384,30.57
10385,20.74
10386,23.29
10387,24.38
10388,25.57
10389,25.79
10390,28.04
10391,30.79
10392,21.16
10393,22.69
10394,23.28
10395,25.1
10396,27.11
10397,29.3
10398,31.0
10399,19.32
10400,23.29
10401,22.36
10402,25.62
10403,26.4
10404,27.5
10405,29.23
10406,20.05
10407,22.73
10408,23.49
10409,29.96
10410,31.77
10411,35.5
10412,37.19
10413,24.91
10414,28.15
10415,28.89
10416,30.48
10417,30.11
10418,34.72
10419,34.59
10420,24.79
10421,27.0
10422,28.01
10423,29.93
10424,31.74
10425,33.85
10426,35.14
10427,24.64
10428,27.7
10429,27.67
10430,31.09
10431,31.53
10432,35.13
10433,35.47
10434,24.91
10435,28.41
10436,27.66
10437,30.62
10438,31.89
10439,35.95
10440,22.75
10441,26.09
10442,27.0
10443,30.89
10444,31.91
10445,33.6
10446,34.3
10447,23.07
10448,25.95
10449,27.31
10450,28.35
10451,31.68
10452,32.7
10453,35.83
10454,23.51
10455,27.75
10456,26.85
10457,30.55
10458,31.39
10459,32.82
10460,36.06
10461,23.19
10462,27.74
10463,27.66
10464,29.2
10465,30.7
10466,32.11
10467,35.64
10468,23.73
10469,27.06
10470,28.59
10471,31.95
10472,33.12
10473,36.49
10474,39.42
10475,25.8
10476,30.39
10477,30.08
10478,31.52
10479,34.32
10480,36.95
10481,38.17
10482,25.22
10483,29.3
10484,31.38
10485,32.87
10486,35.75
10487,37.27
10488,38.05
10489,26.24
10490,30.76
10491,31.41
10492,32.26
10493,35.35
10494,37.7
10495,38.27
10496,25.81
10497,30.66
10498,30.86
10499,38.84
10500,42.86
10501,45.53
10502,46.38
10503,30.61
10504,36.91
10505,36.45
10506,38.81
10507,41.17
10508,43.12
10509,46.85
10510,31.66
10511,36.49
10512,37.1
10513,38.66
10514,41.18
10515,44.34
10516,47.77
10517,31.4
10518,36.21
10519,37.24
10520,38.61
10521,41.95
10522,44.36
10523,48.51
10524,31.67
10525,37.07
10526,37.02
10527,39.45
10528,41.41
10529,46.7
10530,59.27
10531,71.0
10532,70.65
10533,75.75
10534,77.88
10535,81.92
10536,89.25
10537,59.68
10538,70.84
10539,70.58
10540,77.57
10541,79.4
10542,86.47
10543,87.45
10544,58.78
10545,71.7
10546,71.62
10547,75.0
10548,79.94
10549,83.83
10550,87.12
10551,59.88
10552,69.23
10553,72.08
10554,75.24
10555,82.33
10556,81.85
10557,86.97
10558,62.75
10559,71.76
10560,72.36
10561,79.27
10562,87.6
10563,87.93
10564,94.79
10565,71.24
10566,80.75
10567,80.61
10568,82.5
10569,87.82
10570,89.02
10571,97.13
10572,67.8
10573,75.37
10574,76.71
10575,80.24
10576,87.39
10577,91.9
10578,98.63
10579,65.15
10580,80.79
10581,79.76
10582,83.31
10583,88.83
10584,94.14
10585,99.02
10586,65.81
10587,80.54
10588,77.62
10589,96.11
10590,104.15
10591,112.05
10592,119.19
10593,77.91
10594,99.07
10595,93.15
10596,97.37
10597,107.53
10598,115.12
10599,120.53
10600,80.51
10601,93.13
10602,93.4
10603,101.84
10604,111.19
10605,117.58
10606,121.25
10607,86.42
10608,98.65
10609,94.61
10610,102.02
10611,111.28
10612,114.85
10613,120.32
10614,77.25
10615,91.91
10616,93.64
10617,102.17
10618,108.76
10619,116.63
10620,28.58
10621,32.88
10622,34.17
10623,35.15
10624,38.76
10625,39.88
10626,43.81
10627,28.02
10628,33.09
10629,33.63
10630,35.78
10631,37.91
10632,39.83
10633,44.35
10634,27.8
10635,32.15
10636,32.7
10637,34.94
10638,37.42
10639,39.13
10640,42.35
10641,27.13
10642,32.74
10643,33.64
10644,35.27
10645,37.93
10646,41.69
10647,42.41
10648,28.0
10649,34.02
10650,34.96
10651,40.35
10652,42.39
10653,45.62
10654,46.1
10655,31.46
10656,36.98
10657,37.78
10658,38.5
10659,42.32
10660,45.06
10661,47.25
10662,31.49
10663,37.64
10664,37.57
10665,39.05
10666,42.91
10667,45.07
10668,48.0
10669,31.84
10670,37.22
10671,36.78
10672,39.67
10673,41.89
10674,44.94
10675,49.28
10676,32.29
10677,37.01
10678,36.37
10679,48.25
10680,51.1
10681,55.5
10682,58.23
10683,38.31
10684,45.5
10685,43.75
10686,47.92
10687,51.59
10688,54.26
10689,60.95
10690,38.5
10691,44.83
10692,44.96
10693,47.82
10694,51.79
10695,55.2
10696,59.52
10697,37.37
10698,43.29
10699,44.46
10700,46.63
10701,51.62
10702,54.06
10703,54.77
10704,36.87
10705,44.43
10706,42.76
10707,46.64
10708,52.23
10709,53.26
10710,35.01
10711,39.52
10712,39.83
10713,41.66
10714,45.13
10715,49.01
10716,52.73
10717,34.89
10718,40.15
10719,40.55
10720,43.56
10721,46.55
10722,48.5
10723,51.14
10724,33.28
10725,40.41
10726,40.5
10727,44.72
10728,46.79
10729,49.65
10730,53.28
10731,35.36
10732,40.37
10733,40.1
10734,43.13
10735,45.14
10736,48.54
10737,55.74
10738,34.15
10739,39.87
10740,41.26
10741,47.68
10742,49.22
10743,55.25
10744,56.87
10745,41.13
10746,44.13
10747,44.65
10748,48.65
10749,49.79
10750,55.41
10751,57.34
10752,37.12
10753,44.02
10754,44.06
10755,47.12
10756,51.44
10757,56.08
10758,55.33
10759,39.15
10760,44.34
10761,44.19
10762,47.46
10763,50.68
10764,53.57
10765,54.32
10766,39.53
10767,44.46
10768,42.92
10769,57.78
10770,61.15
10771,65.85
10772,67.87
10773,46.54
10774,52.99
10775,53.92
10776,57.15
10777,60.0
10778,63.34
10779,67.12
10780,44.65
10781,53.22
10782,52.79
10783,55.85
10784,59.71
10785,65.99
10786,69.76
10787,46.19
10788,52.09
10789,52.28
10790,56.34
10791,60.11
10792,63.56
10793,65.36
10794,46.74
10795,51.43
10796,53.1
10797,57.16
10798,60.16
10799,65.33
10800,29.95
10801,34.24
10802,34.08
10803,35.51
10804,38.28
10805,40.97
10806,42.22
10807,28.72
10808,35.16
10809,35.06
10810,35.47
10811,38.41
10812,41.02
10813,45.47
10814,29.51
10815,34.02
10816,34.18
10817,36.43
10818,39.26
10819,41.43
10820,44.96
10821,29.37
10822,32.56
10823,34.23
10824,36.17
10825,38.54
10826,42.61
10827,44.07
10828,28.36
10829,33.76
10830,35.79
10831,42.8
10832,44.75
10833,47.22
10834,49.28
10835,30.97
10836,37.44
10837,38.29
10838,40.77
10839,42.46
10840,44.92
10841,48.58
10842,31.22
10843,36.02
10844,38.11
10845,39.59
10846,42.56
10847,45.42
10848,49.35
10849,31.22
10850,37.39
10851,36.67
10852,40.11
10853,42.34
10854,44.9
10855,48.01
10856,32.05
10857,36.72
10858,36.83
10859,47.65
10860,51.7
10861,53.44
10862,56.63
10863,36.97
10864,43.18
10865,41.38
10866,47.93
10867,50.21
10868,55.68
10869,57.04
10870,36.99
10871,44.22
10872,45.74
10873,48.25
10874,51.15
10875,55.9
10876,58.41
10877,37.44
10878,44.62
10879,45.09
10880,47.94
10881,50.51
10882,54.51
10883,58.64
10884,38.3
10885,45.18
10886,44.98
10887,46.22
10888,51.46
10889,55.66
10890,59.09
10891,67.7
10892,66.65
10893,72.91
10894,76.77
10895,81.71
10896,83.17
10897,57.35
10898,66.04
10899,65.34
10900,73.28
10901,77.03
10902,77.77
10903,86.23
10904,59.03
10905,69.45
10906,67.84
10907,71.46
10908,75.12
10909,77.25
10910,86.95
10911,59.49
10912,66.49
10913,64.9
10914,69.73
10915,71.95
10916,77.78
10917,86.24
10918,59.69
10919,66.2
10920,66.7
10921,77.5
10922,79.93
10923,88.66
10924,93.49
10925,62.15
10926,71.42
10927,75.09
10928,79.13
10929,84.36
10930,92.12
10931,98.56
10932,63.28
10933,73.11
10934,73.77
10935,78.77
10936,83.32
10937,92.65
10938,95.29
10939,62.89
10940,74.95
10941,76.48
10942,81.78
10943,89.17
10944,95.03
10945,95.73
10946,64.27
10947,75.19
10948,75.15
10949,97.08
10950,104.1
10951,109.67
10952,116.49
10953,75.95
10954,90.14
10955,91.17
10956,100.23
10957,105.3
10958,113.47
10959,113.02
10960,76.81
10961,86.47
10962,88.36
10963,97.58
10964,100.12
10965,108.47
10966,115.09
10967,78.5
10968,88.08
10969,90.12
10970,94.02
10971,100.04
10972,107.82
10973,113.49
10974,79.27
10975,84.46
10976,88.09
10977,93.94
10978,99.32
10979,104.45
10980,20.25
10981,23.82
10982,24.28
10983,26.64
10984,28.8
10985,28.17
10986,30.47
10987,20.37
10988,22.89
10989,24.3
10990,26.04
10991,27.34
10992,29.69
10993,32.49
10994,19.9
10995,23.26
10996,25.21
10997,26.26
10998,27.82
10999,29.13
11000,31.57
11001,19.45
11002,25.42
11003,25.24
11004,25.52
11005,29.24
11006,29.62
11007,31.72
11008,20.59
11009,24.33
11010,25.23
11011,28.21
11012,30.6
11013,31.42
11014,36.23
11015,23.29
11016,26.89
11017,27.3
11018,29.56
11019,31.08
11020,32.17
11021,36.23
11022,23.74
11023,27.15
11024,26.44
11025,29.7
11026,30.74
11027,32.38
11028,37.27
11029,23.18
11030,26.5
11031,27.77
11032,29.22
11033,31.47
11034,32.61
11035,35.34
11036,22.76
11037,26.58
11038,26.65
11039,34.12
11040,36.42
11041,39.31
11042,40.58
11043,27.55
11044,33.05
11045,31.63
11046,33.76
11047,35.91
11048,39.54
11049,40.73
11050,28.53
11051,31.93
11052,32.12
11053,34.24
11054,37.34
11055,38.75
11056,40.59
11057,28.51
11058,32.07
11059,32.06
11060,33.85
11061,36.34
11062,38.86
11063,41.1
11064,28.0
11065,30.92
11066,32.76
11067,34.34
11068,36.23
11069,38.88
11070,48.97
11071,56.05
11072,53.41
11073,62.76
11074,65.71
11075,71.3
11076,72.74
11077,48.6
11078,54.75
11079,53.46
11080,60.67
11081,64.35
11082,69.47
11083,71.41
11084,46.69
11085,53.25
11086,55.61
11087,61.11
11088,63.7
11089,72.08
11090,71.54
11091,47.15
11092,54.15
11093,53.63
11094,60.12
11095,64.98
11096,68.98
11097,72.91
11098,47.02
11099,55.2
11100,55.2
11101,65.2
11102,70.94
11103,76.77
11104,81.33
11105,51.55
11106,61.81
11107,59.21
11108,68.84
11109,70.56
11110,74.28
11111,81.34
11112,51.93
11113,60.53
11114,59.66
11115,64.14
11116,71.72
11117,72.89
11118,79.88
11119,51.93
11120,62.8
11121,60.05
11122,64.83
11123,70.41
11124,73.7
11125,80.6
11126,53.4
11127,64.84
11128,61.58
11129,78.52
11130,85.81
11131,87.94
11132,97.47
11133,65.37
11134,74.16
11135,71.81
11136,77.9
11137,83.0
11138,93.06
11139,95.85
11140,64.35
11141,73.29
11142,75.68
11143,77.81
11144,82.6
11145,88.75
11146,93.88
11147,64.17
11148,75.4
11149,74.08
11150,77.03
11151,83.7
11152,88.16
11153,95.62
11154,63.42
11155,74.81
11156,73.11
11157,77.79
11158,81.08
11159,89.74
11160,57.12
11161,66.71
11162,67.01
11163,70.94
11164,74.5
11165,80.01
11166,85.92
11167,55.22
11168,65.37
11169,67.05
11170,72.49
11171,76.32
11172,80.93
11173,82.58
11174,57.72
11175,67.23
11176,66.79
11177,71.74
11178,74.99
11179,78.64
11180,85.81
11181,57.02
11182,65.79
11183,65.28
11184,73.15
11185,76.17
11186,78.1
11187,90.13
11188,56.96
11189,64.71
11190,69.43
11191,78.22
11192,84.0
11193,88.87
11194,96.85
11195,64.12
11196,71.46
11197,75.63
11198,80.85
11199,82.88
11200,90.71
11201,98.73
11202,64.46
11203,71.76
11204,72.42
11205,77.28
11206,79.37
11207,90.19
11208,95.68
11209,65.28
11210,71.56
11211,72.7
11212,79.01
11213,79.49
11214,89.28
11215,97.36
11216,63.94
11217,73.05
11218,75.14
11219,93.17
11220,98.66
11221,108.28
11222,112.67
11223,77.2
11224,88.67
11225,93.36
11226,101.1
11227,104.5
11228,112.37
11229,114.18
11230,75.2
11231,85.78
11232,92.02
11233,100.43
11234,103.8
11235,113.67
11236,116.98
11237,78.51
11238,87.57
11239,90.99
11240,99.01
11241,103.18
11242,111.12
11243,117.02
11244,79.57
11245,89.25
11246,89.75
11247,97.61
11248,100.17
11249,109.79
11250,34.58
11251,40.48
11252,39.16
11253,43.33
11254,43.99
11255,46.86
11256,50.35
11257,33.89
11258,38.96
11259,39.28
11260,41.51
11261,44.44
11262,49.51
11263,53.18
11264,33.6
11265,39.07
11266,40.4
11267,41.97
11268,47.1
11269,48.05
11270,52.04
11271,33.88
11272,38.79
11273,39.61
11274,40.52
11275,45.42
11276,47.4
11277,50.27
11278,33.28
11279,38.55
11280,39.61
11281,46.95
11282,47.94
11283,52.61
11284,54.34
11285,37.0
11286,44.27
11287,43.16
11288,46.43
11289,48.82
11290,52.99
11291,53.33
11292,38.61
11293,42.48
11294,44.49
11295,46.92
11296,48.48
11297,51.79
11298,53.66
11299,39.96
11300,42.71
11301,43.59
11302,46.22
11303,49.72
11304,52.61
11305,53.74
11306,37.58
11307,42.98
11308,42.87
11309,54.48
11310,58.39
11311,61.5
11312,62.02
11313,43.58
11314,50.4
11315,51.68
11316,54.25
11317,58.09
11318,61.17
11319,63.8
11320,45.69
11321,50.82
11322,50.9
11323,53.48
11324,58.01
11325,64.56
11326,67.35
11327,44.47
11328,51.28
11329,51.46
11330,56.58
11331,57.75
11332,65.12
11333,65.97
11334,44.71
11335,51.33
11336,52.54
11337,56.97
11338,59.03
11339,63.61
11340,16.02
11341,19.28
11342,18.5
11343,19.73
11344,22.07
11345,21.22
11346,23.77
11347,15.91
11348,18.78
11349,18.52
11350,19.22
11351,21.36
11352,22.56
11353,23.05
11354,16.29
11355,18.58
11356,18.49
11357,20.45
11358,21.47
11359,22.07
11360,23.14
11361,15.89
11362,18.25
11363,18.41
11364,19.51
11365,19.92
11366,22.52
11367,23.82
11368,15.71
11369,18.31
11370,19.03
11371,21.26
11372,22.87
11373,24.02
11374,26.1
11375,17.48
11376,20.83
11377,20.64
11378,21.96
11379,23.46
11380,24.34
11381,26.18
11382,16.7
11383,19.17
11384,19.95
11385,20.91
11386,23.2
11387,24.66
11388,26.76
11389,16.41
11390,19.41
11391,20.19
11392,20.93
11393,23.99
11394,24.2
11395,26.61
11396,17.08
11397,19.54
11398,19.59
11399,24.42
11400,26.69
11401,30.14
11402,32.26
11403,20.04
11404,23.38
11405,23.59
11406,25.4
11407,26.69
11408,29.18
11409,31.01
11410,20.04
11411,23.95
11412,24.03
11413,26.31
11414,28.47
11415,29.16
11416,30.94
11417,20.49
11418,23.84
11419,23.86
11420,25.28
11421,27.91
11422,30.16
11423,31.6
11424,21.13
11425,24.02
11426,23.54
11427,25.21
11428,28.13
11429,30.69
11430,63.55
11431,75.15
11432,75.12
11433,80.79
11434,83.64
11435,89.93
11436,93.3
11437,63.9
11438,73.14
11439,77.5
11440,77.88
11441,78.24
11442,87.39
11443,88.81
11444,60.81
11445,73.67
11446,77.39
11447,79.72
11448,83.43
11449,88.3
11450,89.59
11451,61.61
11452,71.57
11453,75.22
11454,78.33
11455,82.49
11456,87.94
11457,90.63
11458,61.59
11459,74.65
11460,74.78
11461,88.22
11462,91.07
11463,102.71
11464,101.64
11465,66.95
11466,78.33
11467,80.31
11468,88.74
11469,91.9
11470,100.38
11471,106.26
11472,68.27
11473,81.6
11474,81.34
11475,88.2
11476,92.48
11477,98.7
11478,100.33
11479,68.09
11480,82.37
11481,80.91
11482,87.9
11483,97.28
11484,101.97
11485,107.46
11486,72.64
11487,86.01
11488,83.4
11489,104.07
11490,115.29
11491,117.24
11492,128.46
11493,78.95
11494,97.37
11495,99.76
11496,112.9
11497,115.21
11498,121.51
11499,130.12
11500,80.39
11501,97.54
11502,97.34
11503,103.27
11504,103.59
11505,116.96
11506,128.35
11507,81.61
11508,100.44
11509,101.49
11510,103.79
11511,107.53
11512,118.89
11513,128.31
11514,80.75
11515,96.65
11516,96.88
11517,103.45
11518,109.14
11519,120.09
11520,51.28
11521,58.72
11522,58.17
11523,61.72
11524,65.7
11525,73.88
11526,74.18
11527,52.55
11528,58.97
11529,61.17
11530,60.44
11531,65.43
11532,72.88
11533,71.62
11534,50.74
11535,59.89
11536,58.35
11537,62.31
11538,68.05
11539,76.18
11540,72.77
11541,50.91
11542,58.47
11543,56.83
11544,63.53
11545,69.17
11546,72.83
11547,74.18
11548,50.91
11549,57.97
11550,60.01
11551,69.96
11552,76.93
11553,81.62
11554,82.91
11555,54.25
11556,64.9
11557,65.39
11558,67.21
11559,75.61
11560,84.34
11561,85.05
11562,56.5
11563,68.61
11564,66.67
11565,71.95
11566,76.49
11567,78.57
11568,85.4
11569,56.35
11570,68.01
11571,66.86
11572,69.44
11573,76.13
11574,81.56
11575,89.06
11576,57.38
11577,68.24
11578,63.79
11579,79.87
11580,87.5
11581,96.45
11582,103.69
11583,70.75
11584,78.64
11585,73.69
11586,80.07
11587,89.58
11588,101.37
11589,102.31
11590,69.59
11591,73.73
11592,75.39
11593,85.51
11594,91.83
11595,95.2
11596,98.6
11597,65.02
11598,76.59
11599,80.08
11600,86.67
11601,91.93
11602,97.83
11603,101.15
11604,66.15
11605,78.58
11606,81.95
11607,86.63
11608,90.63
11609,96.39
11610,29.86
11611,33.81
11612,33.54
11613,35.62
11614,38.57
11615,42.25
11616,46.17
11617,28.79
11618,35.95
11619,34.43
11620,34.9
11621,38.59
11622,42.11
11623,44.74
11624,29.3
11625,34.08
11626,34.38
11627,35.76
11628,38.91
11629,41.53
11630,44.59
11631,29.52
11632,33.92
11633,34.59
11634,33.56
11635,38.37
11636,42.12
11637,44.11
11638,29.04
11639,34.23
11640,35.56
11641,39.26
11642,43.75
11643,45.8
11644,47.28
11645,32.05
11646,38.45
11647,39.33
11648,36.39
11649,42.39
11650,46.79
11651,45.92
11652,32.28
11653,37.48
11654,36.24
11655,38.85
11656,42.97
11657,47.28
11658,47.25
11659,30.67
11660,39.24
11661,37.64
11662,41.18
11663,43.05
11664,47.07
11665,48.28
11666,31.76
11667,37.5
11668,37.23
11669,48.74
11670,50.43
11671,54.89
11672,55.05
11673,36.98
11674,44.82
11675,45.14
11676,48.64
11677,50.58
11678,53.03
11679,55.69
11680,37.91
11681,44.7
11682,45.7
11683,47.3
11684,52.48
11685,55.82
11686,60.16
11687,40.88
11688,45.52
11689,43.84
11690,48.27
11691,51.23
11692,52.28
11693,59.0
11694,39.83
11695,44.25
11696,45.44
11697,48.77
11698,51.04
11699,53.9
11700,42.29
11701,48.99
11702,49.55
11703,49.9
11704,55.01
11705,61.18
11706,64.74
11707,40.92
11708,49.09
11709,49.77
11710,51.13
11711,54.56
11712,61.56
11713,63.42
11714,42.92
11715,48.73
11716,49.33
11717,53.21
11718,56.61
11719,59.79
11720,63.21
11721,41.13
11722,47.33
11723,49.36
11724,51.77
11725,54.94
11726,58.49
11727,63.53
11728,42.37
11729,49.08
11730,50.61
11731,58.33
11732,61.5
11733,66.04
11734,67.84
11735,45.7
11736,52.73
11737,55.39
11738,58.08
11739,59.92
11740,66.71
11741,70.33
11742,46.34
11743,52.5
11744,52.84
11745,55.51
11746,61.95
11747,66.15
11748,70.0
11749,46.47
11750,54.17
11751,53.34
11752,58.57
11753,60.93
11754,69.49
11755,70.82
11756,47.62
11757,55.81
11758,51.51
11759,70.15
11760,73.47
11761,78.03
11762,86.71
11763,53.51
11764,66.52
11765,62.81
11766,72.28
11767,74.54
11768,78.98
11769,85.14
11770,53.37
11771,66.25
11772,64.3
11773,71.66
11774,76.06
11775,77.47
11776,84.65
11777,57.74
11778,68.71
11779,66.06
11780,71.37
11781,75.74
11782,81.6
11783,87.29
11784,57.77
11785,66.36
11786,65.13
11787,70.14
11788,74.05
11789,84.28
11790,32.41
11791,37.34
11792,38.92
11793,40.99
11794,42.67
11795,44.98
11796,48.67
11797,32.43
11798,36.68
11799,37.78
11800,39.26
11801,41.55
11802,46.34
11803,48.17
11804,31.22
11805,35.7
11806,36.68
11807,39.39
11808,41.98
11809,45.2
11810,47.52
11811,31.16
11812,36.5
11813,36.46
11814,39.04
11815,42.95
11816,44.56
11817,47.56
11818,30.11
11819,35.91
11820,37.88
11821,44.51
11822,45.64
11823,50.18
11824,51.74
11825,34.93
11826,40.03
11827,39.6
11828,44.7
11829,46.2
11830,51.21
11831,53.37
11832,34.16
11833,39.47
11834,39.91
11835,42.99
11836,45.75
11837,49.42
11838,52.98
11839,33.53
11840,39.71
11841,41.52
11842,45.25
11843,46.61
11844,49.78
11845,51.64
11846,35.23
11847,41.41
11848,40.76
11849,52.49
11850,57.35
11851,59.83
11852,60.33
11853,40.1
11854,50.96
11855,50.21
11856,52.34
11857,55.25
11858,57.3
11859,61.0
11860,41.84
11861,49.78
11862,50.31
11863,53.42
11864,55.93
11865,58.64
11866,62.08
11867,42.21
11868,49.23
11869,49.96
11870,51.66
11871,55.04
11872,55.95
11873,62.61
11874,40.66
11875,48.69
11876,48.4
11877,50.67
11878,54.98
11879,59.53
11880,51.89
11881,60.26
11882,59.17
11883,63.19
11884,65.41
11885,70.87
11886,72.23
11887,51.82
11888,59.93
11889,57.33
11890,62.16
11891,65.16
11892,71.8
11893,71.42
11894,51.01
11895,57.74
11896,56.18
11897,61.05
11898,66.95
11899,71.64
11900,72.17
11901,48.36
11902,57.3
11903,56.09
11904,61.69
11905,64.21
11906,70.05
11907,71.98
11908,50.38
11909,58.96
11910,57.36
11911,65.99
11912,73.7
11913,78.85
11914,84.89
11915,53.93
11916,63.27
11917,62.0
11918,66.37
11919,71.87
11920,75.11
11921,81.67
11922,54.4
11923,62.54
11924,64.05
11925,67.02
11926,74.84
11927,77.44
11928,85.51
11929,55.51
11930,65.36
11931,64.29
11932,67.69
11933,72.81
11934,78.42
11935,87.08
11936,56.2
11937,63.03
11938,63.93
11939,81.63
11940,88.7
11941,94.75
11942,102.5
11943,68.13
11944,77.3
11945,80.87
11946,85.83
11947,89.58
11948,95.13
11949,104.01
11950,67.7
11951,79.89
11952,78.95
11953,83.1
11954,85.74
11955,88.27
11956,94.56
11957,66.5
11958,80.27
11959,77.37
11960,80.09
11961,86.67
11962,93.84
11963,102.34
11964,67.92
11965,82.59
11966,74.71
11967,84.13
11968,88.65
11969,98.21
11970,18.29
11971,21.08
11972,20.79
11973,21.99
11974,24.7
11975,26.3
11976,26.54
11977,17.79
11978,20.1
11979,20.89
11980,22.19
11981,24.96
11982,25.57
11983,29.04
11984,17.56
11985,20.76
11986,21.48
11987,22.9
11988,24.02
11989,26.0
11990,28.45
11991,18.43
11992,21.22
11993,21.04
11994,23.48
11995,24.72
11996,27.23
11997,29.76
11998,18.92
11999,21.52
12000,21.5
12001,26.9
12002,26.3
12003,29.42
12004,29.57
12005,20.65
12006,23.65
12007,23.59
12008,26.41
12009,27.09
12010,30.05
12011,32.51
12012,21.08
12013,23.46
12014,24.03
12015,25.6
12016,26.67
12017,28.91
12018,29.7
12019,20.36
12020,23.31
12021,23.53
12022,25.29
12023,27.95
12024,29.27
12025,30.83
12026,20.21
12027,22.75
12028,23.03
12029,28.86
12030,32.19
12031,34.01
12032,35.73
12033,23.89
12034,27.76
12035,28.82
12036,29.85
12037,31.23
12038,32.81
12039,34.89
12040,24.44
12041,27.94
12042,28.15
12043,29.1
12044,33.11
12045,34.03
12046,37.44
12047,25.14
12048,28.73
12049,28.02
12050,30.01
12051,32.97
12052,34.59
12053,36.06
12054,25.21
12055,27.88
12056,28.47
12057,29.6
12058,34.1
12059,36.08
12060,47.43
12061,53.71
12062,55.05
12063,57.57
12064,64.23
12065,66.94
12066,69.9
12067,46.3
12068,53.3
12069,53.25
12070,57.67
12071,63.37
12072,68.45
12073,72.11
12074,45.34
12075,53.25
12076,52.6
12077,56.85
12078,60.78
12079,63.62
12080,68.22
12081,44.19
12082,51.65
12083,52.28
12084,59.46
12085,62.26
12086,66.07
12087,72.2
12088,46.07
12089,52.49
12090,54.8
12091,62.1
12092,68.13
12093,71.8
12094,78.74
12095,50.6
12096,57.96
12097,58.29
12098,63.44
12099,69.67
12100,73.9
12101,79.78
12102,54.57
12103,59.26
12104,59.74
12105,64.14
12106,69.63
12107,75.43
12108,81.08
12109,52.22
12110,58.47
12111,59.47
12112,63.27
12113,69.67
12114,75.51
12115,79.95
12116,52.11
12117,58.11
12118,60.78
12119,79.72
12120,83.45
12121,86.29
12122,89.81
12123,61.59
12124,70.4
12125,73.3
12126,78.33
12127,80.55
12128,84.53
12129,92.86
12130,61.86
12131,70.71
12132,72.22
12133,78.01
12134,79.45
12135,87.53
12136,95.5
12137,61.97
12138,71.35
12139,70.74
12140,76.47
12141,83.41
12142,90.97
12143,94.39
12144,59.65
12145,71.25
12146,71.84
12147,77.34
12148,82.39
12149,89.84
12150,54.16
12151,65.74
12152,63.53
12153,69.11
12154,72.18
12155,79.71
12156,87.93
12157,55.39
12158,66.91
12159,62.71
12160,69.81
12161,75.03
12162,84.18
12163,85.51
12164,57.21
12165,67.29
12166,65.68
12167,70.5
12168,74.16
12169,80.42
12170,81.54
12171,56.26
12172,63.99
12173,63.89
12174,70.54
12175,74.57
12176,78.64
12177,83.31
12178,56.06
12179,61.82
12180,65.32
12181,75.15
12182,82.95
12183,87.56
12184,90.55
12185,62.5
12186,69.7
12187,72.13
12188,78.55
12189,82.92
12190,86.46
12191,89.77
12192,61.79
12193,70.54
12194,71.22
12195,76.39
12196,79.39
12197,85.95
12198,90.43
12199,60.4
12200,72.18
12201,69.44
12202,76.63
12203,77.08
12204,86.63
12205,93.45
12206,59.41
12207,71.12
12208,68.56
12209,91.2
12210,93.77
12211,104.52
12212,109.3
12213,71.77
12214,83.91
12215,84.68
12216,90.5
12217,93.69
12218,102.86
12219,112.24
12220,72.66
12221,82.45
12222,85.57
12223,92.79
12224,99.87
12225,108.14
12226,112.53
12227,70.61
12228,84.84
12229,88.45
12230,95.75
12231,101.15
12232,106.46
12233,113.89
12234,71.12
12235,86.43
12236,88.55
12237,93.63
12238,99.88
12239,106.6
12240,20.29
12241,24.9
12242,25.08
12243,26.15
12244,27.93
12245,29.2
12246,31.05
12247,20.82
12248,25.08
12249,26.07
12250,26.5
12251,27.11
12252,29.31
12253,31.61
12254,19.87
12255,23.53
12256,24.9
12257,26.53
12258,27.57
12259,29.61
12260,31.43
12261,21.28
12262,24.64
12263,24.82
12264,25.92
12265,27.23
12266,29.58
12267,29.68
12268,19.74
12269,23.9
12270,24.51
12271,28.86
12272,30.17
12273,33.49
12274,33.75
12275,23.29
12276,26.2
12277,27.06
12278,28.69
12279,30.29
12280,34.62
12281,34.67
12282,22.93
12283,26.14
12284,27.18
12285,28.22
12286,29.66
12287,34.39
12288,34.29
12289,24.05
12290,27.44
12291,26.83
12292,29.24
12293,30.19
12294,33.94
12295,35.3
12296,25.06
12297,27.51
12298,26.44
12299,34.65
12300,37.22
12301,40.18
12302,44.72
12303,29.62
12304,32.9
12305,33.26
12306,34.14
12307,35.57
12308,39.36
12309,43.62
12310,28.07
12311,31.89
12312,31.5
12313,34.02
12314,35.79
12315,39.96
12316,42.15
12317,27.5
12318,31.6
12319,31.59
12320,35.2
12321,37.24
12322,38.12
12323,41.12
12324,26.32
12325,31.01
12326,32.71
12327,34.91
12328,36.65
12329,40.74
12330,57.92
12331,68.72
12332,69.48
12333,72.8
12334,74.16
12335,80.98
12336,89.1
12337,59.13
12338,68.32
12339,68.04
12340,73.4
12341,78.46
12342,82.59
12343,88.88
12344,59.18
12345,66.71
12346,68.95
12347,72.97
12348,76.13
12349,81.48
12350,89.4
12351,56.56
12352,65.94
12353,67.01
12354,72.36
12355,78.2
12356,82.07
12357,86.34
12358,54.41
12359,67.18
12360,68.84
12361,79.96
12362,85.33
12363,88.15
12364,92.86
12365,58.45
12366,71.67
12367,73.99
12368,79.61
12369,85.34
12370,92.04
12371,95.22
12372,62.01
12373,73.67
12374,75.61
12375,80.51
12376,88.1
12377,91.97
12378,95.68
12379,61.37
12380,74.16
12381,77.49
12382,82.81
12383,87.27
12384,93.25
12385,96.38
12386,64.34
12387,76.71
12388,77.41
12389,94.97
12390,102.83
12391,102.43
12392,112.85
12393,82.28
12394,89.28
12395,92.32
12396,93.98
12397,98.99
12398,103.56
12399,117.77
12400,78.68
12401,86.98
12402,90.36
12403,92.85
12404,102.3
12405,107.62
12406,122.2
12407,79.44
12408,89.5
12409,95.04
12410,93.63
12411,105.06
12412,103.56
12413,113.97
12414,74.22
12415,87.72
12416,91.84
12417,94.08
12418,104.9
12419,105.15
12420,31.87
12421,35.41
12422,37.77
12423,40.76
12424,41.28
12425,44.62
12426,48.46
12427,31.95
12428,36.58
12429,36.56
12430,40.93
12431,42.25
12432,46.1
12433,49.54
12434,31.94
12435,36.78
12436,37.12
12437,40.87
12438,41.42
12439,45.19
12440,49.58
12441,30.7
12442,36.62
12443,36.61
12444,38.67
12445,42.11
12446,43.21
12447,48.31
12448,31.51
12449,36.52
12450,37.94
12451,44.23
12452,48.17
12453,51.31
12454,55.72
12455,35.23
12456,40.67
12457,40.5
12458,43.77
12459,46.5
12460,50.85
12461,52.39
12462,34.8
12463,39.77
12464,39.99
12465,43.53
12466,45.05
12467,50.22
12468,54.34
12469,36.44
12470,40.57
12471,41.2
12472,43.62
12473,47.6
12474,49.63
12475,53.52
12476,35.61
12477,41.5
12478,40.24
12479,51.0
12480,55.53
12481,62.13
12482,64.68
12483,41.89
12484,47.32
12485,47.64
12486,49.8
12487,53.24
12488,59.55
12489,62.88
12490,39.75
12491,48.31
12492,48.63
12493,53.17
12494,56.06
12495,61.01
12496,64.46
12497,40.1
12498,48.71
12499,47.4
12500,50.63
12501,56.9
12502,57.14
12503,59.19
12504,41.22
12505,48.79
12506,49.33
12507,52.52
12508,57.91
12509,58.63
12510,19.83
12511,25.02
12512,24.67
12513,26.48
12514,28.24
12515,31.34
12516,32.7
12517,20.61
12518,24.62
12519,24.76
12520,27.16
12521,28.05
12522,29.62
12523,31.05
12524,20.65
12525,24.63
12526,24.95
12527,25.78
12528,28.01
12529,30.78
12530,31.02
12531,21.0
12532,24.17
12533,24.45
12534,25.98
12535,27.74
12536,31.11
12537,31.86
12538,21.72
12539,23.44
12540,24.37
12541,28.63
12542,30.62
12543,34.14
12544,35.81
12545,23.59
12546,25.72
12547,27.04
12548,29.17
12549,32.01
12550,33.57
12551,37.86
12552,23.62
12553,26.46
12554,27.43
12555,28.66
12556,31.53
12557,32.8
12558,35.39
12559,23.89
12560,27.25
12561,27.1
12562,29.2
12563,31.23
12564,34.48
12565,37.74
12566,23.14
12567,26.87
12568,26.66
12569,34.89
12570,35.79
12571,39.69
12572,42.25
12573,26.47
12574,33.11
12575,33.63
12576,35.28
12577,36.77
12578,38.01
12579,41.9
12580,28.56
12581,33.23
12582,33.46
12583,34.1
12584,36.88
12585,37.05
12586,41.72
12587,28.03
12588,32.0
12589,33.03
12590,35.0
12591,37.2
12592,37.45
12593,40.5
12594,28.63
12595,32.35
12596,32.38
12597,35.28
12598,37.1
12599,38.7
12600,16.84
12601,19.0
12602,18.77
12603,20.03
12604,21.64
12605,22.4
12606,22.9
12607,16.52
12608,18.7
12609,18.73
12610,19.78
12611,21.51
12612,22.97
12613,24.13
12614,15.61
12615,18.31
12616,18.83
12617,19.74
12618,21.06
12619,22.34
12620,23.19
12621,15.38
12622,18.37
12623,18.99
12624,19.26
12625,20.8
12626,22.03
12627,22.65
12628,15.56
12629,19.53
12630,18.5
12631,21.95
12632,23.2
12633,25.28
12634,24.57
12635,17.9
12636,20.08
12637,20.01
12638,21.2
12639,23.0
12640,24.74
12641,27.56
12642,17.43
12643,20.13
12644,19.89
12645,21.44
12646,23.27
12647,24.36
12648,25.62
12649,17.82
12650,20.16
12651,19.99
12652,21.81
12653,23.98
12654,24.77
12655,26.43
12656,17.91
12657,19.57
12658,19.77
12659,26.1
12660,27.82
12661,28.62
12662,31.83
12663,21.2
12664,24.25
12665,24.38
12666,25.43
12667,26.72
12668,30.69
12669,32.29
12670,20.71
12671,24.15
12672,24.1
12673,25.54
12674,28.05
12675,30.46
12676,31.75
12677,20.46
12678,24.64
12679,24.01
12680,25.99
12681,28.15
12682,30.33
12683,31.4
12684,20.75
12685,23.74
12686,23.62
12687,26.04
12688,27.98
12689,29.93
12690,24.87
12691,29.51
12692,30.98
12693,32.28
12694,35.45
12695,37.72
12696,37.26
12697,26.09
12698,30.03
12699,30.53
12700,31.7
12701,34.27
12702,38.6
12703,37.63
12704,26.88
12705,30.05
12706,31.39
12707,32.23
12708,33.63
12709,37.85
12710,39.47
12711,26.25
12712,30.18
12713,31.1
12714,33.01
12715,34.53
12716,37.23
12717,40.44
12718,25.63
12719,30.03
12720,31.56
12721,36.27
12722,38.78
12723,41.6
12724,46.12
12725,29.24
12726,34.65
12727,34.35
12728,37.16
12729,38.89
12730,40.5
12731,44.5
12732,29.75
12733,34.18
12734,34.22
12735,35.94
12736,37.94
12737,41.26
12738,44.9
12739,29.44
12740,33.7
12741,33.58
12742,36.01
12743,37.24
12744,40.92
12745,42.43
12746,29.69
12747,33.35
12748,33.08
12749,43.51
12750,46.43
12751,50.17
12752,52.45
12753,35.61
12754,39.64
12755,42.04
12756,43.94
12757,45.5
12758,49.43
12759,52.35
12760,34.99
12761,40.25
12762,41.27
12763,43.76
12764,44.85
12765,52.09
12766,54.46
12767,34.95
12768,40.26
12769,40.19
12770,42.77
12771,45.14
12772,51.33
12773,51.7
12774,34.39
12775,40.01
12776,41.59
12777,43.5
12778,45.56
12779,50.94
12780,35.58
12781,43.09
12782,40.55
12783,44.91
12784,47.95
12785,53.53
12786,54.4
12787,36.2
12788,43.69
12789,42.31
12790,44.97
12791,47.94
12792,50.72
12793,53.44
12794,37.35
12795,44.6
12796,43.27
12797,44.16
12798,49.04
12799,50.59
12800,49.94
12801,36.09
12802,41.79
12803,41.7
12804,44.57
12805,49.62
12806,53.46
12807,54.82
12808,35.66
12809,41.77
12810,42.67
12811,49.44
12812,56.22
12813,57.27
12814,62.46
12815,41.05
12816,47.84
12817,48.99
12818,51.49
12819,56.01
12820,56.21
12821,61.92
12822,39.73
12823,46.15
12824,46.28
12825,48.28
12826,53.56
12827,56.13
12828,61.67
12829,39.57
12830,47.62
12831,47.66
12832,51.86
12833,52.73
12834,60.6
12835,60.89
12836,39.18
12837,46.78
12838,45.3
12839,61.9
12840,64.82
12841,70.93
12842,74.66
12843,47.92
12844,58.02
12845,56.99
12846,62.51
12847,64.7
12848,68.66
12849,75.1
12850,48.42
12851,56.26
12852,54.99
12853,62.05
12854,64.45
12855,68.2
12856,76.49
12857,49.16
12858,57.02
12859,53.58
12860,59.82
12861,64.63
12862,69.9
12863,74.49
12864,49.46
12865,57.0
12866,55.06
12867,58.88
12868,67.08
12869,70.71
12870,20.22
12871,24.53
12872,24.87
12873,25.63
12874,28.38
12875,30.17
12876,31.91
12877,20.28
12878,24.03
12879,24.53
12880,25.72
12881,28.55
12882,30.91
12883,32.0
12884,20.71
12885,23.07
12886,24.64
12887,25.84
12888,28.52
12889,29.55
12890,31.81
12891,21.65
12892,24.62
12893,24.31
12894,26.89
12895,28.13
12896,30.12
12897,31.05
12898,20.43
12899,23.61
12900,24.78
12901,29.14
12902,31.8
12903,32.81
12904,32.7
12905,22.67
12906,27.59
12907,27.31
12908,28.98
12909,30.7
12910,32.13
12911,35.24
12912,21.79
12913,26.46
12914,26.57
12915,29.59
12916,30.24
12917,32.45
12918,33.69
12919,22.34
12920,27.19
12921,26.79
12922,28.77
12923,30.02
12924,32.9
12925,35.88
12926,23.28
12927,27.62
12928,26.67
12929,34.74
12930,37.02
12931,39.1
12932,40.35
12933,28.18
12934,32.03
12935,32.76
12936,34.27
12937,35.98
12938,38.18
12939,40.91
12940,27.77
12941,31.95
12942,31.94
12943,34.35
12944,35.54
12945,38.59
12946,39.65
12947,26.5
12948,31.19
12949,32.34
12950,35.04
12951,35.42
12952,38.76
12953,42.19
12954,27.93
12955,31.86
12956,31.54
12957,34.54
12958,35.84
12959,39.18
12960,56.19
12961,69.11
12962,67.86
12963,73.14
12964,75.55
12965,81.62
12966,87.6
12967,56.79
12968,67.23
12969,68.63
12970,74.19
12971,77.93
12972,82.25
12973,89.85
12974,53.77
12975,67.63
12976,66.57
12977,73.31
12978,76.91
12979,80.8
12980,87.19
12981,55.86
12982,67.69
12983,68.12
12984,74.15
12985,76.54
12986,79.2
12987,87.39
12988,56.97
12989,70.91
12990,70.76
12991,78.79
12992,83.8
12993,88.94
12994,93.62
12995,65.3
12996,78.41
12997,76.87
12998,80.34
12999,82.13
13000,89.23
13001,94.06
13002,67.25
13003,74.62
13004,74.27
13005,78.04
13006,83.04
13007,87.65
13008,93.65
13009,66.32
13010,74.68
13011,75.05
13012,79.17
13013,81.66
13014,91.49
13015,89.9
13016,63.85
13017,72.18
13018,70.98
13019,95.4
13020,97.49
13021,106.43
13022,109.95
13023,72.66
13024,86.48
13025,88.08
13026,97.44
13027,99.08
13028,111.1
13029,112.98
13030,73.82
13031,86.1
13032,90.33
13033,98.91
13034,104.32
13035,113.37
13036,115.18
13037,76.55
13038,89.64
13039,93.03
13040,102.11
13041,103.96
13042,111.29
13043,116.27
13044,78.55
13045,86.58
13046,87.52
13047,95.13
13048,101.51
13049,107.93
13050,42.8
13051,49.72
13052,48.96
13053,53.53
13054,55.34
13055,61.04
13056,64.03
13057,44.22
13058,49.19
13059,48.72
13060,52.37
13061,57.35
13062,59.89
13063,63.93
13064,42.33
13065,49.42
13066,48.6
13067,52.07
13068,55.96
13069,59.08
13070,62.86
13071,40.76
13072,49.55
13073,47.64
13074,50.25
13075,56.3
13076,60.0
13077,61.83
13078,42.62
13079,48.65
13080,49.29
13081,57.83
13082,63.45
13083,66.73
13084,70.63
13085,46.72
13086,53.69
13087,54.52
13088,58.8
13089,62.04
13090,68.67
13091,69.69
13092,47.7
13093,53.07
13094,53.99
13095,56.64
13096,60.93
13097,67.37
13098,68.99
13099,45.71
13100,53.51
13101,54.42
13102,61.29
13103,60.86
13104,67.13
13105,70.16
13106,45.48
13107,55.16
13108,54.25
13109,71.13
13110,76.5
13111,77.25
13112,81.74
13113,54.33
13114,65.32
13115,65.68
13116,68.98
13117,73.04
13118,77.98
13119,84.39
13120,57.33
13121,64.33
13122,65.73
13123,69.83
13124,75.29
13125,78.75
13126,84.15
13127,57.28
13128,64.96
13129,63.12
13130,70.33
13131,71.4
13132,78.69
13133,83.11
13134,56.45
13135,63.76
13136,62.9
13137,66.62
13138,71.32
13139,77.15
13140,15.42
13141,18.35
13142,18.39
13143,19.74
13144,20.42
13145,22.31
13146,23.49
13147,16.03
13148,18.7
13149,18.13
13150,18.73
13151,20.17
13152,21.94
13153,23.29
13154,15.85
13155,18.57
13156,17.72
13157,19.09
13158,20.56
13159,23.0
13160,23.84
13161,16.04
13162,18.38
13163,18.82
13164,19.41
13165,20.98
13166,22.25
13167,23.4
13168,15.34
13169,18.31
13170,18.07
13171,21.36
13172,22.09
13173,25.47
13174,27.34
13175,17.46
13176,21.03
13177,19.36
13178,21.49
13179,22.61
13180,24.54
13181,26.87
13182,18.01
13183,19.59
13184,19.35
13185,21.33
13186,22.38
13187,24.99
13188,25.78
13189,17.52
13190,19.64
13191,19.49
13192,20.89
13193,22.65
13194,24.48
13195,27.69
13196,17.34
13197,19.95
13198,19.38
13199,25.45
13200,27.5
13201,30.94
13202,31.72
13203,20.41
13204,24.65
13205,23.95
13206,25.4
13207,27.54
13208,29.72
13209,30.62
13210,20.52
13211,23.51
13212,24.94
13213,25.79
13214,27.04
13215,30.3
13216,30.57
13217,20.71
13218,23.01
13219,24.24
13220,25.02
13221,27.62
13222,30.01
13223,31.93
13224,20.75
13225,24.38
13226,23.52
13227,25.8
13228,27.08
13229,30.9
13230,37.35
13231,42.1
13232,43.4
13233,44.11
13234,49.01
13235,51.4
13236,54.91
13237,36.7
13238,40.91
13239,41.61
13240,45.2
13241,48.35
13242,51.37
13243,54.17
13244,36.84
13245,41.27
13246,43.29
13247,45.86
13248,50.72
13249,52.62
13250,55.01
13251,36.15
13252,41.91
13253,43.63
13254,45.7
13255,48.51
13256,51.72
13257,56.48
13258,36.53
13259,42.13
13260,44.06
13261,50.16
13262,53.42
13263,57.02
13264,61.29
13265,40.13
13266,48.45
13267,49.72
13268,51.24
13269,53.71
13270,59.58
13271,64.94
13272,41.66
13273,46.28
13274,47.86
13275,50.41
13276,55.46
13277,60.39
13278,63.36
13279,41.66
13280,48.2
13281,47.59
13282,50.42
13283,56.42
13284,60.99
13285,61.49
13286,41.42
13287,47.61
13288,48.57
13289,60.94
13290,68.25
13291,69.95
13292,68.38
13293,47.03
13294,56.37
13295,55.73
13296,60.01
13297,67.39
13298,70.18
13299,72.04
13300,50.81
13301,56.63
13302,57.81
13303,60.96
13304,64.72
13305,65.99
13306,72.72
13307,45.07
13308,54.63
13309,54.85
13310,60.3
13311,66.05
13312,68.07
13313,73.49
13314,47.42
13315,57.27
13316,55.16
13317,62.26
13318,66.52
13319,65.92
13320,22.37
13321,24.39
13322,24.31
13323,26.61
13324,28.17
13325,28.35
13326,31.14
13327,20.56
13328,23.65
13329,24.41
13330,26.76
13331,27.85
13332,30.81
13333,31.72
13334,20.79
13335,22.79
13336,23.78
13337,25.97
13338,27.64
13339,29.04
13340,31.85
13341,20.55
13342,23.98
13343,23.94
13344,25.42
13345,27.06
13346,28.83
13347,31.87
13348,20.4
13349,24.0
13350,23.92
13351,28.2
13352,30.75
13353,32.34
13354,36.2
13355,22.83
13356,26.88
13357,27.78
13358,27.8
13359,30.74
13360,32.81
13361,34.95
13362,23.15
13363,26.58
13364,26.9
13365,28.32
13366,30.37
13367,32.78
13368,33.17
13369,23.74
13370,26.95
13371,27.09
13372,28.4
13373,30.99
13374,31.98
13375,33.89
13376,23.46
13377,27.45
13378,27.02
13379,33.61
13380,36.81
13381,38.81
13382,41.83
13383,28.13
13384,32.14
13385,31.85
13386,33.84
13387,36.37
13388,38.06
13389,40.5
13390,28.49
13391,31.64
13392,31.33
13393,33.37
13394,36.39
13395,37.81
13396,42.37
13397,28.18
13398,32.38
13399,30.92
13400,34.09
13401,35.78
13402,37.86
13403,41.14
13404,27.56
13405,32.78
13406,31.98
13407,33.91
13408,35.56
13409,39.94
13410,47.67
13411,54.43
13412,51.86
13413,59.12
13414,62.1
13415,67.4
13416,70.54
13417,46.64
13418,53.16
13419,54.22
13420,56.61
13421,62.45
13422,66.59
13423,70.69
13424,45.46
13425,52.46
13426,54.66
13427,60.63
13428,66.23
13429,68.78
13430,71.93
13431,46.13
13432,54.25
13433,54.3
13434,59.66
13435,64.68
13436,66.59
13437,69.02
13438,46.53
13439,53.98
13440,54.76
13441,66.37
13442,70.56
13443,73.48
13444,75.72
13445,50.63
13446,58.4
13447,59.99
13448,65.88
13449,69.91
13450,75.29
13451,75.58
13452,50.44
13453,57.77
13454,60.16
13455,65.94
13456,68.53
13457,76.06
13458,76.5
13459,52.6
13460,60.27
13461,61.05
13462,64.77
13463,66.98
13464,76.33
13465,77.51
13466,51.83
13467,58.75
13468,58.68
13469,77.62
13470,82.86
13471,88.92
13472,94.1
13473,62.99
13474,72.66
13475,72.52
13476,77.53
13477,83.08
13478,90.04
13479,93.11
13480,63.73
13481,71.98
13482,72.88
13483,77.14
13484,80.97
13485,87.72
13486,93.52
13487,62.84
13488,72.26
13489,72.54
13490,73.94
13491,80.51
13492,84.92
13493,91.28
13494,62.4
13495,73.0
13496,73.0
13497,74.29
13498,83.53
13499,88.89
13500,14.31
13501,17.2
13502,17.21
13503,17.73
13504,19.21
13505,20.82
13506,22.04
13507,15.03
13508,17.46
13509,17.34
13510,17.87
13511,19.3
13512,20.12
13513,21.84
13514,14.57
13515,17.19
13516,17.55
13517,18.11
13518,19.65
13519,20.78
13520,21.83
13521,14.54
13522,16.05
13523,17.44
13524,17.87
13525,19.57
13526,20.03
13527,20.45
13528,13.87
13529,16.13
13530,17.17
13531,19.19
13532,21.67
13533,23.03
13534,23.69
13535,15.71
13536,17.89
13537,18.47
13538,19.43
13539,21.35
13540,21.95
13541,22.93
13542,15.42
13543,17.36
13544,18.47
13545,18.71
13546,21.67
13547,21.98
13548,24.26
13549,15.15
13550,18.72
13551,18.95
13552,18.98
13553,20.27
13554,22.88
13555,22.64
13556,14.99
13557,17.35
13558,17.26
13559,22.63
13560,25.01
13561,26.22
13562,27.93
13563,18.29
13564,21.35
13565,21.34
13566,22.76
13567,26.13
13568,24.97
13569,27.61
13570,18.51
13571,21.53
13572,22.25
13573,24.37
13574,25.36
13575,26.64
13576,28.62
13577,18.47
13578,22.5
13579,21.74
13580,23.04
13581,26.01
13582,27.27
13583,27.54
13584,18.88
13585,22.12
13586,21.92
13587,23.78
13588,25.48
13589,27.28
13590,38.92
13591,45.24
13592,46.11
13593,48.33
13594,51.13
13595,56.2
13596,57.13
13597,37.79
13598,43.2
13599,45.73
13600,48.74
13601,50.62
13602,54.68
13603,55.86
13604,36.53
13605,44.87
13606,44.49
13607,47.37
13608,52.41
13609,53.95
13610,56.9
13611,37.8
13612,45.83
13613,44.02
13614,47.27
13615,50.53
13616,53.68
13617,58.18
13618,37.55
13619,44.04
13620,44.45
13621,54.24
13622,54.59
13623,57.9
13624,65.54
13625,43.64
13626,49.6
13627,50.4
13628,51.52
13629,56.43
13630,61.58
13631,64.84
13632,42.38
13633,48.65
13634,49.07
13635,52.19
13636,55.33
13637,60.4
13638,65.3
13639,42.28
13640,48.33
13641,50.65
13642,51.36
13643,56.04
13644,57.99
13645,63.55
13646,42.49
13647,50.28
13648,49.64
13649,61.02
13650,68.83
13651,69.57
13652,73.99
13653,51.63
13654,58.36
13655,60.52
13656,61.63
13657,68.17
13658,72.01
13659,76.65
13660,51.32
13661,59.14
13662,59.53
13663,60.76
13664,66.25
13665,73.04
13666,79.25
13667,52.58
13668,59.07
13669,59.71
13670,63.26
13671,68.63
13672,72.34
13673,78.17
13674,50.6
13675,59.65
13676,57.71
13677,62.77
13678,67.57
13679,73.4
13680,24.13
13681,28.67
13682,27.41
13683,29.07
13684,33.04
13685,33.82
13686,37.65
13687,23.18
13688,28.12
13689,28.49
13690,31.66
13691,32.72
13692,35.49
13693,38.62
13694,23.73
13695,27.96
13696,29.05
13697,29.44
13698,32.77
13699,34.22
13700,36.64
13701,24.25
13702,28.76
13703,28.44
13704,30.04
13705,31.79
13706,33.91
13707,34.88
13708,23.51
13709,27.99
13710,28.83
13711,32.6
13712,35.9
13713,37.23
13714,39.37
13715,26.17
13716,29.22
13717,31.32
13718,33.64
13719,34.61
13720,37.9
13721,38.27
13722,26.45
13723,31.18
13724,31.14
13725,33.57
13726,34.92
13727,39.76
13728,38.38
13729,26.64
13730,33.05
13731,31.61
13732,32.85
13733,35.71
13734,38.06
13735,40.06
13736,27.95
13737,31.32
13738,30.82
13739,40.14
13740,41.85
13741,45.39
13742,46.98
13743,32.67
13744,37.73
13745,36.27
13746,39.37
13747,40.72
13748,45.08
13749,48.67
13750,31.49
13751,35.72
13752,36.13
13753,40.22
13754,41.2
13755,44.02
13756,47.94
13757,31.73
13758,37.26
13759,37.24
13760,39.62
13761,43.07
13762,46.04
13763,49.06
13764,32.03
13765,37.22
13766,37.47
13767,39.75
13768,41.64
13769,45.89
13770,14.62
13771,16.16
13772,16.45
13773,17.71
13774,18.55
13775,19.81
13776,21.46
13777,15.32
13778,16.63
13779,17.24
13780,17.51
13781,18.33
13782,19.95
13783,21.53
13784,15.26
13785,17.43
13786,16.8
13787,17.76
13788,19.03
13789,20.62
13790,21.45
13791,14.69
13792,16.77
13793,16.76
13794,17.86
13795,18.94
13796,20.56
13797,21.65
13798,14.67
13799,16.86
13800,16.36
13801,19.53
13802,20.8
13803,22.66
13804,24.78
13805,15.78
13806,18.44
13807,17.82
13808,19.37
13809,20.47
13810,22.39
13811,24.19
13812,15.5
13813,18.25
13814,19.22
13815,19.78
13816,20.94
13817,21.83
13818,25.17
13819,14.94
13820,18.96
13821,18.5
13822,19.46
13823,20.2
13824,22.46
13825,23.51
13826,14.63
13827,19.0
13828,18.21
13829,22.98
13830,25.24
13831,26.44
13832,28.31
13833,18.01
13834,22.06
13835,21.86
13836,23.94
13837,25.07
13838,26.39
13839,28.25
13840,17.79
13841,22.27
13842,21.95
13843,23.03
13844,24.73
13845,27.29
13846,28.63
13847,17.8
13848,21.81
13849,22.2
13850,24.03
13851,26.11
13852,27.29
13853,27.58
13854,19.04
13855,22.58
13856,22.92
13857,23.05
13858,24.87
13859,27.23
13860,12.33
13861,14.35
13862,13.68
13863,15.33
13864,15.49
13865,15.99
13866,16.98
13867,11.61
13868,13.84
13869,13.82
13870,15.39
13871,16.1
13872,16.81
13873,18.95
13874,12.22
13875,13.48
13876,13.42
13877,14.71
13878,15.24
13879,16.92
13880,18.35
13881,11.52
13882,13.67
13883,13.75
13884,15.14
13885,15.74
13886,17.26
13887,17.79
13888,11.86
13889,13.63
13890,14.14
13891,16.51
13892,17.63
13893,18.78
13894,18.85
13895,12.25
13896,15.34
13897,14.46
13898,16.11
13899,16.57
13900,17.69
13901,20.41
13902,12.7
13903,15.18
13904,14.65
13905,16.0
13906,17.41
13907,17.87
13908,20.75
13909,12.49
13910,14.94
13911,14.93
13912,15.85
13913,17.91
13914,17.81
13915,21.17
13916,12.86
13917,14.74
13918,14.61
13919,18.83
13920,21.06
13921,21.81
13922,23.64
13923,15.34
13924,18.49
13925,18.62
13926,19.12
13927,20.28
13928,22.28
13929,22.15
13930,14.51
13931,17.86
13932,18.02
13933,19.74
13934,21.42
13935,21.78
13936,23.78
13937,14.34
13938,17.82
13939,17.81
13940,20.04
13941,21.5
13942,21.48
13943,25.2
13944,14.64
13945,17.52
13946,17.98
13947,19.5
13948,21.09
13949,20.82
13950,39.0
13951,43.9
13952,46.21
13953,47.5
13954,51.65
13955,53.49
13956,57.47
13957,39.51
13958,44.87
13959,44.35
13960,48.14
13961,51.38
13962,53.1
13963,55.91
13964,38.23
13965,45.25
13966,44.05
13967,48.0
13968,50.66
13969,55.16
13970,58.29
13971,38.44
13972,43.4
13973,45.23
13974,47.51
13975,49.15
13976,54.91
13977,57.57
13978,37.88
13979,43.91
13980,44.21
13981,54.36
13982,59.35
13983,63.84
13984,64.21
13985,42.05
13986,49.83
13987,48.75
13988,51.15
13989,57.33
13990,60.39
13991,62.38
13992,41.79
13993,48.27
13994,51.79
13995,52.12
13996,58.15
13997,60.09
13998,65.5
13999,43.0
14000,48.12
14001,49.43
14002,50.81
14003,55.84
14004,60.35
14005,64.98
14006,42.55
14007,48.46
14008,49.12
14009,61.97
14010,68.2
14011,72.7
14012,73.32
14013,49.49
14014,58.26
14015,57.9
14016,62.22
14017,68.57
14018,71.54
14019,75.31
14020,49.95
14021,59.17
14022,58.98
14023,63.45
14024,65.91
14025,69.79
14026,74.97
14027,50.72
14028,58.78
14029,58.01
14030,62.14
14031,66.99
14032,70.21
14033,73.52
14034,49.66
14035,60.02
14036,57.28
14037,59.87
14038,64.06
14039,68.87
14040,36.25
14041,44.45
14042,44.85
14043,46.78
14044,52.79
14045,56.33
14046,60.58
14047,36.88
14048,43.56
14049,43.95
14050,44.51
14051,51.56
14052,54.62
14053,56.81
14054,36.94
14055,45.18
14056,45.28
14057,48.8
14058,51.25
14059,57.01
14060,54.84
14061,37.68
14062,42.91
14063,43.82
14064,48.69
14065,51.16
14066,55.19
14067,55.17
14068,37.45
14069,44.61
14070,44.47
14071,54.17
14072,57.93
14073,59.65
14074,61.08
14075,41.63
14076,50.21
14077,49.56
14078,53.68
14079,57.93
14080,58.07
14081,63.53
14082,41.88
14083,48.4
14084,49.97
14085,55.53
14086,54.76
14087,59.88
14088,62.7
14089,42.11
14090,49.81
14091,47.71
14092,54.67
14093,57.53
14094,65.06
14095,68.14
14096,44.01
14097,49.17
14098,46.89
14099,64.01
14100,67.22
14101,75.85
14102,79.44
14103,50.67
14104,59.92
14105,58.57
14106,64.04
14107,67.12
14108,74.45
14109,77.19
14110,52.28
14111,60.32
14112,57.39
14113,65.22
14114,69.62
14115,73.93
14116,77.68
14117,50.13
14118,58.15
14119,57.02
14120,62.09
14121,66.29
14122,68.85
14123,76.37
14124,49.9
14125,58.48
14126,59.38
14127,62.5
14128,69.48
14129,74.39
14130,52.27
14131,62.0
14132,61.38
14133,67.63
14134,69.52
14135,73.97
14136,77.91
14137,50.05
14138,60.23
14139,60.9
14140,62.91
14141,68.49
14142,71.84
14143,76.28
14144,49.1
14145,59.35
14146,60.04
14147,64.1
14148,69.64
14149,71.39
14150,77.35
14151,50.24
14152,58.52
14153,58.16
14154,62.75
14155,69.37
14156,70.65
14157,77.22
14158,51.43
14159,58.27
14160,61.2
14161,72.59
14162,77.18
14163,78.32
14164,90.21
14165,54.95
14166,63.06
14167,64.62
14168,70.34
14169,75.79
14170,79.6
14171,85.11
14172,56.6
14173,64.15
14174,65.01
14175,68.46
14176,74.82
14177,79.08
14178,84.03
14179,54.93
14180,68.47
14181,65.34
14182,70.92
14183,75.51
14184,82.32
14185,90.88
14186,57.58
14187,70.01
14188,64.94
14189,83.05
14190,92.56
14191,95.45
14192,107.98
14193,68.07
14194,80.12
14195,77.63
14196,82.64
14197,91.96
14198,97.55
14199,107.88
14200,70.17
14201,78.62
14202,80.11
14203,84.18
14204,93.42
14205,98.67
14206,105.19
14207,69.06
14208,77.31
14209,80.88
14210,81.59
14211,90.21
14212,96.32
14213,100.33
14214,69.16
14215,78.0
14216,80.27
14217,82.53
14218,90.25
14219,97.21
14220,35.29
14221,40.1
14222,38.03
14223,42.22
14224,45.14
14225,49.11
14226,50.27
14227,33.74
14228,39.07
14229,39.44
14230,41.62
14231,44.74
14232,49.03
14233,49.64
14234,33.44
14235,38.48
14236,39.93
14237,41.42
14238,44.69
14239,48.85
14240,51.2
14241,34.88
14242,40.98
14243,38.46
14244,41.54
14245,45.14
14246,46.52
14247,49.19
14248,33.12
14249,40.09
14250,39.42
14251,44.47
14252,48.97
14253,53.09
14254,56.62
14255,36.84
14256,43.08
14257,43.34
14258,46.18
14259,48.5
14260,51.63
14261,54.22
14262,38.43
14263,42.68
14264,43.62
14265,45.48
14266,49.43
14267,52.5
14268,56.39
14269,38.09
14270,45.41
14271,44.97
14272,46.66
14273,48.31
14274,52.78
14275,56.36
14276,38.69
14277,44.46
14278,43.63
14279,55.66
14280,56.99
14281,62.38
14282,69.33
14283,45.51
14284,53.76
14285,52.05
14286,54.37
14287,57.73
14288,64.01
14289,67.48
14290,45.38
14291,52.23
14292,52.82
14293,58.6
14294,58.85
14295,64.76
14296,69.14
14297,45.82
14298,52.55
14299,51.7
14300,56.17
14301,58.7
14302,63.05
14303,67.04
14304,44.12
14305,53.03
14306,50.84
14307,55.19
14308,58.92
14309,64.66
14310,49.05
14311,53.23
14312,55.78
14313,60.27
14314,64.8
14315,69.03
14316,74.98
14317,49.12
14318,55.81
14319,56.39
14320,60.25
14321,64.26
14322,67.76
14323,72.11
14324,49.06
14325,53.88
14326,55.03
14327,57.95
14328,63.69
14329,69.98
14330,72.23
14331,49.18
14332,57.32
14333,54.32
14334,60.84
14335,62.67
14336,68.69
14337,71.83
14338,48.56
14339,55.01
14340,55.74
14341,65.94
14342,66.63
14343,78.33
14344,79.5
14345,55.58
14346,61.8
14347,61.81
14348,68.28
14349,71.13
14350,81.48
14351,81.77
14352,53.79
14353,59.38
14354,61.86
14355,66.26
14356,72.46
14357,78.91
14358,81.68
14359,52.51
14360,61.3
14361,62.23
14362,66.57
14363,71.89
14364,74.58
14365,77.63
14366,51.92
14367,62.94
14368,61.76
14369,80.07
14370,84.97
14371,87.86
14372,99.48
14373,63.33
14374,75.86
14375,77.97
14376,82.55
14377,86.32
14378,86.91
14379,94.59
14380,64.34
14381,75.96
14382,77.22
14383,80.66
14384,87.52
14385,88.89
14386,96.09
14387,67.84
14388,76.56
14389,76.71
14390,83.07
14391,89.17
14392,89.7
14393,98.39
14394,68.9
14395,73.43
14396,74.17
14397,78.4
14398,84.24
14399,96.12
14400,44.78
14401,52.71
14402,52.68
14403,57.5
14404,58.7
14405,65.45
14406,68.06
14407,45.06
14408,51.87
14409,52.68
14410,57.3
14411,58.95
14412,64.59
14413,69.95
14414,44.98
14415,52.92
14416,53.2
14417,56.38
14418,60.78
14419,64.94
14420,66.76
14421,46.71
14422,53.54
14423,53.74
14424,54.72
14425,57.83
14426,62.95
14427,70.12
14428,45.31
14429,54.81
14430,53.85
14431,63.0
14432,67.64
14433,71.3
14434,76.95
14435,49.65
14436,57.98
14437,58.32
14438,61.99
14439,67.5
14440,72.65
14441,78.83
14442,51.88
14443,57.28
14444,56.81
14445,61.72
14446,68.16
14447,73.36
14448,78.09
14449,48.89
14450,56.0
14451,58.07
14452,62.08
14453,65.36
14454,69.91
14455,76.81
14456,49.08
14457,58.81
14458,56.56
14459,74.14
14460,82.1
14461,82.26
14462,92.81
14463,60.12
14464,71.46
14465,71.37
14466,77.62
14467,84.64
14468,89.4
14469,96.45
14470,63.5
14471,72.56
14472,72.46
14473,76.81
14474,81.77
14475,86.67
14476,91.75
14477,59.75
14478,71.93
14479,71.95
14480,76.23
14481,83.31
14482,89.12
14483,89.28
14484,60.92
14485,72.6
14486,72.16
14487,75.43
14488,78.9
14489,83.92
14490,46.72
14491,52.82
14492,52.62
14493,56.71
14494,59.61
14495,64.69
14496,68.3
14497,47.19
14498,54.19
14499,53.24
14500,58.33
14501,57.93
14502,65.03
14503,69.22
14504,45.15
14505,51.08
14506,51.58
14507,57.17
14508,58.5
14509,62.87
14510,68.69
14511,43.06
14512,51.96
14513,50.81
14514,55.25
14515,60.58
14516,64.94
14517,67.6
14518,45.32
14519,52.84
14520,52.84
14521,63.39
14522,69.65
14523,76.79
14524,79.07
14525,49.87
14526,60.18
14527,58.58
14528,63.67
14529,66.99
14530,73.27
14531,77.02
14532,50.19
14533,58.18
14534,59.57
14535,61.05
14536,67.6
14537,70.61
14538,73.42
14539,47.67
14540,59.46
14541,58.78
14542,61.94
14543,67.83
14544,72.21
14545,76.54
14546,51.3
14547,59.02
14548,58.02
14549,75.6
14550,82.95
14551,82.96
14552,93.47
14553,64.15
14554,73.93
14555,72.23
14556,77.25
14557,85.2
14558,87.97
14559,93.73
14560,61.87
14561,71.8
14562,72.11
14563,75.25
14564,84.43
14565,87.62
14566,91.75
14567,60.39
14568,73.06
14569,70.19
14570,76.23
14571,83.54
14572,86.72
14573,90.96
14574,59.2
14575,73.2
14576,70.61
14577,77.37
14578,84.49
14579,86.79
14580,55.98
14581,65.68
14582,63.17
14583,69.59
14584,74.68
14585,77.75
14586,83.49
14587,57.93
14588,64.83
14589,65.12
14590,69.39
14591,72.94
14592,73.52
14593,82.68
14594,56.6
14595,63.66
14596,65.59
14597,67.91
14598,72.5
14599,77.73
14600,84.57
14601,53.32
14602,62.44
14603,64.16
14604,68.03
14605,70.27
14606,77.84
14607,81.47
14608,52.54
14609,64.22
14610,61.95
14611,75.68
14612,78.7
14613,83.83
14614,88.02
14615,60.22
14616,71.01
14617,69.19
14618,76.56
14619,81.53
14620,82.57
14621,90.55
14622,61.95
14623,70.49
14624,69.93
14625,76.31
14626,80.19
14627,79.49
14628,88.05
14629,61.27
14630,71.84
14631,70.28
14632,76.24
14633,76.94
14634,82.36
14635,90.46
14636,61.75
14637,74.28
14638,69.23
14639,90.48
14640,91.28
14641,97.74
14642,108.19
14643,74.44
14644,89.35
14645,87.22
14646,94.59
14647,99.07
14648,102.64
14649,114.28
14650,76.42
14651,84.68
14652,82.44
14653,90.42
14654,98.22
14655,104.22
14656,115.64
14657,74.08
14658,83.31
14659,82.92
14660,89.31
14661,97.01
14662,101.93
14663,107.53
14664,71.0
14665,78.79
14666,84.75
14667,90.54
14668,99.63
14669,105.76
14670,38.19
14671,46.08
14672,44.62
14673,49.35
14674,50.87
14675,58.09
14676,60.54
14677,40.27
14678,45.48
14679,45.0
14680,49.42
14681,50.47
14682,55.08
14683,57.53
14684,38.58
14685,44.41
14686,43.9
14687,48.11
14688,51.99
14689,56.31
14690,58.68
14691,40.89
14692,44.78
14693,44.7
14694,45.0
14695,49.38
14696,53.54
14697,56.11
14698,36.96
14699,43.48
14700,44.0
14701,53.21
14702,57.3
14703,63.64
14704,64.74
14705,43.97
14706,49.3
14707,47.9
14708,51.01
14709,55.53
14710,61.45
14711,63.84
14712,42.68
14713,49.69
14714,48.85
14715,52.26
14716,58.43
14717,60.43
14718,63.62
14719,43.61
14720,49.07
14721,49.39
14722,52.28
14723,57.0
14724,58.85
14725,62.12
14726,43.26
14727,49.35
14728,48.74
14729,64.3
14730,66.01
14731,73.76
14732,73.07
14733,49.94
14734,59.47
14735,56.53
14736,63.58
14737,67.46
14738,73.75
14739,73.15
14740,50.03
14741,59.61
14742,58.25
14743,64.53
14744,69.47
14745,72.12
14746,76.15
14747,50.92
14748,57.91
14749,59.27
14750,62.45
14751,69.34
14752,71.86
14753,75.52
14754,49.95
14755,56.51
14756,59.05
14757,63.06
14758,66.79
14759,73.52
14760,60.49
14761,66.0
14762,68.37
14763,73.5
14764,75.93
14765,83.74
14766,87.15
14767,56.38
14768,68.28
14769,69.27
14770,74.44
14771,75.5
14772,77.4
14773,86.07
14774,54.92
14775,68.29
14776,67.47
14777,72.05
14778,73.03
14779,80.48
14780,89.14
14781,57.75
14782,70.22
14783,66.14
14784,70.61
14785,72.8
14786,80.53
14787,85.39
14788,57.16
14789,69.79
14790,68.44
14791,79.18
14792,84.6
14793,91.55
14794,93.15
14795,64.15
14796,77.27
14797,78.65
14798,81.47
14799,85.55
14800,90.35
14801,91.28
14802,63.52
14803,74.53
14804,78.03
14805,85.23
14806,85.1
14807,94.91
14808,95.66
14809,64.83
14810,75.49
14811,75.96
14812,86.14
14813,85.42
14814,92.7
14815,95.72
14816,65.27
14817,76.0
14818,78.71
14819,99.47
14820,105.32
14821,110.04
14822,111.9
14823,77.01
14824,87.98
14825,94.78
14826,98.18
14827,108.09
14828,115.76
14829,119.9
14830,77.64
14831,92.2
14832,98.58
14833,99.13
14834,106.0
14835,114.63
14836,120.45
14837,77.26
14838,93.85
14839,92.59
14840,95.73
14841,103.83
14842,116.1
14843,119.94
14844,77.37
14845,92.88
14846,93.22
14847,99.49
14848,104.62
14849,109.03
14850,16.96
14851,18.61
14852,19.35
14853,20.93
14854,22.4
14855,23.22
14856,25.54
14857,17.41
14858,19.57
14859,20.46
14860,21.53
14861,22.44
14862,24.4
14863,24.03
14864,17.12
14865,19.38
14866,20.28
14867,21.15
14868,22.67
14869,24.35
14870,26.15
14871,17.22
14872,19.12
14873,19.82
14874,20.84
14875,22.06
14876,24.59
14877,24.28
14878,17.23
14879,19.3
14880,19.52
14881,23.39
14882,23.99
14883,27.45
14884,28.98
14885,18.44
14886,21.38
14887,21.72
14888,24.38
14889,24.26
14890,27.93
14891,26.88
14892,18.97
14893,21.81
14894,20.91
14895,24.35
14896,23.95
14897,26.51
14898,27.63
14899,18.9
14900,21.96
14901,21.1
14902,23.85
14903,24.48
14904,26.72
14905,28.54
14906,18.81
14907,23.04
14908,20.84
14909,29.25
14910,29.71
14911,32.13
14912,34.64
14913,22.52
14914,27.25
14915,26.82
14916,28.14
14917,29.81
14918,31.5
14919,33.89
14920,23.44
14921,26.94
14922,26.79
14923,29.02
14924,30.01
14925,32.89
14926,34.61
14927,23.4
14928,26.38
14929,26.39
14930,27.86
14931,31.28
14932,33.21
14933,34.74
14934,22.89
14935,26.18
14936,26.38
14937,29.64
14938,31.26
14939,32.71
14940,22.66
14941,24.56
14942,26.12
14943,27.7
14944,29.63
14945,30.72
14946,33.06
14947,21.33
14948,25.0
14949,24.95
14950,27.11
14951,28.51
14952,30.7
14953,32.57
14954,21.09
14955,25.48
14956,25.19
14957,26.63
14958,29.01
14959,30.06
14960,33.22
14961,20.85
14962,23.83
14963,25.57
14964,27.18
14965,28.25
14966,31.09
14967,32.69
14968,20.59
14969,24.46
14970,25.8
14971,29.44
14972,30.57
14973,34.45
14974,35.78
14975,22.93
14976,28.37
14977,27.32
14978,29.9
14979,31.67
14980,33.54
14981,36.19
14982,22.6
14983,28.02
14984,27.6
14985,29.81
14986,30.76
14987,32.83
14988,35.54
14989,23.44
14990,27.57
14991,27.61
14992,30.19
14993,31.4
14994,33.1
14995,34.46
14996,23.94
14997,27.99
14998,27.65
14999,35.21
15000,37.57
15001,40.74
15002,41.01
15003,27.84
15004,33.32
15005,32.9
15006,35.45
15007,37.26
15008,38.03
15009,42.19
15010,28.6
15011,33.19
15012,33.12
15013,35.03
15014,36.78
15015,38.24
15016,41.66
15017,28.6
15018,33.73
15019,34.17
15020,35.92
15021,37.27
15022,38.94
15023,42.72
15024,29.22
15025,32.48
15026,33.05
15027,35.28
15028,36.69
15029,38.78
15030,54.9
15031,65.57
15032,66.6
15033,73.5
15034,79.79
15035,85.55
15036,89.12
15037,55.77
15038,67.94
15039,67.85
15040,70.19
15041,73.67
15042,81.68
15043,82.93
15044,55.22
15045,65.18
15046,64.97
15047,68.9
15048,73.81
15049,79.87
15050,81.17
15051,55.47
15052,67.44
15053,63.93
15054,66.06
15055,73.51
15056,78.11
15057,83.0
15058,53.83
15059,65.41
15060,61.56
15061,74.86
15062,82.49
15063,86.37
15064,94.06
15065,59.62
15066,72.02
15067,70.41
15068,77.78
15069,79.93
15070,92.57
15071,95.06
15072,60.82
15073,70.82
15074,68.25
15075,75.66
15076,78.63
15077,91.52
15078,93.79
15079,61.45
15080,70.0
15081,71.01
15082,74.28
15083,79.73
15084,90.26
15085,96.49
15086,63.79
15087,71.09
15088,70.13
15089,88.36
15090,99.99
15091,102.67
15092,109.81
15093,74.85
15094,83.96
15095,80.95
15096,87.0
15097,95.54
15098,103.92
15099,113.96
15100,73.53
15101,84.61
15102,84.66
15103,93.3
15104,101.15
15105,105.33
15106,113.74
15107,73.27
15108,86.22
15109,84.3
15110,95.94
15111,97.52
15112,106.73
15113,106.65
15114,69.3
15115,86.83
15116,84.04
15117,98.36
15118,97.34
15119,108.83
15120,26.07
15121,32.55
15122,31.48
15123,32.24
15124,36.02
15125,41.28
15126,41.24
15127,25.7
15128,31.06
15129,31.42
15130,31.74
15131,34.86
15132,39.7
15133,39.16
15134,25.44
15135,31.17
15136,31.61
15137,33.75
15138,35.12
15139,40.19
15140,40.81
15141,25.81
15142,30.23
15143,31.14
15144,32.64
15145,34.65
15146,36.59
15147,39.27
15148,26.98
15149,31.06
15150,31.91
15151,36.24
15152,37.83
15153,41.75
15154,42.89
15155,30.5
15156,34.08
15157,34.79
15158,36.48
15159,39.2
15160,42.17
15161,44.61
15162,29.31
15163,33.76
15164,34.06
15165,36.81
15166,38.17
15167,43.69
15168,45.01
15169,29.42
15170,34.17
15171,35.02
15172,37.56
15173,38.81
15174,41.99
15175,44.06
15176,29.66
15177,34.81
15178,34.36
15179,44.49
15180,47.32
15181,50.25
15182,53.81
15183,35.83
15184,40.63
15185,40.53
15186,43.79
15187,47.27
15188,49.83
15189,52.78
15190,35.65
15191,40.79
15192,42.05
15193,44.85
15194,47.25
15195,49.33
15196,53.52
15197,34.18
15198,40.96
15199,40.5
15200,43.24
15201,47.71
15202,50.12
15203,52.75
15204,35.83
15205,41.13
15206,41.98
15207,43.33
15208,47.36
15209,50.27
15210,30.76
15211,35.71
15212,36.41
15213,38.8
15214,43.09
15215,43.67
15216,46.14
15217,30.66
15218,35.63
15219,37.44
15220,39.29
15221,42.97
15222,43.95
15223,46.2
15224,30.41
15225,35.82
15226,35.33
15227,39.85
15228,41.84
15229,44.48
15230,46.59
15231,31.55
15232,36.46
15233,37.05
15234,38.48
15235,41.65
15236,44.7
15237,46.68
15238,31.78
15239,35.36
15240,36.93
15241,44.07
15242,47.06
15243,49.3
15244,54.57
15245,34.82
15246,38.61
15247,42.35
15248,43.63
15249,46.58
15250,49.05
15251,54.78
15252,34.58
15253,39.41
15254,41.35
15255,44.39
15256,45.83
15257,51.44
15258,52.4
15259,34.89
15260,40.01
15261,40.14
15262,42.97
15263,45.42
15264,49.63
15265,53.19
15266,35.11
15267,40.93
15268,40.17
15269,50.63
15270,55.9
15271,59.4
15272,60.17
15273,40.88
15274,49.44
15275,47.42
15276,51.55
15277,54.66
15278,59.36
15279,60.89
15280,38.68
15281,46.93
15282,47.77
15283,49.9
15284,52.73
15285,55.09
15286,62.98
15287,40.44
15288,48.24
15289,49.08
15290,49.54
15291,54.38
15292,57.87
15293,62.99
15294,40.06
15295,47.73
15296,47.37
15297,47.83
15298,53.35
15299,59.95
15300,26.49
15301,30.19
15302,29.51
15303,33.23
15304,34.13
15305,37.61
15306,38.32
15307,27.31
15308,30.82
15309,31.51
15310,33.19
15311,35.68
15312,38.33
15313,39.42
15314,24.63
15315,30.01
15316,30.17
15317,32.95
15318,35.39
15319,36.76
15320,39.12
15321,25.47
15322,31.77
15323,31.22
15324,34.14
15325,34.65
15326,36.54
15327,40.61
15328,25.11
15329,30.34
15330,32.34
15331,37.21
15332,37.23
15333,40.81
15334,42.98
15335,27.98
15336,33.13
15337,33.91
15338,36.29
15339,38.78
15340,40.18
15341,44.7
15342,28.46
15343,33.43
15344,34.05
15345,35.86
15346,39.25
15347,40.98
15348,44.16
15349,28.52
15350,32.3
15351,33.77
15352,36.73
15353,39.71
15354,40.26
15355,43.4
15356,28.76
15357,33.18
15358,33.32
15359,44.65
15360,48.53
15361,50.64
15362,50.26
15363,35.63
15364,40.41
15365,40.36
15366,43.26
15367,46.49
15368,49.3
15369,52.14
15370,35.01
15371,40.64
15372,40.65
15373,43.7
15374,45.26
15375,48.7
15376,52.0
15377,35.57
15378,40.71
15379,39.59
15380,42.51
15381,45.89
15382,50.99
15383,52.82
15384,34.2
15385,39.56
15386,40.89
15387,43.11
15388,45.16
15389,50.94
15390,53.11
15391,62.77
15392,62.49
15393,67.8
15394,71.19
15395,78.2
15396,81.28
15397,52.58
15398,64.78
15399,61.5
15400,68.13
15401,71.04
15402,74.94
15403,79.87
15404,51.85
15405,62.05
15406,62.9
15407,66.27
15408,70.99
15409,76.42
15410,80.69
15411,52.93
15412,61.0
15413,60.12
15414,65.21
15415,70.02
15416,74.47
15417,80.77
15418,52.92
15419,60.09
15420,62.67
15421,72.24
15422,77.2
15423,86.93
15424,89.42
15425,58.15
15426,67.2
15427,69.9
15428,74.5
15429,81.06
15430,84.63
15431,89.21
15432,58.45
15433,67.29
15434,69.41
15435,71.22
15436,79.26
15437,84.72
15438,88.82
15439,56.93
15440,68.25
15441,68.3
15442,71.79
15443,78.29
15444,85.81
15445,89.01
15446,58.42
15447,67.9
15448,65.35
15449,85.66
15450,91.25
15451,104.66
15452,105.5
15453,68.91
15454,80.94
15455,84.13
15456,88.43
15457,98.56
15458,103.09
15459,108.32
15460,70.03
15461,82.99
15462,81.65
15463,85.71
15464,93.04
15465,100.35
15466,103.9
15467,73.06
15468,84.23
15469,82.71
15470,89.92
15471,95.89
15472,100.29
15473,106.45
15474,73.88
15475,81.4
15476,80.77
15477,88.12
15478,95.23
15479,100.63
15480,18.48
15481,22.58
15482,22.42
15483,24.19
15484,26.16
15485,28.42
15486,29.23
15487,18.96
15488,22.17
15489,22.5
15490,24.67
15491,25.75
15492,27.64
15493,29.77
15494,19.33
15495,22.69
15496,22.31
15497,24.59
15498,25.44
15499,28.38
15500,29.44
15501,19.07
15502,22.86
15503,21.89
15504,24.73
15505,26.34
15506,28.33
15507,30.41
15508,19.21
15509,22.79
15510,22.97
15511,27.34
15512,27.45
15513,30.83
15514,31.35
15515,22.48
15516,24.83
15517,24.96
15518,25.69
15519,28.27
15520,29.55
15521,32.49
15522,22.03
15523,24.68
15524,24.79
15525,26.65
15526,28.13
15527,30.17
15528,33.2
15529,22.14
15530,24.51
15531,25.26
15532,26.15
15533,27.25
15534,29.9
15535,33.54
15536,22.09
15537,24.85
15538,23.41
15539,30.8
15540,32.55
15541,35.44
15542,37.71
15543,26.59
15544,29.39
15545,29.32
15546,30.96
15547,33.45
15548,34.82
15549,38.35
15550,26.53
15551,29.71
15552,28.77
15553,31.86
15554,33.97
15555,35.74
15556,38.64
15557,25.8
15558,29.19
15559,29.08
15560,31.78
15561,34.84
15562,36.79
15563,38.19
15564,25.46
15565,29.13
15566,29.62
15567,31.21
15568,32.98
15569,36.35
15570,44.91
15571,50.05
15572,51.47
15573,52.78
15574,58.3
15575,62.74
15576,67.41
15577,42.97
15578,51.47
15579,51.78
15580,56.71
15581,57.89
15582,61.98
15583,66.07
15584,43.91
15585,53.62
15586,51.21
15587,54.71
15588,58.0
15589,66.24
15590,67.89
15591,43.35
15592,51.19
15593,49.33
15594,54.95
15595,57.14
15596,61.87
15597,65.97
15598,43.78
15599,49.13
15600,51.47
15601,60.11
15602,64.94
15603,70.14
15604,71.61
15605,48.27
15606,54.85
15607,56.49
15608,61.33
15609,61.59
15610,70.57
15611,74.05
15612,50.32
15613,56.66
15614,56.37
15615,59.96
15616,63.47
15617,69.37
15618,71.97
15619,50.23
15620,56.14
15621,56.53
15622,61.94
15623,66.3
15624,68.54
15625,71.77
15626,49.52
15627,56.45
15628,55.59
15629,72.85
15630,77.34
15631,85.12
15632,84.87
15633,58.58
15634,69.84
15635,69.44
15636,73.89
15637,76.65
15638,85.67
15639,91.51
15640,58.69
15641,69.06
15642,67.64
15643,72.44
15644,75.65
15645,81.37
15646,88.9
15647,57.65
15648,69.14
15649,69.36
15650,72.63
15651,75.88
15652,80.3
15653,87.87
15654,58.54
15655,67.91
15656,67.61
15657,70.65
15658,75.6
15659,81.72
15660,53.21
15661,62.35
15662,63.16
15663,65.2
15664,70.01
15665,72.84
15666,77.69
15667,53.07
15668,62.8
15669,60.27
15670,65.14
15671,72.36
15672,76.56
15673,80.81
15674,52.74
15675,59.64
15676,58.88
15677,65.47
15678,70.02
15679,74.71
15680,79.29
15681,51.72
15682,62.88
15683,61.98
15684,68.35
15685,73.43
15686,75.89
15687,81.67
15688,51.77
15689,61.68
15690,64.79
15691,71.6
15692,77.77
15693,82.92
15694,87.95
15695,58.29
15696,66.38
15697,69.19
15698,74.2
15699,79.27
15700,85.48
15701,91.42
15702,58.07
15703,66.06
15704,66.92
15705,73.58
15706,78.34
15707,80.71
15708,89.7
15709,60.03
15710,68.05
15711,69.14
15712,75.12
15713,79.64
15714,84.93
15715,88.24
15716,59.78
15717,68.06
15718,67.75
15719,87.3
15720,92.46
15721,100.51
15722,97.94
15723,70.48
15724,81.02
15725,81.9
15726,86.29
15727,91.71
15728,98.15
15729,99.61
15730,68.38
15731,79.63
15732,80.8
15733,88.32
15734,97.52
15735,99.23
15736,104.87
15737,70.18
15738,80.01
15739,81.11
15740,88.92
15741,99.32
15742,102.51
15743,104.6
15744,71.2
15745,77.91
15746,83.51
15747,88.18
15748,94.15
15749,103.09
15750,32.5
15751,34.37
15752,36.17
15753,38.51
15754,43.02
15755,45.41
15756,48.37
15757,32.33
15758,35.72
15759,37.02
15760,39.06
15761,43.35
15762,45.57
15763,46.1
15764,31.37
15765,35.95
15766,37.37
15767,39.7
15768,43.45
15769,44.74
15770,48.03
15771,31.47
15772,36.03
15773,38.55
15774,39.87
15775,42.22
15776,45.09
15777,46.59
15778,32.14
15779,36.4
15780,38.39
15781,43.95
15782,47.85
15783,49.6
15784,51.99
15785,35.62
15786,40.91
15787,42.25
15788,45.1
15789,46.63
15790,49.92
15791,50.58
15792,34.74
15793,40.87
15794,42.67
15795,43.48
15796,46.91
15797,49.39
15798,51.92
15799,34.93
15800,40.9
15801,43.16
15802,43.7
15803,45.64
15804,46.34
15805,52.05
15806,35.13
15807,40.88
15808,40.57
15809,53.12
15810,51.83
15811,60.29
15812,65.3
15813,41.62
15814,49.89
15815,48.19
15816,52.53
15817,52.4
15818,60.46
15819,62.81
15820,39.51
15821,47.75
15822,48.74
15823,51.82
15824,55.46
15825,59.97
15826,64.75
15827,40.38
15828,48.51
15829,48.03
15830,50.93
15831,55.18
15832,59.06
15833,63.67
15834,41.74
15835,48.47
15836,48.22
15837,52.23
15838,56.56
15839,60.62
15840,14.67
15841,16.66
15842,17.03
15843,17.99
15844,19.36
15845,20.19
15846,21.53
15847,14.63
15848,16.37
15849,16.97
15850,17.47
15851,18.67
15852,20.82
15853,22.06
15854,14.59
15855,16.98
15856,16.85
15857,17.32
15858,18.85
15859,19.95
15860,22.55
15861,14.69
15862,17.34
15863,17.05
15864,17.85
15865,19.15
15866,19.65
15867,21.15
15868,14.93
15869,17.77
15870,17.75
15871,19.72
15872,20.55
15873,22.67
15874,26.41
15875,16.16
15876,18.57
15877,18.89
15878,19.38
15879,20.71
15880,22.67
15881,24.7
15882,16.6
15883,19.2
15884,18.94
15885,19.73
15886,20.39
15887,23.73
15888,24.79
15889,16.69
15890,18.81
15891,19.37
15892,18.98
15893,21.84
15894,22.58
15895,24.65
15896,16.02
15897,18.67
15898,18.58
15899,23.71
15900,26.04
15901,27.74
15902,26.88
15903,18.61
15904,22.95
15905,21.95
15906,24.34
15907,26.62
15908,27.75
15909,26.99
15910,19.14
15911,22.58
15912,23.0
15913,23.49
15914,25.31
15915,26.67
15916,27.49
15917,18.84
15918,22.25
15919,22.03
15920,23.44
15921,25.36
15922,28.41
15923,28.06
15924,17.97
15925,22.05
15926,21.99
15927,22.87
15928,25.28
15929,27.37
15930,61.78
15931,70.19
15932,71.41
15933,75.27
15934,77.89
15935,85.0
15936,88.03
15937,59.55
15938,69.04
15939,68.86
15940,71.75
15941,76.28
15942,81.06
15943,86.41
15944,58.78
15945,68.19
15946,67.26
15947,73.54
15948,77.02
15949,81.57
15950,89.21
15951,57.4
15952,67.81
15953,68.83
15954,74.08
15955,75.42
15956,80.52
15957,84.19
15958,56.36
15959,68.39
15960,69.67
15961,80.17
15962,83.71
15963,86.34
15964,91.61
15965,63.92
15966,74.91
15967,77.24
15968,81.12
15969,80.8
15970,88.32
15971,95.32
15972,63.7
15973,77.12
15974,74.21
15975,78.01
15976,82.81
15977,90.26
15978,98.73
15979,65.7
15980,74.83
15981,71.88
15982,76.53
15983,81.35
15984,90.56
15985,94.33
15986,63.7
15987,74.66
15988,71.81
15989,91.79
15990,99.68
15991,109.37
15992,111.12
15993,74.9
15994,90.07
15995,88.89
15996,97.79
15997,102.24
15998,110.23
15999,114.05
16000,77.25
16001,89.66
16002,90.08
16003,99.3
16004,103.24
16005,113.11
16006,119.64
16007,78.54
16008,90.32
16009,90.26
16010,100.04
16011,100.41
16012,103.96
16013,114.83
16014,76.82
16015,88.96
16016,91.04
16017,98.31
16018,99.7
16019,109.27
16020,47.78
16021,54.03
16022,54.49
16023,57.57
16024,60.93
16025,68.25
16026,70.67
16027,47.4
16028,54.59
16029,52.56
16030,57.3
16031,60.75
16032,66.46
16033,68.73
16034,47.07
16035,54.18
16036,54.25
16037,56.75
16038,62.78
16039,65.42
16040,69.99
16041,46.5
16042,53.12
16043,52.66
16044,56.08
16045,58.96
16046,65.88
16047,71.11
16048,44.77
16049,53.67
16050,52.92
16051,63.86
16052,68.02
16053,73.42
16054,78.13
16055,51.16
16056,58.04
16057,58.82
16058,63.84
16059,70.46
16060,73.86
16061,76.72
16062,50.65
16063,56.19
16064,58.25
16065,64.67
16066,66.88
16067,73.4
16068,76.62
16069,54.47
16070,59.11
16071,58.65
16072,62.73
16073,68.82
16074,76.99
16075,79.97
16076,52.67
16077,57.23
16078,56.66
16079,73.55
16080,82.51
16081,87.67
16082,92.2
16083,62.51
16084,70.64
16085,70.23
16086,73.79
16087,81.27
16088,85.75
16089,91.29
16090,61.52
16091,71.08
16092,71.76
16093,74.88
16094,80.51
16095,88.63
16096,94.04
16097,61.69
16098,73.63
16099,74.93
16100,75.59
16101,83.55
16102,86.8
16103,92.99
16104,63.25
16105,73.91
16106,72.32
16107,75.87
16108,82.66
16109,88.61
16110,26.93
16111,30.09
16112,30.69
16113,34.05
16114,34.77
16115,37.81
16116,39.82
16117,25.65
16118,30.39
16119,31.75
16120,33.31
16121,35.72
16122,38.17
16123,41.08
16124,26.74
16125,30.59
16126,31.4
16127,32.2
16128,35.78
16129,36.94
16130,39.26
16131,25.81
16132,30.53
16133,31.38
16134,32.43
16135,35.3
16136,36.75
16137,39.36
16138,25.69
16139,30.31
16140,32.51
16141,36.27
16142,40.71
16143,41.87
16144,43.36
16145,27.46
16146,33.6
16147,34.36
16148,36.76
16149,39.32
16150,42.83
16151,42.09
16152,27.84
16153,32.94
16154,33.91
16155,35.87
16156,39.49
16157,42.7
16158,45.38
16159,28.29
16160,33.59
16161,33.64
16162,36.93
16163,37.69
16164,42.08
16165,46.64
16166,29.07
16167,34.15
16168,33.68
16169,43.42
16170,44.87
16171,50.09
16172,53.4
16173,35.13
16174,39.99
16175,41.4
16176,42.29
16177,47.4
16178,49.16
16179,54.17
16180,35.47
16181,40.0
16182,40.38
16183,43.14
16184,45.9
16185,47.02
16186,54.88
16187,36.11
16188,41.61
16189,40.53
16190,43.04
16191,46.28
16192,49.79
16193,54.78
16194,34.48
16195,40.11
16196,40.55
16197,44.13
16198,47.25
16199,50.91
16200,38.56
16201,43.98
16202,43.51
16203,48.17
16204,51.6
16205,55.24
16206,59.66
16207,38.58
16208,44.56
16209,42.88
16210,46.71
16211,50.75
16212,57.73
16213,55.41
16214,38.34
16215,45.15
16216,48.06
16217,47.94
16218,53.13
16219,54.77
16220,53.86
16221,37.66
16222,43.94
16223,45.3
16224,48.35
16225,50.57
16226,54.74
16227,60.12
16228,39.9
16229,45.29
16230,45.73
16231,55.06
16232,60.19
16233,61.86
16234,64.87
16235,42.06
16236,48.46
16237,47.55
16238,52.15
16239,57.05
16240,61.37
16241,63.62
16242,42.59
16243,50.63
16244,49.25
16245,51.04
16246,57.15
16247,59.62
16248,64.43
16249,42.52
16250,48.79
16251,48.77
16252,52.14
16253,58.9
16254,63.12
16255,66.76
16256,42.51
16257,50.99
16258,46.69
16259,63.65
16260,66.39
16261,71.42
16262,74.92
16263,49.08
16264,58.71
16265,58.34
16266,63.89
16267,66.89
16268,74.64
16269,75.09
16270,49.87
16271,58.24
16272,58.14
16273,65.08
16274,66.9
16275,73.35
16276,76.34
16277,50.2
16278,58.93
16279,56.99
16280,65.7
16281,68.44
16282,71.69
16283,77.0
16284,49.72
16285,58.93
16286,58.54
16287,63.84
16288,67.64
16289,73.56
16290,27.45
16291,34.12
16292,33.5
16293,36.51
16294,39.74
16295,40.36
16296,43.42
16297,29.14
16298,33.73
16299,34.23
16300,37.38
16301,39.74
16302,41.74
16303,43.74
16304,29.43
16305,33.01
16306,34.68
16307,35.95
16308,38.96
16309,40.12
16310,42.64
16311,29.46
16312,34.91
16313,33.96
16314,35.64
16315,39.28
16316,40.84
16317,44.86
16318,29.3
16319,34.18
16320,33.51
16321,41.66
16322,43.42
16323,45.22
16324,49.18
16325,32.42
16326,37.49
16327,37.55
16328,39.7
16329,43.18
16330,44.69
16331,48.57
16332,32.5
16333,37.77
16334,37.31
16335,40.74
16336,42.46
16337,45.26
16338,47.77
16339,32.85
16340,37.87
16341,37.48
16342,39.63
16343,42.45
16344,45.84
16345,48.63
16346,33.02
16347,37.01
16348,36.11
16349,44.77
16350,52.38
16351,53.73
16352,57.74
16353,37.99
16354,43.57
16355,45.22
16356,47.9
16357,52.92
16358,55.34
16359,55.83
16360,37.82
16361,42.98
16362,45.5
16363,47.21
16364,50.69
16365,53.61
16366,56.88
16367,39.97
16368,45.31
16369,45.6
16370,49.36
16371,49.7
16372,53.71
16373,56.13
16374,39.66
16375,45.53
16376,44.45
16377,48.63
16378,50.01
16379,53.83
16380,45.91
16381,52.04
16382,53.25
16383,57.54
16384,60.56
16385,65.69
16386,68.87
16387,46.66
16388,53.8
16389,52.09
16390,56.29
16391,61.02
16392,64.85
16393,66.11
16394,45.16
16395,52.3
16396,51.53
16397,56.06
16398,61.62
16399,64.98
16400,66.02
16401,46.43
16402,53.17
16403,51.8
16404,58.29
16405,58.91
16406,66.61
16407,68.65
16408,46.02
16409,52.7
16410,53.83
16411,65.12
16412,64.9
16413,72.44
16414,76.31
16415,50.55
16416,59.42
16417,61.04
16418,64.18
16419,70.3
16420,75.43
16421,78.47
16422,52.31
16423,57.14
16424,59.69
16425,65.01
16426,68.26
16427,74.56
16428,74.88
16429,49.54
16430,57.77
16431,59.24
16432,63.81
16433,69.69
16434,74.7
16435,75.29
16436,49.76
16437,59.59
16438,59.09
16439,75.7
16440,79.37
16441,83.23
16442,87.1
16443,61.35
16444,71.9
16445,72.67
16446,77.35
16447,80.63
16448,87.57
16449,90.02
16450,60.04
16451,70.46
16452,70.68
16453,76.4
16454,80.56
16455,87.01
16456,89.94
16457,60.61
16458,71.3
16459,73.05
16460,74.69
16461,80.92
16462,87.95
16463,90.25
16464,60.45
16465,72.83
16466,70.5
16467,75.05
16468,78.69
16469,85.97
16470,16.66
16471,19.42
16472,18.54
16473,20.96
16474,22.33
16475,23.57
16476,25.49
16477,16.56
16478,19.21
16479,19.73
16480,20.2
16481,23.32
16482,24.94
16483,24.74
16484,16.13
16485,19.35
16486,19.07
16487,20.6
16488,23.18
16489,24.79
16490,24.15
16491,16.83
16492,19.64
16493,19.3
16494,21.65
16495,23.06
16496,25.01
16497,23.9
16498,17.03
16499,19.09
16500,19.51
16501,22.7
16502,25.32
16503,27.94
16504,26.98
16505,19.3
16506,21.35
16507,20.45
16508,22.84
16509,25.55
16510,29.44
16511,28.38
16512,19.11
16513,21.68
16514,21.4
16515,22.81
16516,25.19
16517,28.56
16518,28.65
16519,19.56
16520,22.42
16521,21.35
16522,23.17
16523,24.72
16524,25.65
16525,27.58
16526,18.41
16527,21.67
16528,21.13
16529,28.26
16530,29.61
16531,31.85
16532,34.29
16533,22.81
16534,26.75
16535,26.13
16536,28.91
16537,30.9
16538,32.88
16539,33.33
16540,22.97
16541,26.23
16542,26.37
16543,28.08
16544,30.79
16545,32.99
16546,33.71
16547,23.65
16548,26.31
16549,26.11
16550,28.73
16551,30.43
16552,32.62
16553,33.69
16554,22.87
16555,25.75
16556,26.65
16557,28.29
16558,29.48
16559,32.5
16560,43.41
16561,50.64
16562,51.29
16563,53.86
16564,58.13
16565,61.01
16566,64.89
16567,44.03
16568,50.6
16569,51.93
16570,55.22
16571,56.16
16572,59.38
16573,63.27
16574,43.83
16575,52.14
16576,53.0
16577,55.13
16578,55.21
16579,66.87
16580,65.91
16581,44.87
16582,50.76
16583,50.75
16584,55.73
16585,57.75
16586,64.23
16587,63.41
16588,44.84
16589,50.13
16590,51.25
16591,60.19
16592,65.28
16593,72.47
16594,73.45
16595,49.98
16596,54.94
16597,57.96
16598,62.49
16599,63.9
16600,72.69
16601,72.06
16602,48.86
16603,54.8
16604,57.24
16605,63.96
16606,67.96
16607,68.86
16608,73.13
16609,48.24
16610,55.67
16611,56.1
16612,63.23
16613,65.84
16614,69.26
16615,72.36
16616,47.92
16617,54.74
16618,55.1
16619,72.69
16620,78.5
16621,81.4
16622,84.68
16623,56.84
16624,68.04
16625,66.27
16626,74.06
16627,78.66
16628,83.4
16629,83.07
16630,57.34
16631,65.95
16632,67.82
16633,70.73
16634,75.55
16635,82.99
16636,84.31
16637,55.92
16638,68.33
16639,67.91
16640,72.6
16641,75.23
16642,80.35
16643,80.39
16644,55.86
16645,66.06
16646,66.53
16647,70.56
16648,75.79
16649,85.59
16650,53.22
16651,60.04
16652,60.71
16653,66.7
16654,68.55
16655,72.06
16656,78.08
16657,54.89
16658,60.45
16659,59.49
16660,63.31
16661,68.4
16662,72.46
16663,76.13
16664,55.22
16665,58.86
16666,59.89
16667,65.99
16668,70.7
16669,74.83
16670,75.96
16671,52.99
16672,58.9
16673,58.19
16674,64.5
16675,66.71
16676,72.81
16677,76.72
16678,50.26
16679,60.46
16680,58.42
16681,72.64
16682,78.39
16683,80.42
16684,84.92
16685,56.41
16686,66.15
16687,64.7
16688,70.8
16689,76.67
16690,82.53
16691,86.49
16692,57.87
16693,69.1
16694,65.49
16695,70.8
16696,77.04
16697,83.55
16698,86.71
16699,57.82
16700,66.36
16701,63.58
16702,71.82
16703,75.41
16704,79.72
16705,86.34
16706,56.43
16707,67.42
16708,62.65
16709,82.45
16710,86.3
16711,95.73
16712,99.51
16713,62.08
16714,76.28
16715,78.0
16716,86.84
16717,92.1
16718,101.74
16719,107.38
16720,62.35
16721,76.44
16722,81.17
16723,82.87
16724,89.51
16725,99.18
16726,105.97
16727,66.29
16728,80.71
16729,83.09
16730,82.64
16731,88.27
16732,99.06
16733,100.21
16734,68.43
16735,77.07
16736,79.76
16737,79.3
16738,88.23
16739,96.25
16740,19.62
16741,21.81
16742,21.7
16743,24.21
16744,25.64
16745,28.97
16746,28.44
16747,20.45
16748,22.13
16749,22.24
16750,23.22
16751,26.1
16752,28.75
16753,30.65
16754,18.68
16755,21.57
16756,21.52
16757,24.2
16758,25.4
16759,28.22
16760,27.86
16761,19.17
16762,21.45
16763,22.09
16764,24.33
16765,26.62
16766,27.52
16767,28.85
16768,19.9
16769,22.17
16770,22.64
16771,27.1
16772,28.33
16773,30.41
16774,31.41
16775,21.32
16776,24.54
16777,25.26
16778,27.07
16779,28.9
16780,31.65
16781,32.82
16782,22.05
16783,24.67
16784,24.29
16785,26.23
16786,28.24
16787,28.44
16788,31.19
16789,21.38
16790,24.94
16791,24.5
16792,26.35
16793,28.34
16794,30.36
16795,31.44
16796,21.15
16797,24.68
16798,26.13
16799,30.17
16800,32.75
16801,35.49
16802,37.62
16803,25.32
16804,30.24
16805,30.57
16806,30.22
16807,33.07
16808,36.23
16809,37.72
16810,25.68
16811,29.03
16812,28.79
16813,30.65
16814,32.49
16815,35.67
16816,36.54
16817,26.22
16818,29.56
16819,29.58
16820,31.61
16821,32.79
16822,35.5
16823,37.3
16824,25.83
16825,29.09
16826,30.02
16827,30.71
16828,32.02
16829,36.19
16830,55.02
16831,64.62
16832,64.71
16833,67.3
16834,73.85
16835,73.53
16836,85.49
16837,56.0
16838,63.85
16839,62.54
16840,65.98
16841,72.48
16842,75.45
16843,81.93
16844,54.34
16845,61.4
16846,66.1
16847,66.81
16848,69.72
16849,74.41
16850,82.28
16851,52.49
16852,61.7
16853,61.98
16854,68.38
16855,69.92
16856,76.4
16857,81.02
16858,52.17
16859,60.87
16860,61.73
16861,73.45
16862,78.01
16863,81.53
16864,85.57
16865,54.74
16866,68.34
16867,66.43
16868,74.59
16869,78.34
16870,81.2
16871,88.09
16872,56.37
16873,67.73
16874,67.08
16875,72.29
16876,77.23
16877,81.33
16878,90.78
16879,56.48
16880,65.9
16881,67.15
16882,73.03
16883,76.53
16884,79.61
16885,87.98
16886,57.41
16887,68.52
16888,65.99
16889,87.92
16890,95.46
16891,101.71
16892,104.2
16893,70.73
16894,83.47
16895,83.47
16896,88.62
16897,95.9
16898,103.88
16899,108.38
16900,70.79
16901,85.31
16902,81.76
16903,88.27
16904,94.69
16905,104.18
16906,107.3
16907,68.36
16908,82.95
16909,84.06
16910,90.06
16911,97.92
16912,105.02
16913,110.68
16914,66.69
16915,85.63
16916,80.26
16917,88.59
16918,93.04
16919,101.02
16920,29.48
16921,33.12
16922,34.3
16923,37.28
16924,38.93
16925,42.2
16926,43.69
16927,28.52
16928,34.38
16929,33.2
16930,36.2
16931,38.13
16932,40.86
16933,43.31
16934,28.79
16935,34.13
16936,33.02
16937,36.3
16938,40.87
16939,40.38
16940,42.89
16941,27.76
16942,34.1
16943,33.33
16944,38.61
16945,41.06
16946,41.79
16947,41.88
16948,27.39
16949,32.85
16950,35.87
16951,42.0
16952,44.14
16953,46.64
16954,48.61
16955,30.63
16956,37.52
16957,38.27
16958,42.7
16959,44.66
16960,46.54
16961,48.75
16962,31.28
16963,37.99
16964,38.46
16965,41.57
16966,43.02
16967,46.58
16968,47.26
16969,33.1
16970,38.31
16971,38.36
16972,41.65
16973,43.29
16974,47.93
16975,49.33
16976,32.81
16977,37.53
16978,37.76
16979,47.47
16980,50.11
16981,55.45
16982,59.84
16983,39.94
16984,43.78
16985,45.24
16986,48.62
16987,49.52
16988,54.82
16989,57.57
16990,38.6
16991,43.44
16992,46.75
16993,47.96
16994,51.46
16995,57.32
16996,59.9
16997,39.83
16998,45.75
16999,45.12
17000,47.78
17001,50.99
17002,55.6
17003,55.95
17004,39.36
17005,44.88
17006,44.76
17007,48.72
17008,51.65
17009,55.9
17010,18.6
17011,20.61
17012,22.33
17013,24.93
17014,25.07
17015,26.74
17016,28.46
17017,18.86
17018,22.56
17019,21.14
17020,22.9
17021,25.1
17022,26.85
17023,28.54
17024,18.41
17025,22.16
17026,22.24
17027,23.96
17028,26.03
17029,26.83
17030,29.59
17031,19.28
17032,22.56
17033,21.76
17034,22.63
17035,25.73
17036,26.4
17037,27.91
17038,19.21
17039,21.66
17040,22.64
17041,25.18
17042,27.08
17043,30.46
17044,30.7
17045,21.29
17046,24.34
17047,24.69
17048,25.2
17049,28.54
17050,28.95
17051,30.87
17052,21.76
17053,23.27
17054,23.19
17055,25.42
17056,28.36
17057,29.2
17058,30.56
17059,22.16
17060,23.07
17061,24.23
17062,26.41
17063,27.41
17064,29.17
17065,31.08
17066,20.89
17067,23.99
17068,23.49
17069,30.78
17070,33.52
17071,34.16
17072,37.57
17073,25.34
17074,30.12
17075,29.81
17076,30.43
17077,32.46
17078,35.77
17079,38.04
17080,25.63
17081,28.64
17082,28.81
17083,30.28
17084,33.63
17085,36.52
17086,37.63
17087,25.68
17088,29.42
17089,30.07
17090,31.86
17091,33.25
17092,35.67
17093,38.62
17094,25.3
17095,29.59
17096,30.05
17097,32.57
17098,33.57
17099,34.8
17100,15.39
17101,17.36
17102,17.66
17103,19.1
17104,20.23
17105,19.86
17106,21.06
17107,14.66
17108,17.92
17109,17.49
17110,18.25
17111,20.77
17112,20.84
17113,22.2
17114,14.36
17115,17.33
17116,17.33
17117,17.71
17118,18.9
17119,20.37
17120,21.62
17121,14.14
17122,16.96
17123,18.08
17124,18.1
17125,18.62
17126,20.35
17127,21.75
17128,14.36
17129,17.27
17130,17.89
17131,19.86
17132,21.46
17133,22.76
17134,23.19
17135,15.86
17136,18.2
17137,19.23
17138,19.28
17139,20.92
17140,22.07
17141,23.29
17142,15.33
17143,18.35
17144,18.79
17145,19.61
17146,21.79
17147,24.2
17148,22.58
17149,15.9
17150,18.55
17151,18.72
17152,19.78
17153,20.66
17154,23.12
17155,23.79
17156,15.54
17157,18.64
17158,18.19
17159,24.01
17160,25.12
17161,27.35
17162,28.43
17163,18.46
17164,22.31
17165,22.42
17166,24.2
17167,25.13
17168,27.39
17169,28.77
17170,18.72
17171,22.09
17172,22.57
17173,23.61
17174,25.2
17175,27.71
17176,29.0
17177,19.23
17178,22.15
17179,21.58
17180,23.63
17181,25.49
17182,27.3
17183,27.96
17184,19.08
17185,22.6
17186,22.29
17187,23.19
17188,25.87
17189,27.56
17190,23.74
17191,27.63
17192,28.29
17193,29.29
17194,30.73
17195,34.2
17196,35.94
17197,24.37
17198,27.93
17199,28.42
17200,29.95
17201,32.48
17202,35.07
17203,37.43
17204,24.11
17205,27.64
17206,29.07
17207,29.21
17208,32.38
17209,33.17
17210,35.9
17211,24.4
17212,27.68
17213,28.96
17214,30.17
17215,32.46
17216,33.23
17217,37.08
17218,23.51
17219,28.04
17220,30.49
17221,31.83
17222,35.1
17223,38.24
17224,42.02
17225,26.8
17226,30.83
17227,30.45
17228,33.17
17229,35.9
17230,40.03
17231,42.78
17232,26.43
17233,30.74
17234,32.23
17235,33.67
17236,36.79
17237,38.86
17238,40.85
17239,26.52
17240,30.58
17241,31.62
17242,33.7
17243,36.76
17244,37.56
17245,40.52
17246,27.1
17247,32.26
17248,31.14
17249,39.09
17250,44.24
17251,44.02
17252,47.93
17253,32.04
17254,37.68
17255,36.82
17256,40.11
17257,42.44
17258,45.84
17259,49.19
17260,32.54
17261,37.84
17262,37.79
17263,39.88
17264,42.54
17265,46.71
17266,47.77
17267,31.88
17268,38.23
17269,38.73
17270,39.57
17271,43.39
17272,45.82
17273,47.04
17274,32.24
17275,38.18
17276,37.49
17277,39.68
17278,40.13
17279,44.77
17280,34.3
17281,39.21
17282,38.92
17283,42.09
17284,45.83
17285,49.45
17286,51.51
17287,35.03
17288,38.73
17289,39.15
17290,42.52
17291,46.34
17292,46.9
17293,49.9
17294,33.96
17295,39.94
17296,39.47
17297,44.06
17298,46.77
17299,48.44
17300,51.7
17301,34.58
17302,38.62
17303,40.2
17304,43.53
17305,46.13
17306,48.78
17307,53.27
17308,35.66
17309,38.55
17310,39.73
17311,48.04
17312,49.19
17313,52.22
17314,58.16
17315,38.24
17316,45.49
17317,43.24
17318,47.96
17319,51.63
17320,54.79
17321,57.94
17322,37.5
17323,45.08
17324,43.85
17325,46.69
17326,51.56
17327,53.52
17328,56.12
17329,38.12
17330,45.51
17331,44.59
17332,47.45
17333,51.28
17334,53.77
17335,56.97
17336,38.87
17337,45.38
17338,44.35
17339,56.34
17340,58.96
17341,61.52
17342,64.86
17343,47.23
17344,53.96
17345,54.55
17346,57.58
17347,61.89
17348,65.25
17349,70.35
17350,46.78
17351,53.31
17352,54.09
17353,55.89
17354,60.23
17355,62.98
17356,70.39
17357,47.16
17358,51.79
17359,51.44
17360,55.1
17361,60.09
17362,65.58
17363,71.29
17364,46.09
17365,52.95
17366,53.24
17367,56.41
17368,61.55
17369,66.35
17370,18.48
17371,22.65
17372,21.75
17373,23.05
17374,25.42
17375,28.55
17376,29.92
17377,19.54
17378,21.99
17379,22.77
17380,23.06
17381,26.11
17382,28.28
17383,30.09
17384,19.05
17385,21.57
17386,22.21
17387,24.54
17388,24.33
17389,27.63
17390,27.89
17391,18.56
17392,22.09
17393,22.21
17394,23.9
17395,25.15
17396,28.38
17397,29.08
17398,19.27
17399,21.98
17400,21.69
17401,25.0
17402,28.36
17403,31.19
17404,31.1
17405,21.59
17406,23.98
17407,25.05
17408,26.31
17409,28.01
17410,30.24
17411,31.43
17412,21.52
17413,24.03
17414,25.31
17415,26.03
17416,28.73
17417,31.08
17418,32.05
17419,21.4
17420,25.26
17421,24.64
17422,26.66
17423,28.2
17424,30.17
17425,31.99
17426,20.78
17427,25.03
17428,25.01
17429,31.44
17430,34.23
17431,34.71
17432,36.13
17433,24.9
17434,29.17
17435,30.07
17436,31.75
17437,34.07
17438,34.92
17439,36.5
17440,26.69
17441,29.57
17442,30.54
17443,30.32
17444,32.49
17445,34.59
17446,35.82
17447,26.15
17448,29.58
17449,31.14
17450,31.91
17451,32.77
17452,34.38
17453,37.05
17454,26.25
17455,29.77
17456,30.66
17457,31.15
17458,31.52
17459,35.67
17460,55.89
17461,65.18
17462,63.18
17463,65.5
17464,71.43
17465,74.39
17466,77.72
17467,54.84
17468,61.0
17469,64.5
17470,68.27
17471,69.61
17472,76.53
17473,78.17
17474,56.63
17475,64.98
17476,62.55
17477,68.21
17478,70.35
17479,77.47
17480,77.93
17481,55.55
17482,62.68
17483,61.39
17484,66.5
17485,70.02
17486,75.85
17487,78.67
17488,53.19
17489,62.84
17490,62.54
17491,73.82
17492,80.83
17493,86.82
17494,89.44
17495,58.18
17496,70.12
17497,68.39
17498,74.62
17499,80.14
17500,82.77
17501,89.58
17502,59.26
17503,69.4
17504,69.09
17505,74.62
17506,79.32
17507,84.38
17508,89.8
17509,60.03
17510,70.54
17511,68.84
17512,71.98
17513,77.24
17514,82.8
17515,87.2
17516,59.59
17517,66.48
17518,66.21
17519,90.09
17520,92.34
17521,98.68
17522,102.92
17523,71.6
17524,81.2
17525,83.41
17526,88.56
17527,91.97
17528,101.49
17529,107.7
17530,71.05
17531,79.85
17532,81.83
17533,86.37
17534,90.24
17535,97.82
17536,108.78
17537,72.5
17538,82.44
17539,85.1
17540,86.02
17541,94.71
17542,100.56
17543,108.75
17544,70.14
17545,82.56
17546,84.39
17547,87.5
17548,93.62
17549,102.31
17550,40.04
17551,45.23
17552,44.27
17553,46.86
17554,52.88
17555,53.64
17556,61.34
17557,39.64
17558,45.32
17559,43.15
17560,47.76
17561,51.09
17562,53.28
17563,59.33
17564,40.12
17565,46.03
17566,46.64
17567,48.96
17568,49.76
17569,53.5
17570,59.39
17571,38.51
17572,45.01
17573,45.34
17574,46.47
17575,50.22
17576,53.9
17577,58.15
17578,38.32
17579,46.18
17580,43.55
17581,52.63
17582,57.61
17583,61.57
17584,64.36
17585,42.49
17586,47.85
17587,48.82
17588,51.9
17589,57.69
17590,58.29
17591,67.71
17592,44.07
17593,49.33
17594,48.04
17595,52.87
17596,56.79
17597,61.08
17598,62.82
17599,42.34
17600,48.59
17601,48.94
17602,54.9
17603,54.9
17604,60.43
17605,63.43
17606,43.18
17607,48.5
17608,49.53
17609,63.58
17610,67.49
17611,70.35
17612,74.6
17613,49.66
17614,58.25
17615,58.0
17616,62.67
17617,66.4
17618,70.13
17619,74.74
17620,51.55
17621,58.04
17622,59.57
17623,63.68
17624,67.03
17625,71.38
17626,75.95
17627,51.34
17628,58.61
17629,58.08
17630,61.84
17631,66.63
17632,76.21
17633,77.21
17634,53.0
17635,58.69
17636,57.49
17637,63.71
17638,68.41
17639,85.3
17640,14.31
17641,17.27
17642,17.2
17643,17.9
17644,19.27
17645,20.98
17646,21.52
17647,14.65
17648,16.93
17649,16.83
17650,17.58
17651,18.94
17652,20.76
17653,21.28
17654,14.51
17655,17.08
17656,16.27
17657,18.11
17658,19.5
17659,20.52
17660,21.36
17661,15.24
17662,16.44
17663,16.83
17664,18.27
17665,19.84
17666,20.39
17667,20.74
17668,14.61
17669,17.36
17670,16.97
17671,20.14
17672,20.93
17673,22.29
17674,23.76
17675,15.85
17676,18.14
17677,19.14
17678,20.16
17679,21.99
17680,23.47
17681,24.01
17682,14.95
17683,18.65
17684,18.3
17685,19.6
17686,21.96
17687,23.39
17688,24.98
17689,15.84
17690,18.63
17691,18.61
17692,19.8
17693,22.41
17694,22.23
17695,23.43
17696,15.61
17697,19.19
17698,18.34
17699,23.42
17700,25.55
17701,28.78
17702,29.64
17703,19.35
17704,22.43
17705,22.1
17706,23.81
17707,26.15
17708,28.11
17709,28.98
17710,19.55
17711,22.74
17712,22.55
17713,23.36
17714,26.06
17715,27.21
17716,28.51
17717,19.93
17718,22.33
17719,22.81
17720,24.39
17721,25.01
17722,28.05
17723,27.56
17724,19.43
17725,21.78
17726,23.77
17727,23.88
17728,25.72
17729,27.92
17730,33.59
17731,40.38
17732,40.08
17733,42.89
17734,45.86
17735,47.89
17736,50.46
17737,34.01
17738,40.91
17739,40.67
17740,42.12
17741,43.8
17742,48.55
17743,51.5
17744,32.99
17745,38.25
17746,39.45
17747,42.8
17748,44.94
17749,46.54
17750,50.01
17751,33.1
17752,39.0
17753,39.53
17754,41.87
17755,44.36
17756,46.76
17757,48.63
17758,32.59
17759,38.81
17760,39.72
17761,45.82
17762,48.3
17763,51.73
17764,54.09
17765,35.05
17766,43.05
17767,43.12
17768,46.74
17769,51.02
17770,51.65
17771,55.42
17772,35.84
17773,43.06
17774,43.12
17775,45.85
17776,49.51
17777,51.96
17778,56.34
17779,37.69
17780,42.7
17781,42.48
17782,44.72
17783,49.5
17784,53.95
17785,58.83
17786,36.57
17787,45.21
17788,42.41
17789,54.47
17790,60.12
17791,64.72
17792,67.72
17793,44.13
17794,51.46
17795,51.12
17796,55.22
17797,59.11
17798,63.63
17799,68.28
17800,44.35
17801,53.75
17802,51.09
17803,55.94
17804,60.43
17805,61.9
17806,67.39
17807,42.36
17808,52.98
17809,50.58
17810,54.44
17811,58.85
17812,63.93
17813,68.06
17814,42.37
17815,51.98
17816,51.12
17817,55.86
17818,58.97
17819,64.14
17820,18.78
17821,21.88
17822,21.82
17823,24.54
17824,25.89
17825,27.05
17826,29.14
17827,17.92
17828,22.02
17829,22.24
17830,23.83
17831,25.89
17832,26.8
17833,28.46
17834,18.74
17835,21.45
17836,21.71
17837,24.95
17838,25.74
17839,26.9
17840,28.03
17841,18.8
17842,22.3
17843,21.74
17844,23.79
17845,26.39
17846,26.88
17847,28.44
17848,19.17
17849,21.67
17850,22.23
17851,26.85
17852,28.56
17853,30.45
17854,31.0
17855,20.69
17856,24.34
17857,24.91
17858,26.63
17859,28.07
17860,30.02
17861,31.82
17862,21.47
17863,24.71
17864,24.64
17865,25.2
17866,29.69
17867,30.02
17868,30.92
17869,21.2
17870,23.85
17871,24.75
17872,26.19
17873,28.27
17874,30.01
17875,32.19
17876,21.18
17877,24.01
17878,24.38
17879,29.91
17880,33.16
17881,36.15
17882,37.72
17883,25.1
17884,29.13
17885,27.65
17886,30.91
17887,32.44
17888,34.77
17889,37.22
17890,24.78
17891,28.97
17892,29.03
17893,30.57
17894,33.1
17895,36.05
17896,37.34
17897,25.98
17898,28.74
17899,29.04
17900,30.96
17901,33.46
17902,36.07
17903,38.21
17904,26.23
17905,28.95
17906,29.9
17907,30.99
17908,33.39
17909,35.29
17910,44.69
17911,51.08
17912,50.89
17913,53.17
17914,56.98
17915,61.69
17916,66.48
17917,45.3
17918,50.0
17919,50.8
17920,53.99
17921,56.12
17922,62.77
17923,65.06
17924,42.9
17925,49.97
17926,49.08
17927,53.55
17928,55.94
17929,60.31
17930,62.92
17931,42.67
17932,49.88
17933,49.17
17934,53.54
17935,55.89
17936,59.85
17937,65.96
17938,44.7
17939,48.66
17940,48.86
17941,59.72
17942,63.94
17943,66.01
17944,71.14
17945,48.24
17946,54.33
17947,54.26
17948,60.81
17949,62.63
17950,67.32
17951,71.66
17952,46.79
17953,52.48
17954,54.72
17955,58.55
17956,63.08
17957,69.2
17958,73.69
17959,49.11
17960,53.69
17961,54.66
17962,59.92
17963,64.95
17964,70.27
17965,73.41
17966,49.74
17967,56.04
17968,55.68
17969,72.35
17970,78.49
17971,80.75
17972,85.53
17973,57.79
17974,63.78
17975,64.68
17976,69.88
17977,74.48
17978,78.81
17979,87.79
17980,55.27
17981,62.74
17982,65.57
17983,71.8
17984,74.91
17985,82.95
17986,88.71
17987,55.96
17988,65.03
17989,66.16
17990,71.43
17991,75.53
17992,81.32
17993,84.86
17994,57.25
17995,67.3
17996,68.28
17997,70.07
17998,75.49
17999,83.62
18000,10.59
18001,12.61
18002,12.68
18003,13.4
18004,13.59
18005,14.38
18006,16.22
18007,10.74
18008,11.92
18009,12.09
18010,12.97
18011,13.7
18012,15.61
18013,15.68
18014,10.59
18015,11.62
18016,12.5
18017,13.33
18018,13.57
18019,15.62
18020,15.85
18021,10.65
18022,11.85
18023,12.3
18024,13.23
18025,14.22
18026,15.11
18027,16.01
18028,10.46
18029,12.12
18030,12.27
18031,15.12
18032,15.28
18033,16.35
18034,18.0
18035,11.63
18036,13.79
18037,13.41
18038,14.04
18039,14.98
18040,16.9
18041,18.38
18042,11.09
18043,13.28
18044,13.0
18045,14.42
18046,15.87
18047,16.78
18048,17.9
18049,11.72
18050,13.61
18051,13.56
18052,14.67
18053,15.4
18054,17.28
18055,19.03
18056,10.94
18057,13.83
18058,13.43
18059,16.78
18060,18.03
18061,19.41
18062,21.04
18063,13.97
18064,16.09
18065,16.24
18066,17.18
18067,18.53
18068,19.96
18069,20.01
18070,13.15
18071,16.12
18072,16.21
18073,17.26
18074,18.97
18075,19.79
18076,20.77
18077,13.44
18078,16.03
18079,16.02
18080,17.18
18081,18.48
18082,20.43
18083,19.46
18084,13.92
18085,15.67
18086,16.1
18087,17.41
18088,18.34
18089,19.71
18090,28.26
18091,32.06
18092,32.01
18093,34.65
18094,37.8
18095,39.75
18096,43.3
18097,27.75
18098,33.04
18099,32.57
18100,35.12
18101,38.87
18102,41.36
18103,41.66
18104,26.63
18105,32.23
18106,32.62
18107,35.21
18108,37.58
18109,39.05
18110,39.52
18111,26.84
18112,32.47
18113,33.19
18114,35.85
18115,38.38
18116,38.4
18117,39.84
18118,27.8
18119,32.71
18120,34.28
18121,39.73
18122,40.6
18123,43.1
18124,46.08
18125,30.31
18126,36.81
18127,35.64
18128,39.05
18129,40.93
18130,43.06
18131,47.71
18132,31.54
18133,36.97
18134,35.46
18135,39.3
18136,41.18
18137,45.89
18138,47.45
18139,32.27
18140,36.65
18141,34.26
18142,40.0
18143,41.3
18144,47.09
18145,47.8
18146,30.56
18147,38.43
18148,34.42
18149,47.63
18150,51.23
18151,55.71
18152,55.51
18153,36.73
18154,44.01
18155,43.76
18156,47.15
18157,49.17
18158,53.34
18159,55.09
18160,36.52
18161,44.15
18162,44.63
18163,47.7
18164,50.25
18165,53.55
18166,57.08
18167,36.63
18168,44.69
18169,44.96
18170,46.95
18171,49.37
18172,53.44
18173,56.2
18174,37.04
18175,43.22
18176,43.5
18177,46.41
18178,49.31
18179,55.41
18180,17.41
18181,19.99
18182,19.99
18183,22.08
18184,23.61
18185,24.31
18186,26.0
18187,16.6
18188,20.14
18189,19.9
18190,21.68
18191,23.04
18192,24.73
18193,26.62
18194,17.21
18195,19.47
18196,20.59
18197,21.87
18198,23.38
18199,24.34
18200,25.93
18201,17.02
18202,19.31
18203,20.19
18204,21.11
18205,23.04
18206,24.72
18207,25.61
18208,16.93
18209,19.23
18210,20.21
18211,22.84
18212,24.45
18213,26.88
18214,28.15
18215,19.03
18216,22.38
18217,23.05
18218,23.81
18219,25.19
18220,28.02
18221,28.61
18222,19.02
18223,21.79
18224,22.49
18225,23.32
18226,25.61
18227,27.99
18228,30.48
18229,19.54
18230,21.56
18231,21.41
18232,23.9
18233,25.16
18234,27.9
18235,28.45
18236,19.86
18237,21.65
18238,21.19
18239,26.96
18240,31.63
18241,33.17
18242,36.33
18243,23.57
18244,26.84
18245,26.21
18246,28.42
18247,31.37
18248,32.17
18249,35.05
18250,23.37
18251,26.54
18252,27.4
18253,28.38
18254,30.21
18255,32.46
18256,35.18
18257,23.7
18258,27.05
18259,27.09
18260,29.4
18261,31.39
18262,33.92
18263,34.59
18264,22.99
18265,26.28
18266,26.67
18267,29.19
18268,30.57
18269,32.89
18270,10.53
18271,11.39
18272,12.17
18273,13.71
18274,13.65
18275,15.04
18276,15.62
18277,10.43
18278,12.59
18279,11.81
18280,12.68
18281,14.16
18282,15.14
18283,15.98
18284,10.66
18285,12.0
18286,12.25
18287,13.12
18288,13.99
18289,15.69
18290,15.87
18291,10.55
18292,11.48
18293,12.47
18294,13.02
18295,13.19
18296,15.41
18297,15.46
18298,9.68
18299,12.75
18300,12.95
18301,14.59
18302,14.97
18303,16.9
18304,17.14
18305,11.43
18306,13.5
18307,13.33
18308,15.01
18309,14.83
18310,16.8
18311,17.76
18312,10.54
18313,13.35
18314,12.86
18315,15.0
18316,15.71
18317,17.41
18318,17.53
18319,10.95
18320,13.59
18321,13.73
18322,14.66
18323,15.11
18324,16.69
18325,17.63
18326,10.75
18327,12.94
18328,13.5
18329,17.03
18330,18.77
18331,19.27
18332,19.95
18333,13.12
18334,16.01
18335,16.13
18336,16.81
18337,17.56
18338,19.57
18339,20.04
18340,13.5
18341,15.85
18342,15.73
18343,16.98
18344,17.11
18345,20.24
18346,19.63
18347,13.3
18348,16.08
18349,15.28
18350,17.73
18351,18.56
18352,20.01
18353,20.97
18354,13.75
18355,15.77
18356,15.69
18357,17.51
18358,18.52
18359,19.51
18360,8.74
18361,10.13
18362,10.29
18363,10.38
18364,11.13
18365,12.4
18366,13.47
18367,7.93
18368,9.87
18369,10.17
18370,11.33
18371,11.44
18372,12.17
18373,14.0
18374,8.28
18375,10.11
18376,10.19
18377,10.72
18378,11.57
18379,12.2
18380,13.49
18381,8.51
18382,9.84
18383,9.84
18384,10.4
18385,12.81
18386,12.56
18387,13.43
18388,8.63
18389,10.01
18390,10.77
18391,12.27
18392,12.4
18393,14.24
18394,14.62
18395,10.25
18396,11.14
18397,11.04
18398,12.19
18399,12.99
18400,14.01
18401,13.95
18402,9.9
18403,11.1
18404,10.95
18405,11.79
18406,12.75
18407,13.68
18408,13.87
18409,9.69
18410,11.41
18411,11.52
18412,11.57
18413,13.14
18414,14.59
18415,14.1
18416,9.39
18417,10.61
18418,11.48
18419,14.48
18420,15.6
18421,16.82
18422,17.64
18423,11.61
18424,13.38
18425,14.02
18426,14.61
18427,14.24
18428,16.74
18429,17.96
18430,11.48
18431,13.72
18432,13.87
18433,14.23
18434,15.75
18435,17.41
18436,17.73
18437,11.14
18438,13.94
18439,13.72
18440,14.51
18441,16.17
18442,16.58
18443,17.63
18444,11.06
18445,14.06
18446,14.27
18447,14.65
18448,15.91
18449,17.03
18450,28.59
18451,32.52
18452,34.18
18453,35.96
18454,36.55
18455,41.02
18456,43.59
18457,29.37
18458,32.65
18459,33.08
18460,35.47
18461,38.02
18462,41.04
18463,43.22
18464,29.47
18465,32.28
18466,32.39
18467,34.71
18468,36.81
18469,40.3
18470,42.39
18471,28.54
18472,32.24
18473,32.61
18474,34.93
18475,37.56
18476,40.38
18477,41.28
18478,28.56
18479,31.72
18480,33.09
18481,39.2
18482,42.18
18483,45.31
18484,47.05
18485,30.37
18486,36.24
18487,37.2
18488,40.33
18489,42.27
18490,44.54
18491,47.75
18492,30.43
18493,35.08
18494,36.2
18495,39.14
18496,42.67
18497,45.17
18498,45.65
18499,30.52
18500,36.07
18501,35.97
18502,38.6
18503,41.14
18504,44.5
18505,47.61
18506,31.41
18507,35.96
18508,35.14
18509,45.94
18510,50.15
18511,52.39
18512,56.15
18513,34.59
18514,43.12
18515,42.02
18516,45.83
18517,48.69
18518,52.9
18519,55.78
18520,35.56
18521,45.43
18522,42.65
18523,46.38
18524,48.88
18525,53.51
18526,58.21
18527,37.5
18528,44.17
18529,44.55
18530,46.21
18531,49.1
18532,55.14
18533,59.03
18534,37.94
18535,44.19
18536,43.78
18537,45.72
18538,48.28
18539,55.52
18540,27.78
18541,31.78
18542,31.76
18543,36.26
18544,37.83
18545,40.92
18546,42.04
18547,27.43
18548,31.76
18549,32.82
18550,33.61
18551,37.35
18552,39.73
18553,41.78
18554,25.98
18555,31.51
18556,31.63
18557,35.07
18558,37.27
18559,40.42
18560,41.43
18561,25.71
18562,31.74
18563,32.3
18564,33.98
18565,37.01
18566,40.34
18567,43.03
18568,26.11
18569,32.69
18570,33.68
18571,38.05
18572,41.16
18573,44.57
18574,47.03
18575,34.2
18576,36.09
18577,36.87
18578,39.37
18579,41.77
18580,44.43
18581,47.71
18582,33.71
18583,35.28
18584,37.21
18585,39.12
18586,40.96
18587,44.8
18588,47.28
18589,32.17
18590,36.06
18591,36.22
18592,39.26
18593,42.95
18594,46.27
18595,49.45
18596,31.46
18597,36.78
18598,35.97
18599,46.11
18600,49.58
18601,53.14
18602,54.32
18603,38.48
18604,44.21
18605,42.65
18606,46.94
18607,51.54
18608,52.37
18609,54.35
18610,36.16
18611,41.39
18612,42.39
18613,46.35
18614,50.41
18615,52.2
18616,52.45
18617,37.84
18618,42.55
18619,44.27
18620,45.75
18621,49.29
18622,50.7
18623,51.81
18624,36.89
18625,42.06
18626,42.75
18627,46.06
18628,50.3
18629,52.31
18630,36.85
18631,43.9
18632,42.4
18633,46.43
18634,50.2
18635,52.58
18636,56.24
18637,34.53
18638,42.99
18639,43.2
18640,47.35
18641,50.01
18642,52.74
18643,53.2
18644,35.31
18645,43.25
18646,43.29
18647,45.59
18648,48.81
18649,51.85
18650,56.17
18651,37.83
18652,43.04
18653,43.32
18654,47.23
18655,49.53
18656,52.58
18657,54.86
18658,36.91
18659,41.38
18660,44.49
18661,50.29
18662,55.35
18663,58.9
18664,62.08
18665,40.11
18666,47.56
18667,47.13
18668,50.05
18669,53.15
18670,56.6
18671,65.23
18672,41.64
18673,48.27
18674,48.34
18675,51.94
18676,54.02
18677,57.24
18678,65.05
18679,40.42
18680,47.26
18681,48.64
18682,50.11
18683,53.35
18684,57.66
18685,60.09
18686,42.47
18687,47.03
18688,48.65
18689,62.34
18690,67.77
18691,70.91
18692,70.8
18693,49.29
18694,57.27
18695,55.7
18696,63.01
18697,66.99
18698,71.07
18699,73.99
18700,49.51
18701,57.88
18702,55.33
18703,63.79
18704,65.61
18705,71.89
18706,73.48
18707,48.06
18708,57.27
18709,56.41
18710,61.41
18711,65.27
18712,69.46
18713,75.16
18714,48.22
18715,58.3
18716,55.59
18717,62.21
18718,67.76
18719,69.66
18720,25.2
18721,29.45
18722,28.71
18723,30.77
18724,33.01
18725,35.16
18726,36.91
18727,24.16
18728,27.49
18729,29.05
18730,29.11
18731,32.45
18732,36.42
18733,37.23
18734,24.6
18735,27.53
18736,28.0
18737,30.72
18738,33.17
18739,35.8
18740,36.25
18741,24.49
18742,28.27
18743,27.91
18744,31.28
18745,33.11
18746,34.05
18747,34.77
18748,24.6
18749,27.93
18750,29.68
18751,33.88
18752,36.13
18753,39.18
18754,41.98
18755,27.25
18756,30.25
18757,32.68
18758,32.97
18759,36.11
18760,38.53
18761,39.58
18762,26.78
18763,31.18
18764,31.32
18765,34.12
18766,35.64
18767,38.72
18768,40.55
18769,26.89
18770,31.16
18771,30.8
18772,33.39
18773,34.79
18774,39.43
18775,41.01
18776,27.07
18777,32.22
18778,31.81
18779,40.82
18780,42.03
18781,45.99
18782,49.45
18783,31.15
18784,37.53
18785,38.11
18786,42.26
18787,41.66
18788,45.53
18789,49.13
18790,32.32
18791,36.95
18792,36.69
18793,40.61
18794,41.6
18795,46.29
18796,48.86
18797,32.55
18798,36.87
18799,39.16
18800,41.5
18801,42.21
18802,47.08
18803,50.8
18804,32.26
18805,38.32
18806,38.99
18807,41.05
18808,43.26
18809,46.73
18810,34.75
18811,41.68
18812,41.89
18813,44.2
18814,48.91
18815,51.25
18816,56.46
18817,34.33
18818,41.16
18819,41.18
18820,44.1
18821,45.72
18822,50.41
18823,51.8
18824,34.59
18825,42.61
18826,41.07
18827,43.65
18828,47.0
18829,52.23
18830,52.42
18831,34.27
18832,40.36
18833,40.54
18834,44.16
18835,45.92
18836,50.72
18837,52.8
18838,34.18
18839,41.76
18840,41.37
18841,48.42
18842,51.45
18843,55.01
18844,57.65
18845,37.58
18846,45.94
18847,44.56
18848,47.92
18849,50.0
18850,56.58
18851,58.83
18852,38.59
18853,45.27
18854,45.14
18855,47.92
18856,51.99
18857,53.72
18858,58.4
18859,40.05
18860,45.27
18861,45.12
18862,49.29
18863,52.6
18864,58.15
18865,59.59
18866,39.62
18867,46.23
18868,42.89
18869,57.16
18870,62.26
18871,67.62
18872,68.91
18873,46.31
18874,55.46
18875,52.51
18876,58.14
18877,63.32
18878,68.13
18879,70.91
18880,47.61
18881,54.56
18882,54.09
18883,58.45
18884,60.49
18885,63.98
18886,70.57
18887,46.94
18888,53.0
18889,52.23
18890,57.52
18891,64.26
18892,66.12
18893,69.99
18894,46.79
18895,53.09
18896,55.48
18897,58.38
18898,62.74
18899,66.35
18900,33.18
18901,39.64
18902,38.39
18903,40.37
18904,43.61
18905,47.17
18906,50.4
18907,32.85
18908,39.04
18909,38.51
18910,42.28
18911,45.21
18912,47.66
18913,51.32
18914,32.92
18915,37.83
18916,39.76
18917,42.56
18918,44.0
18919,48.98
18920,51.9
18921,33.27
18922,39.07
18923,39.7
18924,41.41
18925,44.8
18926,47.76
18927,51.46
18928,32.87
18929,37.67
18930,39.01
18931,45.71
18932,48.26
18933,51.75
18934,56.45
18935,35.57
18936,42.83
18937,42.52
18938,44.94
18939,50.31
18940,52.7
18941,55.26
18942,36.69
18943,42.78
18944,43.18
18945,44.37
18946,48.44
18947,53.49
18948,55.59
18949,36.73
18950,42.07
18951,43.16
18952,44.72
18953,48.62
18954,50.82
18955,51.63
18956,37.16
18957,42.57
18958,39.62
18959,55.51
18960,58.6
18961,60.57
18962,62.72
18963,45.16
18964,51.43
18965,52.35
18966,55.65
18967,59.04
18968,64.78
18969,67.9
18970,46.75
18971,51.3
18972,49.9
18973,54.41
18974,59.96
18975,63.86
18976,68.78
18977,45.59
18978,51.52
18979,50.35
18980,53.26
18981,59.4
18982,63.37
18983,66.45
18984,43.34
18985,50.27
18986,51.6
18987,53.61
18988,59.96
18989,63.43
18990,33.28
18991,38.21
18992,39.15
18993,40.35
18994,44.36
18995,45.13
18996,46.31
18997,32.97
18998,38.21
18999,38.67
19000,40.69
19001,45.97
19002,47.11
19003,49.83
19004,33.27
19005,38.36
19006,38.73
19007,40.28
19008,43.74
19009,46.79
19010,49.24
19011,33.48
19012,37.94
19013,37.95
19014,42.8
19015,44.64
19016,45.19
19017,49.04
19018,32.27
19019,37.83
19020,39.49
19021,45.2
19022,48.56
19023,55.94
19024,53.13
19025,37.35
19026,42.55
19027,43.44
19028,45.61
19029,49.16
19030,53.61
19031,52.88
19032,35.57
19033,42.15
19034,41.16
19035,46.84
19036,49.36
19037,52.96
19038,52.96
19039,35.81
19040,43.24
19041,42.51
19042,45.06
19043,49.28
19044,51.69
19045,52.73
19046,37.36
19047,44.03
19048,43.29
19049,53.02
19050,57.62
19051,60.93
19052,63.66
19053,44.81
19054,52.44
19055,51.75
19056,54.42
19057,55.97
19058,61.55
19059,64.73
19060,45.13
19061,50.84
19062,50.26
19063,54.7
19064,57.93
19065,59.72
19066,65.59
19067,45.84
19068,52.49
19069,50.9
19070,54.53
19071,58.27
19072,62.0
19073,63.72
19074,44.41
19075,50.96
19076,50.45
19077,56.02
19078,56.87
19079,61.42
19080,40.55
19081,46.94
19082,47.25
19083,50.7
19084,54.66
19085,58.59
19086,60.06
19087,40.25
19088,46.02
19089,49.03
19090,51.65
19091,55.62
19092,55.71
19093,59.33
19094,40.2
19095,46.24
19096,47.6
19097,51.05
19098,54.99
19099,55.13
19100,60.13
19101,39.44
19102,47.84
19103,46.05
19104,51.03
19105,54.03
19106,57.06
19107,62.34
19108,38.66
19109,46.56
19110,48.7
19111,53.51
19112,61.77
19113,65.32
19114,68.29
19115,44.27
19116,51.31
19117,53.67
19118,55.78
19119,60.66
19120,64.73
19121,68.0
19122,44.29
19123,51.93
19124,51.47
19125,54.89
19126,58.78
19127,63.44
19128,68.0
19129,43.71
19130,53.28
19131,52.18
19132,56.5
19133,58.21
19134,64.77
19135,69.02
19136,47.03
19137,52.16
19138,52.23
19139,65.76
19140,72.67
19141,76.32
19142,81.19
19143,56.32
19144,66.16
19145,62.12
19146,66.17
19147,72.36
19148,77.93
19149,82.73
19150,53.36
19151,63.39
19152,63.22
19153,68.23
19154,72.71
19155,78.09
19156,85.67
19157,53.19
19158,65.26
19159,62.89
19160,67.48
19161,71.98
19162,78.83
19163,82.92
19164,52.09
19165,63.48
19166,64.1
19167,67.34
19168,73.23
19169,77.4
19170,27.4
19171,32.25
19172,33.86
19173,33.5
19174,37.19
19175,39.83
19176,42.0
19177,26.57
19178,32.72
19179,33.39
19180,35.05
19181,39.74
19182,41.36
19183,43.27
19184,26.33
19185,31.18
19186,33.12
19187,35.33
19188,37.58
19189,40.11
19190,41.83
19191,26.66
19192,31.95
19193,32.86
19194,35.03
19195,38.39
19196,40.97
19197,42.05
19198,26.89
19199,32.64
19200,34.5
19201,37.91
19202,42.16
19203,44.63
19204,46.44
19205,30.95
19206,36.55
19207,37.61
19208,39.44
19209,41.77
19210,45.49
19211,47.59
19212,30.27
19213,35.04
19214,36.2
19215,38.58
19216,42.97
19217,45.76
19218,49.25
19219,30.33
19220,36.13
19221,35.66
19222,39.35
19223,41.4
19224,44.28
19225,46.99
19226,31.96
19227,36.32
19228,35.81
19229,46.48
19230,50.04
19231,53.94
19232,56.25
19233,38.73
19234,43.57
19235,42.74
19236,47.27
19237,50.0
19238,55.1
19239,55.03
19240,37.88
19241,43.62
19242,43.41
19243,47.27
19244,46.92
19245,55.59
19246,56.55
19247,36.51
19248,41.52
19249,42.89
19250,46.47
19251,46.72
19252,53.64
19253,57.77
19254,36.26
19255,42.25
19256,42.63
19257,45.91
19258,48.5
19259,54.4
19260,42.68
19261,50.89
19262,48.07
19263,53.07
19264,57.14
19265,61.81
19266,63.67
19267,42.83
19268,49.32
19269,48.76
19270,52.14
19271,56.15
19272,60.88
19273,63.81
19274,42.1
19275,49.4
19276,47.37
19277,53.06
19278,57.4
19279,60.97
19280,62.38
19281,42.05
19282,48.66
19283,49.03
19284,52.73
19285,55.9
19286,61.27
19287,65.2
19288,41.26
19289,50.03
19290,50.53
19291,58.55
19292,60.44
19293,66.01
19294,71.37
19295,46.31
19296,53.29
19297,52.68
19298,55.69
19299,58.96
19300,66.82
19301,72.8
19302,45.9
19303,53.4
19304,53.9
19305,57.03
19306,63.04
19307,66.41
19308,71.26
19309,45.03
19310,54.18
19311,52.39
19312,57.36
19313,63.3
19314,67.05
19315,69.14
19316,46.79
19317,55.62
19318,53.81
19319,65.56
19320,72.42
19321,76.48
19322,81.5
19323,54.9
19324,63.52
19325,62.54
19326,69.16
19327,73.49
19328,78.89
19329,80.86
19330,55.0
19331,64.67
19332,63.52
19333,66.29
19334,72.41
19335,80.83
19336,81.38
19337,55.55
19338,66.03
19339,65.51
19340,66.46
19341,70.74
19342,83.38
19343,79.84
19344,55.21
19345,64.04
19346,64.07
19347,68.89
19348,72.6
19349,83.91
19350,11.85
19351,13.83
19352,13.55
19353,14.68
19354,15.7
19355,16.37
19356,17.59
19357,11.09
19358,14.01
19359,13.39
19360,14.89
19361,15.71
19362,16.84
19363,18.05
19364,11.68
19365,13.79
19366,13.43
19367,15.49
19368,15.61
19369,16.84
19370,17.8
19371,11.72
19372,13.44
19373,14.16
19374,14.79
19375,15.82
19376,17.31
19377,17.74
19378,11.9
19379,13.49
19380,14.81
19381,17.1
19382,17.17
19383,19.07
19384,20.32
19385,12.84
19386,15.8
19387,16.03
19388,16.64
19389,17.22
19390,18.62
19391,20.08
19392,12.77
19393,15.5
19394,15.56
19395,16.31
19396,17.21
19397,18.54
19398,20.43
19399,12.08
19400,15.31
19401,14.98
19402,16.36
19403,17.95
19404,18.49
19405,20.13
19406,12.78
19407,15.29
19408,15.42
19409,20.01
19410,21.37
19411,21.46
19412,23.29
19413,14.85
19414,17.92
19415,18.53
19416,19.02
19417,20.32
19418,22.27
19419,22.67
19420,14.88
19421,18.23
19422,18.1
19423,20.31
19424,21.44
19425,22.18
19426,22.82
19427,15.49
19428,18.6
19429,18.19
19430,19.53
19431,21.02
19432,23.68
19433,23.51
19434,14.84
19435,18.27
19436,19.01
19437,19.86
19438,20.94
19439,23.1
19440,16.16
19441,18.51
19442,18.57
19443,19.31
19444,20.86
19445,21.65
19446,22.64
19447,15.99
19448,18.35
19449,18.63
19450,20.07
19451,20.91
19452,22.13
19453,23.27
19454,15.95
19455,18.79
19456,18.78
19457,20.61
19458,21.65
19459,22.67
19460,23.44
19461,15.71
19462,18.64
19463,18.65
19464,19.69
19465,21.48
19466,22.2
19467,24.04
19468,15.77
19469,17.76
19470,18.49
19471,21.45
19472,22.93
19473,24.7
19474,25.36
19475,17.67
19476,20.52
19477,19.99
19478,22.28
19479,22.85
19480,24.5
19481,27.63
19482,18.13
19483,19.86
19484,20.08
19485,22.15
19486,22.56
19487,24.86
19488,25.81
19489,17.28
19490,20.3
19491,20.02
19492,22.37
19493,23.54
19494,23.52
19495,25.58
19496,17.2
19497,20.37
19498,20.41
19499,25.84
19500,27.6
19501,28.47
19502,30.7
19503,21.14
19504,24.76
19505,23.5
19506,25.79
19507,27.34
19508,28.11
19509,30.66
19510,20.36
19511,23.91
19512,24.52
19513,26.09
19514,28.16
19515,29.58
19516,31.42
19517,21.86
19518,23.99
19519,24.54
19520,25.47
19521,27.76
19522,29.42
19523,31.63
19524,20.94
19525,24.25
19526,24.51
19527,26.75
19528,28.2
19529,30.45
19530,41.86
19531,47.83
19532,48.14
19533,48.47
19534,54.58
19535,59.59
19536,60.57
19537,40.08
19538,46.46
19539,47.05
19540,51.03
19541,52.45
19542,58.62
19543,56.83
19544,40.85
19545,46.95
19546,47.13
19547,52.47
19548,51.56
19549,57.44
19550,56.58
19551,40.99
19552,46.23
19553,45.69
19554,51.67
19555,54.04
19556,58.24
19557,55.27
19558,41.65
19559,47.31
19560,47.25
19561,56.15
19562,59.59
19563,62.27
19564,65.19
19565,45.48
19566,51.78
19567,50.71
19568,54.21
19569,62.45
19570,63.16
19571,69.95
19572,45.74
19573,50.61
19574,51.4
19575,55.82
19576,62.24
19577,64.55
19578,69.58
19579,44.13
19580,51.59
19581,50.34
19582,55.55
19583,61.01
19584,63.19
19585,66.41
19586,45.22
19587,50.82
19588,51.17
19589,65.85
19590,69.46
19591,75.05
19592,79.16
19593,51.15
19594,61.24
19595,61.8
19596,67.13
19597,69.21
19598,77.93
19599,78.62
19600,53.61
19601,62.03
19602,63.72
19603,65.82
19604,71.03
19605,74.66
19606,77.52
19607,53.03
19608,62.45
19609,61.99
19610,66.99
19611,71.26
19612,75.39
19613,81.57
19614,53.74
19615,62.62
19616,62.18
19617,67.26
19618,70.95
19619,75.48
19620,19.21
19621,22.49
19622,21.63
19623,24.13
19624,25.7
19625,27.54
19626,29.82
19627,19.41
19628,22.52
19629,22.12
19630,23.54
19631,25.13
19632,27.33
19633,29.85
19634,19.9
19635,23.73
19636,22.03
19637,24.57
19638,25.52
19639,27.55
19640,29.04
19641,18.95
19642,21.82
19643,21.32
19644,23.67
19645,25.83
19646,28.23
19647,29.4
19648,18.7
19649,22.35
19650,22.53
19651,27.15
19652,27.85
19653,29.87
19654,29.77
19655,20.16
19656,24.29
19657,24.73
19658,26.85
19659,28.21
19660,31.03
19661,30.92
19662,21.35
19663,23.51
19664,24.44
19665,26.35
19666,26.65
19667,30.0
19668,31.33
19669,21.47
19670,25.0
19671,23.61
19672,26.46
19673,29.36
19674,29.67
19675,32.3
19676,20.99
19677,24.04
19678,24.81
19679,31.33
19680,33.61
19681,35.66
19682,38.28
19683,24.92
19684,29.83
19685,30.11
19686,31.14
19687,32.88
19688,35.44
19689,37.9
19690,25.87
19691,28.77
19692,29.62
19693,31.36
19694,32.61
19695,35.32
19696,37.95
19697,26.07
19698,29.48
19699,29.33
19700,31.71
19701,34.19
19702,36.42
19703,35.81
19704,25.44
19705,28.72
19706,29.24
19707,31.86
19708,34.32
19709,37.02
19710,22.64
19711,26.88
19712,26.44
19713,27.55
19714,27.92
19715,31.85
19716,31.88
19717,22.58
19718,26.34
19719,25.86
19720,28.85
19721,29.68
19722,33.16
19723,33.51
19724,22.45
19725,26.86
19726,25.94
19727,28.34
19728,29.2
19729,31.15
19730,33.48
19731,22.3
19732,24.61
19733,25.06
19734,27.7
19735,29.78
19736,32.25
19737,34.83
19738,22.44
19739,26.15
19740,26.67
19741,29.97
19742,32.49
19743,34.95
19744,38.93
19745,25.44
19746,28.54
19747,28.69
19748,30.93
19749,33.66
19750,36.26
19751,39.16
19752,25.19
19753,27.55
19754,29.59
19755,30.53
19756,33.52
19757,35.03
19758,38.78
19759,25.53
19760,28.19
19761,29.72
19762,32.04
19763,33.02
19764,36.42
19765,38.73
19766,24.39
19767,28.81
19768,28.71
19769,38.32
19770,38.83
19771,42.9
19772,44.89
19773,30.16
19774,35.52
19775,34.71
19776,36.49
19777,38.81
19778,42.62
19779,44.44
19780,30.21
19781,34.66
19782,35.17
19783,36.95
19784,39.23
19785,41.93
19786,43.89
19787,29.47
19788,34.51
19789,34.14
19790,36.82
19791,39.73
19792,42.02
19793,45.25
19794,29.57
19795,34.95
19796,35.14
19797,38.38
19798,39.26
19799,42.79
19800,19.0
19801,21.42
19802,21.95
19803,24.15
19804,25.84
19805,26.82
19806,29.14
19807,18.47
19808,21.69
19809,22.66
19810,24.2
19811,25.96
19812,24.74
19813,29.24
19814,18.8
19815,21.5
19816,21.97
19817,24.1
19818,25.57
19819,25.71
19820,29.91
19821,18.45
19822,21.91
19823,22.63
19824,23.82
19825,24.5
19826,26.65
19827,29.01
19828,18.94
19829,21.35
19830,22.02
19831,26.48
19832,28.67
19833,29.32
19834,33.97
19835,20.39
19836,23.96
19837,24.64
19838,26.56
19839,28.25
19840,29.86
19841,32.26
19842,20.63
19843,23.66
19844,23.41
19845,26.01
19846,27.31
19847,29.83
19848,32.73
19849,21.85
19850,23.93
19851,24.03
19852,25.99
19853,28.4
19854,29.3
19855,31.94
19856,21.29
19857,23.75
19858,24.34
19859,31.63
19860,33.91
19861,36.07
19862,40.53
19863,25.88
19864,30.0
19865,30.24
19866,31.78
19867,32.27
19868,35.02
19869,37.26
19870,25.23
19871,28.98
19872,29.57
19873,30.96
19874,32.77
19875,35.14
19876,38.13
19877,25.26
19878,29.57
19879,29.6
19880,29.67
19881,33.25
19882,35.36
19883,37.01
19884,25.83
19885,29.22
19886,29.08
19887,31.77
19888,33.93
19889,34.89
19890,39.64
19891,44.5
19892,43.38
19893,47.55
19894,50.18
19895,56.95
19896,59.32
19897,39.28
19898,44.45
19899,44.81
19900,47.88
19901,51.23
19902,54.73
19903,57.48
19904,38.19
19905,46.1
19906,45.36
19907,47.76
19908,50.37
19909,54.02
19910,56.12
19911,38.69
19912,44.22
19913,43.68
19914,47.5
19915,50.23
19916,54.7
19917,58.23
19918,37.78
19919,44.75
19920,43.77
19921,51.99
19922,55.19
19923,59.31
19924,65.98
19925,41.41
19926,50.12
19927,48.91
19928,53.45
19929,57.46
19930,61.98
19931,66.33
19932,43.87
19933,49.19
19934,50.26
19935,52.67
19936,55.38
19937,60.31
19938,64.22
19939,41.16
19940,50.2
19941,49.34
19942,52.19
19943,55.74
19944,61.25
19945,64.53
19946,41.05
19947,51.54
19948,46.56
19949,61.53
19950,66.77
19951,73.87
19952,74.86
19953,51.89
19954,59.17
19955,56.82
19956,62.46
19957,66.59
19958,71.56
19959,76.51
19960,50.18
19961,59.85
19962,58.46
19963,62.42
19964,65.67
19965,71.17
19966,77.38
19967,50.33
19968,60.83
19969,58.9
19970,62.65
19971,68.35
19972,73.24
19973,75.76
19974,50.07
19975,59.51
19976,58.76
19977,63.54
19978,67.49
19979,75.62
19980,13.58
19981,16.59
19982,16.49
19983,17.44
19984,19.24
19985,20.23
19986,21.38
19987,13.65
19988,16.4
19989,16.22
19990,17.74
19991,18.77
19992,19.22
19993,21.42
19994,13.59
19995,16.37
19996,16.15
19997,17.3
19998,18.9
19999,19.84
20000,20.28
20001,13.82
20002,15.68
20003,16.44
20004,16.78
20005,18.93
20006,19.3
20007,21.36
20008,13.65
20009,16.34
20010,16.95
20011,19.62
20012,20.54
20013,21.43
20014,23.19
20015,15.51
20016,18.06
20017,18.57
20018,18.67
20019,20.83
20020,21.74
20021,22.6
20022,15.55
20023,17.76
20024,17.74
20025,18.86
20026,20.52
20027,21.94
20028,23.06
20029,15.53
20030,17.98
20031,18.16
20032,19.13
20033,19.89
20034,21.02
20035,22.49
20036,15.11
20037,18.11
20038,17.74
20039,22.72
20040,24.78
20041,25.65
20042,27.36
20043,17.98
20044,21.62
20045,21.36
20046,21.89
20047,24.18
20048,25.6
20049,27.32
20050,18.0
20051,21.35
20052,20.89
20053,22.03
20054,24.5
20055,27.12
20056,26.46
20057,18.02
20058,21.65
20059,21.36
20060,21.49
20061,24.07
20062,26.85
20063,26.65
20064,18.01
20065,21.08
20066,21.81
20067,22.41
20068,23.46
20069,26.56
20070,32.55
20071,36.58
20072,38.47
20073,39.64
20074,41.19
20075,43.32
20076,46.26
20077,30.66
20078,34.83
20079,36.06
20080,37.57
20081,39.66
20082,45.17
20083,48.15
20084,30.66
20085,35.85
20086,36.86
20087,39.04
20088,40.43
20089,43.68
20090,45.11
20091,30.68
20092,35.45
20093,34.41
20094,39.04
20095,39.72
20096,42.79
20097,45.38
20098,31.19
20099,36.23
20100,35.79
20101,44.02
20102,46.28
20103,48.53
20104,51.28
20105,34.64
20106,40.65
20107,40.89
20108,43.24
20109,46.23
20110,49.24
20111,51.82
20112,34.29
20113,40.34
20114,41.03
20115,43.8
20116,46.85
20117,49.72
20118,51.44
20119,33.24
20120,40.65
20121,41.26
20122,44.13
20123,47.36
20124,50.19
20125,51.91
20126,35.2
20127,39.9
20128,40.84
20129,49.16
20130,54.96
20131,57.44
20132,58.12
20133,41.42
20134,48.26
20135,50.28
20136,52.16
20137,53.75
20138,58.57
20139,59.06
20140,41.26
20141,48.0
20142,48.33
20143,50.18
20144,53.69
20145,57.53
20146,59.46
20147,40.34
20148,47.76
20149,47.65
20150,52.28
20151,56.65
20152,57.6
20153,61.99
20154,40.91
20155,48.12
20156,47.3
20157,50.36
20158,54.98
20159,58.51
20160,39.83
20161,46.93
20162,45.42
20163,50.66
20164,52.77
20165,56.52
20166,61.97
20167,37.7
20168,45.4
20169,46.18
20170,49.98
20171,52.34
20172,57.66
20173,61.98
20174,37.97
20175,45.83
20176,46.83
20177,49.29
20178,50.98
20179,55.09
20180,59.14
20181,37.24
20182,45.93
20183,45.48
20184,48.75
20185,52.46
20186,55.78
20187,58.67
20188,37.85
20189,46.19
20190,45.29
20191,52.06
20192,54.93
20193,59.88
20194,61.91
20195,43.53
20196,49.51
20197,50.43
20198,52.49
20199,54.02
20200,59.25
20201,65.29
20202,42.67
20203,49.34
20204,48.54
20205,53.59
20206,55.14
20207,59.01
20208,67.26
20209,41.7
20210,48.66
20211,49.63
20212,53.72
20213,57.54
20214,60.5
20215,67.75
20216,44.02
20217,52.55
20218,49.62
20219,61.88
20220,69.14
20221,73.46
20222,77.91
20223,51.99
20224,59.61
20225,61.07
20226,64.92
20227,69.23
20228,73.57
20229,78.62
20230,51.72
20231,57.25
20232,61.73
20233,64.29
20234,66.48
20235,73.19
20236,76.62
20237,50.68
20238,57.1
20239,60.67
20240,64.28
20241,67.45
20242,71.41
20243,76.36
20244,50.19
20245,58.24
20246,59.3
20247,62.43
20248,67.8
20249,74.83
20250,22.23
20251,27.22
20252,28.06
20253,28.9
20254,30.31
20255,32.62
20256,34.65
20257,22.4
20258,24.93
20259,26.36
20260,27.47
20261,30.04
20262,32.0
20263,34.23
20264,23.07
20265,26.12
20266,26.45
20267,27.56
20268,30.93
20269,31.93
20270,33.72
20271,22.08
20272,26.05
20273,26.27
20274,28.47
20275,31.78
20276,30.36
20277,35.71
20278,21.8
20279,26.16
20280,27.58
20281,30.87
20282,34.28
20283,35.38
20284,37.6
20285,24.2
20286,28.13
20287,29.5
20288,32.11
20289,33.9
20290,35.49
20291,37.88
20292,25.37
20293,28.85
20294,29.71
20295,30.5
20296,33.57
20297,35.41
20298,38.28
20299,25.85
20300,29.44
20301,28.88
20302,31.07
20303,34.17
20304,37.03
20305,38.94
20306,26.7
20307,29.46
20308,29.59
20309,37.71
20310,41.54
20311,43.57
20312,46.28
20313,30.39
20314,34.85
20315,35.16
20316,37.55
20317,39.71
20318,42.49
20319,45.03
20320,30.54
20321,34.23
20322,35.65
20323,36.1
20324,39.63
20325,42.98
20326,45.08
20327,30.55
20328,34.83
20329,35.13
20330,37.59
20331,39.17
20332,43.4
20333,45.2
20334,30.37
20335,34.11
20336,35.55
20337,36.85
20338,40.88
20339,43.4
20340,11.5
20341,11.48
20342,12.23
20343,13.37
20344,14.23
20345,14.96
20346,15.73
20347,10.51
20348,11.59
20349,11.87
20350,12.87
20351,13.65
20352,15.19
20353,16.41
20354,9.92
20355,11.76
20356,11.27
20357,12.86
20358,13.13
20359,14.99
20360,15.28
20361,9.84
20362,11.67
20363,11.65
20364,13.12
20365,13.68
20366,14.78
20367,14.92
20368,9.82
20369,11.6
20370,12.66
20371,13.31
20372,14.61
20373,16.83
20374,17.29
20375,11.1
20376,13.44
20377,13.38
20378,15.31
20379,15.08
20380,16.59
20381,16.92
20382,11.39
20383,12.78
20384,13.37
20385,14.03
20386,16.0
20387,16.38
20388,17.49
20389,11.7
20390,12.99
20391,13.53
20392,14.03
20393,16.0
20394,16.45
20395,17.5
20396,11.66
20397,13.14
20398,13.24
20399,16.71
20400,18.83
20401,19.7
20402,20.41
20403,13.1
20404,15.93
20405,16.31
20406,17.01
20407,18.24
20408,19.76
20409,20.79
20410,12.82
20411,16.24
20412,15.62
20413,17.17
20414,17.87
20415,19.8
20416,20.7
20417,13.7
20418,16.13
20419,16.51
20420,17.83
20421,18.12
20422,19.81
20423,20.46
20424,14.01
20425,16.04
20426,16.26
20427,16.92
20428,18.41
20429,20.06
20430,43.36
20431,49.78
20432,49.3
20433,52.83
20434,57.71
20435,62.67
20436,63.5
20437,43.88
20438,49.23
20439,50.41
20440,52.66
20441,55.91
20442,59.83
20443,63.14
20444,41.51
20445,48.52
20446,51.12
20447,51.45
20448,56.43
20449,60.73
20450,62.81
20451,44.72
20452,48.02
20453,49.12
20454,51.26
20455,56.58
20456,62.09
20457,64.57
20458,42.82
20459,47.72
20460,48.32
20461,58.48
20462,61.63
20463,65.57
20464,67.88
20465,46.85
20466,53.42
20467,52.72
20468,56.18
20469,61.12
20470,67.97
20471,71.31
20472,46.07
20473,52.53
20474,53.81
20475,55.81
20476,61.65
20477,66.67
20478,70.9
20479,44.8
20480,52.29
20481,54.52
20482,56.92
20483,63.35
20484,68.39
20485,69.24
20486,45.26
20487,53.4
20488,51.37
20489,68.62
20490,74.21
20491,78.7
20492,79.1
20493,53.98
20494,64.61
20495,64.52
20496,71.13
20497,72.84
20498,79.46
20499,81.58
20500,53.21
20501,63.78
20502,64.19
20503,70.37
20504,74.56
20505,79.07
20506,82.84
20507,54.1
20508,65.86
20509,65.79
20510,69.92
20511,74.19
20512,80.36
20513,85.56
20514,53.88
20515,64.93
20516,64.9
20517,70.17
20518,73.65
20519,78.85
20520,33.29
20521,40.53
20522,38.4
20523,40.99
20524,44.24
20525,47.11
20526,49.82
20527,34.01
20528,39.09
20529,38.44
20530,40.92
20531,44.25
20532,48.51
20533,48.79
20534,31.99
20535,38.11
20536,38.83
20537,39.76
20538,45.26
20539,47.98
20540,49.46
20541,32.42
20542,37.68
20543,37.09
20544,42.36
20545,44.1
20546,47.51
20547,49.17
20548,32.01
20549,37.95
20550,39.55
20551,45.4
20552,49.69
20553,53.74
20554,55.97
20555,35.61
20556,43.56
20557,43.27
20558,44.92
20559,47.77
20560,51.4
20561,55.04
20562,36.08
20563,42.03
20564,42.75
20565,44.95
20566,48.53
20567,54.25
20568,56.4
20569,37.2
20570,42.07
20571,42.07
20572,47.05
20573,47.29
20574,51.86
20575,54.73
20576,36.27
20577,41.52
20578,42.52
20579,54.48
20580,59.17
20581,62.16
20582,67.51
20583,45.27
20584,52.56
20585,51.35
20586,56.04
20587,56.84
20588,61.91
20589,65.8
20590,45.73
20591,49.92
20592,51.02
20593,55.65
20594,57.28
20595,62.43
20596,66.88
20597,43.79
20598,50.98
20599,51.25
20600,55.11
20601,55.87
20602,63.27
20603,66.47
20604,43.53
20605,51.07
20606,51.06
20607,54.14
20608,59.05
20609,62.53
20610,19.47
20611,21.69
20612,21.7
20613,23.59
20614,26.42
20615,28.4
20616,29.24
20617,20.62
20618,22.14
20619,22.34
20620,23.11
20621,25.12
20622,27.3
20623,29.74
20624,19.07
20625,21.93
20626,23.28
20627,23.79
20628,25.7
20629,26.21
20630,27.11
20631,19.38
20632,21.86
20633,22.47
20634,22.46
20635,25.91
20636,27.3
20637,28.84
20638,19.13
20639,21.47
20640,22.0
20641,26.03
20642,28.76
20643,29.68
20644,31.91
20645,22.33
20646,24.32
20647,24.31
20648,25.65
20649,28.76
20650,29.07
20651,32.58
20652,20.9
20653,24.45
20654,23.9
20655,25.67
20656,28.66
20657,30.11
20658,31.49
20659,21.97
20660,24.22
20661,23.74
20662,25.5
20663,28.01
20664,28.62
20665,31.5
20666,21.19
20667,24.51
20668,23.14
20669,30.91
20670,33.35
20671,35.43
20672,37.7
20673,25.49
20674,29.66
20675,29.59
20676,30.71
20677,32.93
20678,34.92
20679,38.43
20680,25.46
20681,29.3
20682,29.24
20683,29.73
20684,32.37
20685,35.73
20686,38.4
20687,25.76
20688,28.88
20689,29.43
20690,31.07
20691,33.8
20692,35.88
20693,38.29
20694,25.92
20695,29.67
20696,30.16
20697,31.53
20698,33.51
20699,35.25
20700,27.73
20701,31.96
20702,32.35
20703,35.99
20704,37.9
20705,40.21
20706,43.45
20707,29.33
20708,32.6
20709,32.5
20710,36.96
20711,38.62
20712,42.12
20713,42.35
20714,28.37
20715,32.84
20716,34.2
20717,35.49
20718,38.51
20719,42.63
20720,42.43
20721,27.0
20722,30.78
20723,34.99
20724,35.48
20725,38.13
20726,39.06
20727,41.16
20728,28.03
20729,30.95
20730,34.21
20731,38.87
20732,42.42
20733,45.4
20734,47.5
20735,30.33
20736,34.78
20737,37.86
20738,38.88
20739,42.63
20740,45.97
20741,48.19
20742,31.39
20743,37.12
20744,36.74
20745,39.7
20746,42.75
20747,45.41
20748,47.75
20749,32.72
20750,37.78
20751,36.92
20752,37.58
20753,42.2
20754,46.15
20755,49.51
20756,31.85
20757,36.85
20758,35.95
20759,45.06
20760,49.94
20761,52.49
20762,56.01
20763,38.81
20764,44.66
20765,44.15
20766,45.61
20767,47.71
20768,52.19
20769,58.98
20770,38.81
20771,44.73
20772,44.0
20773,45.88
20774,48.61
20775,53.48
20776,60.07
20777,38.33
20778,44.18
20779,45.67
20780,46.51
20781,48.54
20782,54.8
20783,59.29
20784,38.35
20785,43.37
20786,43.53
20787,46.48
20788,50.52
20789,53.67
20790,20.9
20791,24.26
20792,23.77
20793,26.84
20794,28.82
20795,28.82
20796,30.94
20797,20.74
20798,24.14
20799,23.83
20800,26.15
20801,26.89
20802,29.54
20803,31.44
20804,21.49
20805,25.12
20806,24.12
20807,25.93
20808,27.65
20809,29.29
20810,30.98
20811,20.64
20812,25.0
20813,23.71
20814,26.65
20815,28.88
20816,29.86
20817,32.97
20818,20.78
20819,24.58
20820,25.58
20821,28.8
20822,30.08
20823,32.85
20824,34.04
20825,23.28
20826,26.82
20827,28.38
20828,29.54
20829,31.39
20830,33.48
20831,36.39
20832,23.2
20833,26.04
20834,27.36
20835,28.7
20836,30.92
20837,32.81
20838,35.12
20839,22.56
20840,27.51
20841,27.42
20842,29.75
20843,31.38
20844,33.86
20845,34.64
20846,23.7
20847,27.19
20848,26.05
20849,36.13
20850,37.36
20851,40.38
20852,43.42
20853,26.91
20854,32.79
20855,32.75
20856,34.96
20857,36.61
20858,38.45
20859,39.23
20860,25.64
20861,30.93
20862,31.71
20863,34.36
20864,36.3
20865,38.46
20866,39.44
20867,26.49
20868,31.51
20869,31.55
20870,34.13
20871,35.91
20872,38.57
20873,40.64
20874,28.4
20875,31.34
20876,32.5
20877,35.51
20878,35.96
20879,39.61
20880,33.3
20881,38.23
20882,39.97
20883,41.08
20884,44.97
20885,46.65
20886,46.81
20887,34.05
20888,37.6
20889,40.31
20890,40.97
20891,43.97
20892,47.17
20893,50.04
20894,33.51
20895,38.34
20896,38.47
20897,40.53
20898,43.65
20899,44.81
20900,48.14
20901,33.23
20902,36.85
20903,38.67
20904,41.68
20905,46.33
20906,48.31
20907,50.26
20908,32.72
20909,39.01
20910,39.16
20911,45.54
20912,49.5
20913,51.05
20914,55.16
20915,36.07
20916,41.58
20917,43.98
20918,47.02
20919,49.83
20920,50.63
20921,55.2
20922,36.26
20923,41.75
20924,42.85
20925,44.32
20926,49.37
20927,53.03
20928,53.88
20929,36.67
20930,43.56
20931,43.45
20932,46.65
20933,49.01
20934,51.64
20935,55.38
20936,37.01
20937,40.54
20938,42.63
20939,52.41
20940,57.73
20941,60.15
20942,66.05
20943,44.27
20944,51.95
20945,51.04
20946,55.04
20947,57.43
20948,62.87
20949,67.2
20950,46.35
20951,49.48
20952,51.64
20953,54.46
20954,58.35
20955,62.21
20956,64.09
20957,43.77
20958,49.64
20959,51.01
20960,54.43
20961,58.72
20962,59.57
20963,65.67
20964,44.81
20965,51.51
20966,51.87
20967,54.28
20968,58.69
20969,61.5
20970,11.69
20971,14.38
20972,14.11
20973,15.18
20974,16.28
20975,17.06
20976,18.01
20977,11.78
20978,14.16
20979,13.92
20980,15.38
20981,16.28
20982,17.36
20983,18.05
20984,11.29
20985,14.36
20986,13.89
20987,14.72
20988,15.03
20989,16.59
20990,18.32
20991,11.99
20992,13.45
20993,13.75
20994,14.81
20995,15.75
20996,17.13
20997,18.12
20998,12.23
20999,14.42
21000,14.7
21001,16.82
21002,17.0
21003,19.18
21004,19.74
21005,13.57
21006,15.76
21007,15.44
21008,16.79
21009,18.42
21010,19.18
21011,20.3
21012,13.64
21013,16.43
21014,16.47
21015,16.39
21016,18.04
21017,19.07
21018,20.71
21019,13.67
21020,16.37
21021,15.89
21022,16.76
21023,17.75
21024,19.22
21025,19.93
21026,13.21
21027,15.79
21028,14.96
21029,20.0
21030,20.68
21031,22.52
21032,22.78
21033,17.26
21034,19.52
21035,19.12
21036,20.69
21037,21.46
21038,22.8
21039,23.26
21040,16.75
21041,20.05
21042,19.34
21043,20.5
21044,22.31
21045,22.66
21046,24.0
21047,17.06
21048,19.52
21049,19.73
21050,20.0
21051,22.4
21052,23.44
21053,23.54
21054,16.42
21055,18.67
21056,20.05
21057,20.35
21058,22.82
21059,22.65
21060,31.22
21061,37.27
21062,35.67
21063,38.75
21064,41.45
21065,43.48
21066,45.89
21067,31.36
21068,38.07
21069,36.88
21070,38.89
21071,42.05
21072,45.04
21073,47.33
21074,31.76
21075,37.95
21076,36.83
21077,39.56
21078,41.82
21079,45.74
21080,47.07
21081,32.06
21082,37.3
21083,36.23
21084,38.88
21085,41.36
21086,43.49
21087,45.7
21088,32.28
21089,36.58
21090,37.02
21091,43.31
21092,46.52
21093,49.34
21094,52.8
21095,34.69
21096,38.82
21097,41.54
21098,43.6
21099,46.0
21100,49.98
21101,51.64
21102,34.0
21103,39.7
21104,40.2
21105,43.22
21106,46.59
21107,50.47
21108,51.97
21109,34.0
21110,41.02
21111,40.23
21112,43.6
21113,46.41
21114,51.6
21115,49.9
21116,34.79
21117,41.38
21118,40.24
21119,51.74
21120,55.91
21121,60.34
21122,63.95
21123,42.86
21124,49.01
21125,48.41
21126,52.45
21127,55.81
21128,57.91
21129,62.46
21130,41.01
21131,48.25
21132,49.37
21133,52.61
21134,57.19
21135,57.82
21136,62.49
21137,41.26
21138,48.7
21139,48.13
21140,51.0
21141,53.34
21142,55.75
21143,61.64
21144,41.71
21145,49.07
21146,48.37
21147,52.28
21148,55.57
21149,63.26
21150,34.8
21151,41.47
21152,39.9
21153,45.03
21154,48.45
21155,51.23
21156,52.86
21157,34.65
21158,40.53
21159,41.77
21160,47.23
21161,49.04
21162,52.02
21163,52.71
21164,36.45
21165,42.56
21166,41.28
21167,46.32
21168,47.25
21169,51.44
21170,53.26
21171,35.26
21172,41.13
21173,40.01
21174,45.62
21175,49.19
21176,52.44
21177,58.31
21178,35.92
21179,42.39
21180,41.66
21181,50.02
21182,55.05
21183,57.59
21184,62.56
21185,38.93
21186,46.71
21187,45.42
21188,49.57
21189,55.87
21190,58.86
21191,64.67
21192,40.65
21193,46.15
21194,46.03
21195,52.16
21196,52.38
21197,57.9
21198,61.32
21199,40.37
21200,46.7
21201,45.98
21202,52.37
21203,54.51
21204,60.31
21205,61.42
21206,40.09
21207,46.53
21208,44.59
21209,60.78
21210,65.73
21211,68.08
21212,74.44
21213,47.57
21214,57.06
21215,54.78
21216,61.24
21217,66.22
21218,67.86
21219,74.01
21220,46.6
21221,56.26
21222,55.68
21223,62.09
21224,65.95
21225,69.3
21226,72.81
21227,46.63
21228,56.14
21229,56.49
21230,61.73
21231,64.92
21232,67.85
21233,72.04
21234,47.56
21235,56.28
21236,59.04
21237,60.36
21238,66.08
21239,68.33
21240,13.84
21241,16.34
21242,16.26
21243,16.94
21244,18.6
21245,20.1
21246,20.42
21247,13.97
21248,16.67
21249,15.94
21250,17.46
21251,18.66
21252,19.84
21253,20.42
21254,13.91
21255,16.68
21256,16.44
21257,17.34
21258,19.0
21259,19.87
21260,21.07
21261,13.76
21262,16.65
21263,16.65
21264,17.4
21265,18.86
21266,19.4
21267,21.05
21268,14.13
21269,16.79
21270,16.21
21271,19.27
21272,20.61
21273,21.84
21274,23.83
21275,15.12
21276,18.44
21277,17.52
21278,18.79
21279,21.27
21280,21.45
21281,24.05
21282,15.15
21283,17.8
21284,18.49
21285,19.04
21286,21.06
21287,21.28
21288,23.1
21289,15.08
21290,17.19
21291,17.01
21292,18.96
21293,19.71
21294,21.89
21295,22.44
21296,14.78
21297,17.62
21298,16.94
21299,22.64
21300,24.1
21301,26.71
21302,26.9
21303,17.57
21304,21.87
21305,21.36
21306,22.25
21307,23.73
21308,25.86
21309,27.15
21310,18.32
21311,21.69
21312,20.73
21313,23.05
21314,24.72
21315,26.01
21316,27.83
21317,18.12
21318,21.55
21319,21.28
21320,21.98
21321,23.71
21322,26.04
21323,27.56
21324,18.59
21325,21.11
21326,21.56
21327,22.73
21328,23.7
21329,26.78
21330,39.49
21331,45.73
21332,46.28
21333,47.55
21334,49.79
21335,54.22
21336,57.02
21337,40.34
21338,44.4
21339,43.21
21340,47.24
21341,52.12
21342,53.76
21343,55.81
21344,40.15
21345,43.25
21346,42.6
21347,48.37
21348,50.23
21349,54.07
21350,57.17
21351,38.64
21352,45.72
21353,43.92
21354,48.96
21355,49.76
21356,56.01
21357,56.92
21358,38.53
21359,44.41
21360,44.24
21361,52.53
21362,57.47
21363,60.7
21364,62.85
21365,42.8
21366,50.0
21367,48.86
21368,54.94
21369,56.08
21370,62.63
21371,65.25
21372,42.46
21373,49.35
21374,48.25
21375,53.8
21376,57.1
21377,63.2
21378,66.26
21379,43.76
21380,49.01
21381,47.46
21382,53.26
21383,59.46
21384,61.47
21385,61.94
21386,43.5
21387,48.74
21388,48.14
21389,63.58
21390,68.53
21391,71.62
21392,73.52
21393,49.67
21394,59.69
21395,59.45
21396,63.75
21397,66.02
21398,69.17
21399,75.18
21400,51.73
21401,58.17
21402,59.43
21403,63.56
21404,66.11
21405,71.91
21406,76.14
21407,50.55
21408,57.81
21409,60.46
21410,62.5
21411,64.33
21412,73.06
21413,74.77
21414,50.29
21415,57.98
21416,60.42
21417,64.01
21418,65.66
21419,74.62
21420,19.81
21421,24.94
21422,26.06
21423,26.61
21424,28.15
21425,30.27
21426,31.63
21427,20.29
21428,24.0
21429,25.18
21430,26.82
21431,28.22
21432,30.45
21433,30.11
21434,20.1
21435,24.9
21436,26.01
21437,26.54
21438,28.83
21439,29.6
21440,29.2
21441,20.59
21442,24.26
21443,24.43
21444,27.01
21445,27.18
21446,29.83
21447,29.8
21448,21.69
21449,24.81
21450,25.47
21451,29.32
21452,31.25
21453,33.19
21454,34.66
21455,22.64
21456,26.64
21457,27.93
21458,30.03
21459,30.2
21460,33.07
21461,33.31
21462,23.42
21463,25.34
21464,27.12
21465,28.2
21466,29.15
21467,32.17
21468,34.52
21469,23.35
21470,26.23
21471,26.85
21472,29.11
21473,28.99
21474,32.33
21475,34.62
21476,24.94
21477,28.61
21478,27.02
21479,32.96
21480,37.77
21481,40.3
21482,43.94
21483,28.53
21484,32.56
21485,33.22
21486,34.56
21487,37.23
21488,38.41
21489,43.78
21490,28.26
21491,32.44
21492,31.57
21493,34.27
21494,35.12
21495,37.32
21496,40.55
21497,27.42
21498,32.26
21499,33.27
21500,34.48
21501,35.98
21502,39.25
21503,42.51
21504,29.4
21505,32.63
21506,33.43
21507,34.84
21508,36.79
21509,40.59
21510,13.43
21511,16.22
21512,16.37
21513,17.45
21514,17.66
21515,19.55
21516,20.43
21517,13.65
21518,16.9
21519,15.63
21520,17.68
21521,17.78
21522,18.81
21523,20.45
21524,13.72
21525,15.81
21526,16.66
21527,16.64
21528,17.56
21529,19.24
21530,21.19
21531,13.81
21532,16.58
21533,15.95
21534,16.31
21535,17.45
21536,18.76
21537,21.24
21538,13.62
21539,16.55
21540,16.63
21541,18.07
21542,20.31
21543,21.07
21544,23.77
21545,14.43
21546,17.79
21547,18.48
21548,19.01
21549,20.53
21550,21.99
21551,23.91
21552,14.85
21553,17.87
21554,18.87
21555,18.46
21556,21.21
21557,21.0
21558,22.48
21559,14.55
21560,18.0
21561,18.04
21562,18.47
21563,20.85
21564,21.34
21565,23.25
21566,14.65
21567,17.58
21568,17.92
21569,22.7
21570,25.58
21571,24.69
21572,27.82
21573,18.28
21574,21.91
21575,21.25
21576,22.91
21577,24.78
21578,26.16
21579,26.7
21580,18.45
21581,21.31
21582,20.68
21583,22.9
21584,24.44
21585,27.41
21586,28.34
21587,17.85
21588,21.11
21589,20.67
21590,22.08
21591,23.85
21592,26.88
21593,28.16
21594,18.12
21595,19.96
21596,20.51
21597,23.54
21598,24.07
21599,25.56
21600,11.08
21601,13.07
21602,12.65
21603,14.01
21604,14.61
21605,15.42
21606,16.01
21607,10.47
21608,12.85
21609,12.99
21610,13.33
21611,14.11
21612,15.15
21613,16.0
21614,10.64
21615,12.05
21616,12.25
21617,12.48
21618,14.17
21619,15.09
21620,16.78
21621,10.19
21622,11.92
21623,12.31
21624,13.38
21625,13.73
21626,14.12
21627,16.31
21628,10.47
21629,11.64
21630,12.88
21631,14.2
21632,15.51
21633,16.95
21634,18.49
21635,11.38
21636,13.95
21637,13.28
21638,15.14
21639,15.18
21640,17.52
21641,17.94
21642,11.32
21643,13.56
21644,13.35
21645,14.82
21646,15.27
21647,16.68
21648,18.95
21649,11.55
21650,13.51
21651,12.52
21652,14.83
21653,15.84
21654,16.25
21655,17.84
21656,11.75
21657,14.01
21658,13.68
21659,17.27
21660,18.73
21661,19.31
21662,21.01
21663,13.42
21664,16.45
21665,16.52
21666,17.63
21667,19.47
21668,19.83
21669,19.44
21670,13.26
21671,16.22
21672,16.01
21673,16.72
21674,18.39
21675,19.72
21676,18.94
21677,12.91
21678,15.98
21679,16.46
21680,17.41
21681,18.54
21682,18.52
21683,20.15
21684,13.53
21685,15.77
21686,16.55
21687,17.12
21688,18.26
21689,20.12
21690,17.4
21691,20.28
21692,20.5
21693,20.85
21694,23.13
21695,24.4
21696,25.58
21697,18.04
21698,20.49
21699,19.72
21700,21.5
21701,23.16
21702,25.15
21703,25.88
21704,18.68
21705,19.4
21706,20.15
21707,21.22
21708,24.02
21709,26.18
21710,26.09
21711,17.99
21712,20.05
21713,20.43
21714,21.56
21715,23.68
21716,25.25
21717,25.52
21718,17.85
21719,20.4
21720,20.51
21721,24.44
21722,25.95
21723,26.09
21724,29.14
21725,19.91
21726,21.87
21727,22.79
21728,23.81
21729,26.33
21730,28.33
21731,28.12
21732,19.34
21733,22.17
21734,21.81
21735,23.71
21736,26.54
21737,27.96
21738,27.74
21739,19.45
21740,21.09
21741,21.82
21742,23.57
21743,26.29
21744,27.6
21745,27.74
21746,19.56
21747,22.27
21748,21.56
21749,28.85
21750,30.82
21751,31.74
21752,34.37
21753,23.14
21754,26.03
21755,27.01
21756,27.66
21757,30.17
21758,31.09
21759,34.59
21760,23.82
21761,26.83
21762,26.85
21763,28.76
21764,28.9
21765,30.4
21766,34.48
21767,22.96
21768,25.33
21769,26.1
21770,28.24
21771,29.42
21772,33.51
21773,34.69
21774,24.39
21775,25.95
21776,26.48
21777,28.63
21778,30.81
21779,33.98
21780,24.42
21781,27.88
21782,28.75
21783,29.47
21784,31.77
21785,35.16
21786,37.91
21787,24.57
21788,27.78
21789,28.27
21790,30.88
21791,31.99
21792,34.68
21793,37.89
21794,23.87
21795,28.05
21796,28.25
21797,30.39
21798,30.99
21799,34.61
21800,37.24
21801,24.57
21802,27.64
21803,28.59
21804,30.4
21805,32.9
21806,34.89
21807,37.78
21808,24.82
21809,28.09
21810,29.16
21811,33.99
21812,36.88
21813,39.27
21814,41.46
21815,27.82
21816,31.45
21817,32.08
21818,34.96
21819,36.89
21820,38.08
21821,40.48
21822,27.33
21823,31.51
21824,31.08
21825,35.33
21826,36.61
21827,39.06
21828,41.08
21829,26.61
21830,31.68
21831,32.09
21832,33.8
21833,35.63
21834,39.59
21835,40.91
21836,27.43
21837,31.73
21838,31.79
21839,40.11
21840,43.24
21841,46.22
21842,51.11
21843,31.28
21844,38.33
21845,37.26
21846,41.24
21847,45.21
21848,49.94
21849,51.31
21850,31.8
21851,36.83
21852,36.73
21853,40.64
21854,44.31
21855,48.76
21856,49.44
21857,32.62
21858,36.88
21859,39.34
21860,40.93
21861,44.58
21862,47.53
21863,50.94
21864,31.51
21865,37.67
21866,37.06
21867,40.5
21868,43.79
21869,47.95
21870,13.14
21871,16.12
21872,16.67
21873,17.21
21874,18.09
21875,20.18
21876,20.63
21877,14.0
21878,16.62
21879,16.87
21880,17.86
21881,18.3
21882,20.32
21883,20.85
21884,13.9
21885,16.28
21886,16.84
21887,17.01
21888,18.3
21889,20.14
21890,20.78
21891,13.97
21892,16.37
21893,16.52
21894,16.77
21895,17.68
21896,19.22
21897,20.68
21898,13.86
21899,15.76
21900,16.72
21901,18.43
21902,19.89
21903,21.32
21904,22.78
21905,15.04
21906,17.59
21907,18.02
21908,19.23
21909,20.59
21910,22.15
21911,23.06
21912,15.14
21913,17.38
21914,17.71
21915,18.79
21916,20.48
21917,21.86
21918,22.73
21919,15.35
21920,17.96
21921,17.85
21922,19.11
21923,20.2
21924,22.53
21925,23.83
21926,15.57
21927,17.69
21928,17.16
21929,22.52
21930,25.17
21931,26.93
21932,26.66
21933,18.24
21934,21.49
21935,21.7
21936,22.5
21937,23.93
21938,25.49
21939,25.71
21940,18.09
21941,21.05
21942,20.56
21943,22.46
21944,25.6
21945,26.8
21946,26.34
21947,17.77
21948,20.4
21949,21.13
21950,22.54
21951,24.79
21952,25.56
21953,26.09
21954,17.82
21955,20.29
21956,21.09
21957,22.56
21958,24.99
21959,25.49
21960,40.02
21961,43.7
21962,44.81
21963,49.28
21964,53.42
21965,53.9
21966,57.08
21967,39.99
21968,44.91
21969,45.65
21970,48.22
21971,51.39
21972,54.53
21973,58.16
21974,39.41
21975,44.37
21976,45.99
21977,48.23
21978,49.86
21979,52.45
21980,59.2
21981,37.52
21982,43.86
21983,45.54
21984,47.3
21985,50.76
21986,55.44
21987,57.72
21988,38.2
21989,46.17
21990,43.95
21991,51.32
21992,56.13
21993,59.8
21994,63.47
21995,41.3
21996,49.29
21997,50.1
21998,54.08
21999,57.21
22000,59.84
22001,66.93
22002,43.08
22003,50.58
22004,48.34
22005,52.77
22006,56.1
22007,61.72
22008,65.23
22009,43.09
22010,50.21
22011,50.09
22012,55.78
22013,58.67
22014,61.9
22015,64.77
22016,41.79
22017,48.74
22018,49.76
22019,64.7
22020,70.17
22021,71.91
22022,75.82
22023,48.75
22024,60.64
22025,60.98
22026,64.32
22027,68.97
22028,71.26
22029,78.75
22030,50.59
22031,59.56
22032,59.33
22033,64.33
22034,68.12
22035,70.01
22036,78.85
22037,51.12
22038,59.2
22039,60.07
22040,64.84
22041,67.9
22042,71.23
22043,78.72
22044,50.42
22045,58.59
22046,58.78
22047,62.56
22048,68.29
22049,71.92
22050,28.21
22051,32.74
22052,32.91
22053,35.93
22054,36.15
22055,39.56
22056,43.15
22057,28.37
22058,32.62
22059,32.95
22060,34.52
22061,39.29
22062,39.29
22063,42.94
22064,28.26
22065,31.7
22066,32.09
22067,36.07
22068,37.36
22069,40.78
22070,41.67
22071,28.0
22072,31.45
22073,33.23
22074,34.69
22075,36.95
22076,39.85
22077,43.21
22078,28.65
22079,32.07
22080,33.61
22081,38.4
22082,40.76
22083,45.41
22084,47.86
22085,30.73
22086,37.61
22087,37.88
22088,39.91
22089,42.03
22090,46.93
22091,47.54
22092,30.65
22093,36.43
22094,36.46
22095,38.38
22096,41.55
22097,43.47
22098,46.58
22099,31.87
22100,37.51
22101,36.94
22102,38.83
22103,42.94
22104,45.19
22105,45.83
22106,31.49
22107,35.97
22108,34.96
22109,46.53
22110,49.93
22111,53.63
22112,54.45
22113,38.28
22114,41.95
22115,43.62
22116,47.04
22117,48.87
22118,53.48
22119,56.8
22120,37.22
22121,43.24
22122,43.41
22123,46.77
22124,49.75
22125,53.04
22126,53.8
22127,36.56
22128,43.2
22129,42.77
22130,46.68
22131,48.63
22132,52.76
22133,55.72
22134,38.46
22135,43.57
22136,42.64
22137,47.39
22138,49.15
22139,54.39
22140,10.83
22141,11.63
22142,11.96
22143,12.48
22144,13.84
22145,14.74
22146,15.62
22147,9.57
22148,11.36
22149,11.17
22150,12.06
22151,12.82
22152,15.11
22153,15.49
22154,9.42
22155,11.28
22156,11.08
22157,12.67
22158,13.1
22159,14.54
22160,15.29
22161,9.63
22162,11.32
22163,11.71
22164,11.81
22165,12.44
22166,14.78
22167,15.6
22168,10.17
22169,11.47
22170,13.0
22171,14.32
22172,14.54
22173,16.79
22174,17.63
22175,11.14
22176,13.7
22177,13.3
22178,14.5
22179,14.96
22180,16.72
22181,17.16
22182,11.52
22183,12.98
22184,13.5
22185,14.36
22186,14.9
22187,16.94
22188,17.88
22189,11.61
22190,13.09
22191,13.94
22192,14.39
22193,15.88
22194,16.42
22195,18.49
22196,11.29
22197,13.64
22198,13.04
22199,17.05
22200,17.89
22201,18.07
22202,20.74
22203,13.61
22204,15.59
22205,16.29
22206,18.11
22207,17.73
22208,19.03
22209,21.96
22210,13.03
22211,15.85
22212,15.67
22213,16.44
22214,18.1
22215,19.22
22216,20.95
22217,12.98
22218,16.46
22219,16.05
22220,17.14
22221,17.58
22222,19.48
22223,20.89
22224,12.94
22225,15.1
22226,15.78
22227,17.27
22228,18.0
22229,19.31
22230,24.47
22231,27.83
22232,27.76
22233,29.63
22234,32.97
22235,34.21
22236,35.73
22237,24.69
22238,27.31
22239,28.3
22240,31.41
22241,32.77
22242,35.89
22243,36.39
22244,24.15
22245,27.46
22246,29.03
22247,31.12
22248,33.5
22249,35.1
22250,35.22
22251,24.02
22252,27.43
22253,27.33
22254,29.81
22255,33.69
22256,35.17
22257,35.54
22258,25.26
22259,27.84
22260,28.94
22261,34.23
22262,36.3
22263,39.25
22264,38.32
22265,26.72
22266,30.71
22267,30.94
22268,33.93
22269,36.25
22270,38.06
22271,39.71
22272,27.16
22273,31.9
22274,31.23
22275,33.21
22276,36.59
22277,39.66
22278,40.75
22279,27.04
22280,31.28
22281,32.4
22282,33.94
22283,37.09
22284,38.76
22285,41.17
22286,27.27
22287,30.99
22288,31.91
22289,40.69
22290,44.66
22291,46.79
22292,47.7
22293,32.49
22294,37.66
22295,38.42
22296,41.02
22297,43.9
22298,45.88
22299,52.28
22300,32.95
22301,38.01
22302,38.98
22303,40.1
22304,42.83
22305,47.36
22306,53.57
22307,33.42
22308,38.62
22309,38.33
22310,40.5
22311,44.62
22312,46.09
22313,51.82
22314,33.29
22315,37.49
22316,37.99
22317,39.49
22318,42.75
22319,47.14
22320,14.03
22321,16.84
22322,16.03
22323,17.5
22324,18.91
22325,20.08
22326,20.94
22327,14.38
22328,16.51
22329,16.73
22330,17.45
22331,18.47
22332,20.24
22333,21.36
22334,13.95
22335,17.27
22336,16.71
22337,16.97
22338,18.73
22339,20.24
22340,20.75
22341,12.96
22342,16.82
22343,16.1
22344,17.69
22345,18.95
22346,19.84
22347,21.34
22348,13.82
22349,16.85
22350,16.49
22351,18.91
22352,21.42
22353,22.06
22354,23.38
22355,15.47
22356,19.09
22357,18.7
22358,19.8
22359,20.28
22360,22.18
22361,22.99
22362,16.24
22363,18.47
22364,18.54
22365,20.02
22366,21.23
22367,22.49
22368,23.65
22369,15.6
22370,18.72
22371,18.74
22372,19.6
22373,20.78
22374,21.86
22375,22.2
22376,15.62
22377,18.64
22378,17.84
22379,23.18
22380,24.95
22381,27.72
22382,27.11
22383,18.38
22384,22.13
22385,22.36
22386,23.11
22387,24.9
22388,28.12
22389,28.93
22390,17.73
22391,21.85
22392,21.58
22393,23.28
22394,25.64
22395,27.38
22396,28.33
22397,18.15
22398,22.59
22399,21.55
22400,22.84
22401,25.02
22402,27.78
22403,28.89
22404,18.54
22405,21.3
22406,21.43
22407,22.89
22408,25.04
22409,27.33
22410,31.8
22411,36.11
22412,36.41
22413,39.13
22414,40.88
22415,42.65
22416,47.4
22417,31.74
22418,35.85
22419,35.94
22420,39.76
22421,41.57
22422,44.08
22423,47.8
22424,31.11
22425,36.72
22426,36.61
22427,38.13
22428,42.03
22429,43.52
22430,47.91
22431,30.68
22432,36.51
22433,35.98
22434,39.13
22435,41.74
22436,44.64
22437,49.27
22438,31.94
22439,36.26
22440,36.88
22441,43.31
22442,46.19
22443,49.64
22444,54.54
22445,34.27
22446,39.62
22447,41.23
22448,43.82
22449,46.73
22450,50.03
22451,53.55
22452,33.6
22453,40.02
22454,41.4
22455,42.81
22456,45.06
22457,49.45
22458,53.02
22459,35.0
22460,40.43
22461,40.52
22462,42.77
22463,47.13
22464,49.94
22465,52.95
22466,34.53
22467,40.36
22468,39.53
22469,52.09
22470,54.75
22471,58.52
22472,64.1
22473,40.77
22474,48.07
22475,50.05
22476,53.57
22477,54.37
22478,58.08
22479,63.57
22480,41.02
22481,49.18
22482,48.58
22483,52.67
22484,55.51
22485,59.17
22486,62.04
22487,41.18
22488,47.76
22489,47.97
22490,52.12
22491,55.93
22492,59.15
22493,66.81
22494,41.39
22495,49.22
22496,50.44
22497,50.74
22498,56.42
22499,59.43
22500,9.35
22501,11.26
22502,11.17
22503,12.46
22504,13.42
22505,14.44
22506,15.07
22507,9.29
22508,11.53
22509,11.28
22510,12.5
22511,13.42
22512,14.64
22513,15.31
22514,9.81
22515,11.75
22516,11.41
22517,12.67
22518,13.37
22519,14.72
22520,15.51
22521,10.07
22522,11.58
22523,11.63
22524,11.89
22525,13.0
22526,14.68
22527,15.41
22528,9.4
22529,11.64
22530,12.09
22531,14.79
22532,15.29
22533,16.54
22534,17.74
22535,10.89
22536,13.31
22537,13.71
22538,13.84
22539,15.85
22540,16.79
22541,18.21
22542,11.05
22543,12.77
22544,13.55
22545,14.23
22546,15.02
22547,16.23
22548,16.83
22549,11.03
22550,13.48
22551,13.15
22552,15.0
22553,15.09
22554,15.94
22555,17.2
22556,11.48
22557,13.63
22558,13.4
22559,16.98
22560,18.09
22561,19.61
22562,20.02
22563,13.87
22564,15.92
22565,15.18
22566,17.25
22567,17.46
22568,19.35
22569,19.52
22570,12.79
22571,16.28
22572,14.92
22573,16.97
22574,17.68
22575,19.59
22576,20.45
22577,12.55
22578,14.87
22579,15.42
22580,16.5
22581,18.27
22582,19.36
22583,19.73
22584,12.92
22585,15.03
22586,14.9
22587,16.61
22588,17.84
22589,19.64
22590,28.67
22591,31.89
22592,33.07
22593,34.4
22594,36.23
22595,40.31
22596,42.34
22597,28.53
22598,33.92
22599,33.83
22600,35.3
22601,36.94
22602,39.63
22603,43.17
22604,29.12
22605,32.82
22606,32.62
22607,35.92
22608,37.43
22609,39.75
22610,43.15
22611,28.81
22612,33.79
22613,33.14
22614,36.38
22615,38.58
22616,39.63
22617,44.75
22618,28.32
22619,31.59
22620,32.56
22621,38.56
22622,42.03
22623,45.23
22624,50.52
22625,32.14
22626,36.08
22627,36.55
22628,40.8
22629,42.34
22630,43.86
22631,48.2
22632,31.57
22633,37.49
22634,36.31
22635,39.49
22636,41.24
22637,44.14
22638,46.56
22639,31.36
22640,37.43
22641,37.02
22642,41.14
22643,42.17
22644,45.02
22645,48.74
22646,31.19
22647,38.21
22648,36.31
22649,47.66
22650,47.26
22651,54.32
22652,56.34
22653,36.59
22654,44.81
22655,44.17
22656,47.56
22657,51.14
22658,54.32
22659,55.82
22660,35.57
22661,44.26
22662,45.06
22663,46.53
22664,51.51
22665,53.15
22666,55.81
22667,37.08
22668,44.77
22669,43.47
22670,45.6
22671,49.17
22672,50.7
22673,56.73
22674,37.91
22675,44.15
22676,44.84
22677,47.38
22678,50.57
22679,53.93
22680,17.19
22681,19.51
22682,20.79
22683,21.52
22684,23.65
22685,25.65
22686,27.31
22687,17.94
22688,20.15
22689,19.85
22690,22.23
22691,23.64
22692,24.81
22693,26.08
22694,17.6
22695,19.54
22696,20.1
22697,21.71
22698,22.98
22699,23.96
22700,25.43
22701,17.85
22702,19.41
22703,19.77
22704,21.42
22705,22.7
22706,24.92
22707,25.18
22708,17.61
22709,20.12
22710,20.09
22711,23.84
22712,25.12
22713,26.67
22714,27.98
22715,19.54
22716,21.9
22717,22.49
22718,25.01
22719,25.33
22720,27.6
22721,28.88
22722,19.92
22723,23.23
22724,21.66
22725,23.89
22726,25.38
22727,27.54
22728,29.79
22729,19.62
22730,22.24
22731,21.8
22732,24.32
22733,25.0
22734,26.83
22735,29.72
22736,19.88
22737,22.13
22738,21.29
22739,29.38
22740,31.63
22741,33.09
22742,35.43
22743,22.99
22744,28.25
22745,25.79
22746,28.08
22747,29.76
22748,32.75
22749,33.67
22750,22.03
22751,26.13
22752,26.04
22753,28.16
22754,29.83
22755,32.09
22756,35.95
22757,22.55
22758,27.95
22759,26.47
22760,28.83
22761,30.92
22762,31.93
22763,34.91
22764,23.09
22765,27.12
22766,26.61
22767,27.87
22768,31.53
22769,33.56
22770,10.7
22771,12.02
22772,11.98
22773,13.01
22774,14.13
22775,14.86
22776,14.93
22777,10.11
22778,11.64
22779,11.82
22780,12.86
22781,13.1
22782,14.89
22783,14.96
22784,9.51
22785,11.11
22786,11.88
22787,11.91
22788,13.69
22789,14.07
22790,15.0
22791,9.17
22792,11.57
22793,12.15
22794,12.27
22795,13.67
22796,15.4
22797,15.59
22798,10.1
22799,11.86
22800,11.81
22801,14.18
22802,15.51
22803,16.75
22804,16.9
22805,10.96
22806,12.94
22807,14.72
22808,13.7
22809,14.97
22810,16.55
22811,17.68
22812,10.78
22813,12.89
22814,14.06
22815,14.1
22816,15.79
22817,16.54
22818,17.18
22819,10.65
22820,12.96
22821,13.57
22822,13.42
22823,15.16
22824,17.0
22825,18.37
22826,11.03
22827,13.17
22828,13.31
22829,16.29
22830,18.04
22831,18.78
22832,20.37
22833,12.91
22834,15.61
22835,15.88
22836,16.94
22837,18.46
22838,19.6
22839,18.97
22840,13.15
22841,15.4
22842,15.88
22843,17.71
22844,17.87
22845,19.54
22846,19.04
22847,12.95
22848,15.87
22849,15.83
22850,17.08
22851,17.8
22852,18.84
22853,19.11
22854,13.57
22855,16.33
22856,15.59
22857,17.01
22858,18.27
22859,19.35
22860,8.0
22861,9.98
22862,10.89
22863,10.55
22864,11.05
22865,12.65
22866,12.99
22867,8.8
22868,10.67
22869,9.97
22870,10.8
22871,11.52
22872,12.79
22873,12.56
22874,8.0
22875,9.59
22876,9.61
22877,10.34
22878,11.08
22879,12.46
22880,11.88
22881,8.65
22882,10.28
22883,9.9
22884,10.67
22885,10.63
22886,12.6
22887,12.05
22888,8.55
22889,10.05
22890,10.61
22891,12.05
22892,11.98
22893,14.13
22894,13.75
22895,9.43
22896,10.85
22897,11.11
22898,11.53
22899,12.59
22900,13.53
22901,14.38
22902,9.09
22903,10.8
22904,10.55
22905,11.32
22906,12.75
22907,14.0
22908,15.05
22909,8.99
22910,10.64
22911,10.89
22912,11.36
22913,12.81
22914,15.21
22915,13.91
22916,9.81
22917,10.99
22918,10.68
22919,14.49
22920,15.08
22921,16.15
22922,16.1
22923,10.88
22924,14.0
22925,13.24
22926,14.04
22927,14.8
22928,14.85
22929,17.36
22930,10.99
22931,13.21
22932,13.22
22933,14.2
22934,15.02
22935,16.5
22936,17.52
22937,10.73
22938,13.65
22939,13.55
22940,14.1
22941,14.8
22942,16.9
22943,16.85
22944,9.57
22945,12.89
22946,12.85
22947,14.4
22948,14.81
22949,16.48
22950,27.77
22951,32.13
22952,32.55
22953,35.35
22954,37.71
22955,39.48
22956,40.44
22957,27.4
22958,33.04
22959,32.89
22960,35.32
22961,36.16
22962,41.54
22963,41.5
22964,28.34
22965,32.84
22966,31.39
22967,34.12
22968,35.61
22969,39.54
22970,40.77
22971,28.35
22972,31.97
22973,33.29
22974,34.44
22975,37.58
22976,41.29
22977,43.74
22978,27.48
22979,32.24
22980,33.47
22981,38.88
22982,40.59
22983,45.75
22984,46.03
22985,30.92
22986,36.56
22987,37.72
22988,38.48
22989,40.73
22990,46.14
22991,46.94
22992,30.35
22993,36.21
22994,36.6
22995,38.45
22996,42.48
22997,47.17
22998,48.37
22999,31.12
23000,37.54
23001,36.72
23002,39.52
23003,42.49
23004,45.45
23005,47.49
23006,31.45
23007,37.48
23008,36.36
23009,45.22
23010,48.79
23011,55.69
23012,55.72
23013,37.99
23014,42.98
23015,43.31
23016,47.56
23017,50.7
23018,53.71
23019,55.77
23020,37.05
23021,41.95
23022,43.31
23023,48.45
23024,51.48
23025,53.01
23026,57.61
23027,37.83
23028,43.35
23029,44.09
23030,45.38
23031,48.75
23032,51.86
23033,56.42
23034,38.27
23035,42.22
23036,44.07
23037,45.83
23038,49.88
23039,54.49
23040,27.64
23041,32.8
23042,32.77
23043,35.07
23044,38.42
23045,40.0
23046,40.4
23047,28.11
23048,32.37
23049,31.41
23050,34.72
23051,37.57
23052,38.54
23053,41.49
23054,28.41
23055,33.49
23056,32.78
23057,35.87
23058,36.77
23059,40.86
23060,41.3
23061,28.34
23062,32.67
23063,32.24
23064,35.51
23065,35.71
23066,39.78
23067,40.07
23068,27.26
23069,31.73
23070,32.93
23071,40.6
23072,40.97
23073,45.64
23074,45.61
23075,30.05
23076,36.27
23077,35.1
23078,39.92
23079,41.25
23080,43.79
23081,45.84
23082,28.36
23083,35.24
23084,35.46
23085,39.38
23086,41.72
23087,44.45
23088,47.31
23089,30.53
23090,36.99
23091,35.06
23092,39.34
23093,40.56
23094,43.38
23095,44.83
23096,29.72
23097,35.36
23098,35.24
23099,44.96
23100,49.71
23101,51.48
23102,56.68
23103,38.15
23104,43.3
23105,42.66
23106,46.34
23107,49.46
23108,53.07
23109,57.14
23110,36.1
23111,41.43
23112,42.68
23113,44.88
23114,49.18
23115,54.22
23116,56.28
23117,36.39
23118,41.27
23119,43.86
23120,45.38
23121,48.77
23122,54.68
23123,54.86
23124,35.05
23125,41.43
23126,41.96
23127,46.45
23128,48.17
23129,53.44
23130,35.56
23131,41.89
23132,44.3
23133,44.62
23134,49.56
23135,51.75
23136,55.75
23137,34.16
23138,42.29
23139,42.48
23140,44.7
23141,47.79
23142,51.48
23143,54.33
23144,35.49
23145,41.84
23146,43.17
23147,46.27
23148,49.3
23149,51.82
23150,54.09
23151,35.38
23152,43.82
23153,43.64
23154,45.92
23155,48.58
23156,51.54
23157,56.5
23158,34.57
23159,42.45
23160,44.74
23161,50.39
23162,53.46
23163,57.54
23164,62.62
23165,40.47
23166,48.61
23167,47.86
23168,51.0
23169,54.27
23170,57.78
23171,61.54
23172,40.58
23173,48.24
23174,45.99
23175,48.86
23176,53.82
23177,57.92
23178,59.69
23179,41.75
23180,47.37
23181,48.06
23182,48.66
23183,54.35
23184,58.31
23185,61.05
23186,41.8
23187,47.25
23188,46.72
23189,61.04
23190,66.4
23191,66.84
23192,71.27
23193,50.92
23194,57.94
23195,57.34
23196,60.87
23197,64.42
23198,63.48
23199,69.46
23200,48.69
23201,55.39
23202,57.19
23203,61.02
23204,63.51
23205,65.75
23206,73.43
23207,49.43
23208,56.3
23209,56.71
23210,59.38
23211,63.52
23212,67.1
23213,75.74
23214,48.78
23215,56.45
23216,55.64
23217,59.48
23218,65.94
23219,70.15
23220,25.45
23221,29.88
23222,28.72
23223,31.51
23224,33.03
23225,35.94
23226,40.29
23227,25.03
23228,28.67
23229,29.79
23230,31.13
23231,32.64
23232,36.31
23233,37.01
23234,24.89
23235,28.53
23236,28.63
23237,30.99
23238,33.68
23239,34.7
23240,36.07
23241,25.76
23242,27.94
23243,28.15
23244,30.24
23245,33.04
23246,34.76
23247,36.95
23248,24.94
23249,28.4
23250,29.88
23251,35.08
23252,37.22
23253,38.73
23254,42.14
23255,26.95
23256,30.9
23257,31.78
23258,34.13
23259,36.05
23260,38.05
23261,40.13
23262,27.7
23263,31.07
23264,32.06
23265,33.83
23266,36.87
23267,38.45
23268,40.56
23269,27.34
23270,31.53
23271,32.39
23272,34.81
23273,38.15
23274,36.97
23275,40.73
23276,27.31
23277,31.19
23278,31.29
23279,40.93
23280,44.42
23281,45.46
23282,48.23
23283,32.53
23284,36.99
23285,37.32
23286,41.16
23287,42.58
23288,45.01
23289,49.84
23290,33.62
23291,37.64
23292,37.78
23293,41.78
23294,45.0
23295,46.22
23296,51.36
23297,33.84
23298,37.02
23299,38.78
23300,40.62
23301,43.97
23302,46.71
23303,51.77
23304,33.7
23305,36.84
23306,39.67
23307,41.14
23308,44.45
23309,46.54
23310,35.05
23311,39.79
23312,40.02
23313,43.44
23314,47.37
23315,50.67
23316,53.38
23317,35.02
23318,38.8
23319,40.04
23320,44.89
23321,46.99
23322,51.44
23323,54.25
23324,32.93
23325,40.44
23326,38.39
23327,43.13
23328,46.39
23329,51.05
23330,55.75
23331,34.53
23332,40.36
23333,38.83
23334,44.47
23335,46.91
23336,51.16
23337,53.71
23338,33.9
23339,38.78
23340,40.78
23341,46.81
23342,51.42
23343,55.61
23344,60.63
23345,38.62
23346,43.68
23347,45.42
23348,47.95
23349,50.11
23350,53.62
23351,58.92
23352,38.54
23353,43.55
23354,44.52
23355,48.28
23356,50.33
23357,55.42
23358,58.12
23359,38.13
23360,42.58
23361,44.37
23362,48.19
23363,50.1
23364,55.53
23365,58.34
23366,38.34
23367,44.21
23368,43.21
23369,57.01
23370,62.02
23371,62.19
23372,67.1
23373,45.98
23374,53.7
23375,53.13
23376,57.49
23377,60.01
23378,64.21
23379,66.72
23380,46.07
23381,54.28
23382,53.17
23383,57.07
23384,60.64
23385,63.25
23386,65.94
23387,45.45
23388,53.89
23389,52.0
23390,56.59
23391,59.15
23392,62.18
23393,70.13
23394,47.15
23395,55.06
23396,53.96
23397,56.86
23398,59.83
23399,65.11
23400,31.23
23401,38.4
23402,39.7
23403,42.06
23404,43.27
23405,47.59
23406,48.59
23407,34.18
23408,37.75
23409,40.1
23410,41.61
23411,44.57
23412,48.27
23413,50.68
23414,34.48
23415,39.61
23416,39.43
23417,41.16
23418,44.46
23419,46.65
23420,45.69
23421,33.71
23422,37.89
23423,39.39
23424,41.53
23425,45.1
23426,49.26
23427,48.46
23428,34.71
23429,38.59
23430,40.12
23431,44.9
23432,48.0
23433,52.29
23434,52.46
23435,36.2
23436,42.2
23437,43.46
23438,48.33
23439,48.34
23440,52.97
23441,57.8
23442,37.97
23443,42.94
23444,43.44
23445,46.29
23446,47.4
23447,52.35
23448,57.14
23449,36.08
23450,42.11
23451,42.67
23452,46.21
23453,49.74
23454,51.72
23455,54.16
23456,35.75
23457,42.92
23458,41.14
23459,54.28
23460,57.15
23461,59.15
23462,64.48
23463,44.27
23464,50.16
23465,52.17
23466,54.53
23467,59.1
23468,62.2
23469,66.02
23470,45.01
23471,52.72
23472,51.28
23473,54.95
23474,59.64
23475,60.08
23476,67.85
23477,44.44
23478,53.34
23479,51.73
23480,54.42
23481,57.14
23482,61.51
23483,65.38
23484,45.04
23485,51.28
23486,50.27
23487,55.69
23488,56.7
23489,63.51
23490,33.18
23491,37.75
23492,38.92
23493,40.09
23494,42.43
23495,46.18
23496,49.96
23497,32.72
23498,38.07
23499,39.04
23500,42.34
23501,44.42
23502,47.95
23503,50.95
23504,32.25
23505,38.1
23506,38.69
23507,42.13
23508,43.83
23509,47.74
23510,47.94
23511,32.79
23512,38.26
23513,39.4
23514,41.66
23515,42.87
23516,46.28
23517,50.7
23518,33.67
23519,37.64
23520,39.17
23521,46.18
23522,47.71
23523,50.44
23524,56.79
23525,35.88
23526,42.03
23527,42.59
23528,44.47
23529,48.18
23530,51.96
23531,55.25
23532,34.44
23533,42.36
23534,43.23
23535,45.27
23536,49.3
23537,50.12
23538,52.14
23539,35.9
23540,42.93
23541,42.48
23542,45.01
23543,47.2
23544,50.18
23545,52.94
23546,36.07
23547,43.3
23548,43.3
23549,54.46
23550,56.11
23551,59.42
23552,67.89
23553,44.39
23554,51.14
23555,53.34
23556,54.31
23557,57.99
23558,60.08
23559,63.89
23560,44.44
23561,48.47
23562,54.03
23563,53.82
23564,58.13
23565,62.49
23566,64.99
23567,46.28
23568,50.65
23569,52.16
23570,52.78
23571,55.26
23572,61.31
23573,63.06
23574,46.22
23575,50.44
23576,51.4
23577,55.1
23578,55.59
23579,62.18
23580,39.9
23581,47.17
23582,46.7
23583,51.76
23584,54.85
23585,56.1
23586,61.05
23587,40.67
23588,48.63
23589,48.18
23590,52.79
23591,54.97
23592,58.63
23593,64.02
23594,41.66
23595,48.45
23596,47.69
23597,51.12
23598,53.75
23599,57.44
23600,63.94
23601,42.02
23602,46.96
23603,45.8
23604,50.37
23605,55.1
23606,59.66
23607,63.36
23608,40.54
23609,46.77
23610,48.89
23611,56.2
23612,60.92
23613,65.44
23614,69.83
23615,45.38
23616,51.97
23617,53.59
23618,58.11
23619,57.08
23620,63.59
23621,68.33
23622,44.54
23623,53.85
23624,52.78
23625,56.09
23626,59.16
23627,63.93
23628,68.17
23629,45.29
23630,53.17
23631,52.55
23632,57.32
23633,61.73
23634,67.08
23635,70.12
23636,46.33
23637,54.05
23638,50.3
23639,66.6
23640,69.63
23641,77.03
23642,78.5
23643,52.53
23644,64.37
23645,63.31
23646,69.09
23647,70.47
23648,78.14
23649,79.11
23650,52.24
23651,62.64
23652,64.65
23653,69.15
23654,67.55
23655,76.62
23656,77.8
23657,54.56
23658,62.67
23659,63.58
23660,68.68
23661,70.15
23662,74.9
23663,78.57
23664,53.32
23665,61.6
23666,63.0
23667,68.21
23668,72.43
23669,76.63
23670,29.44
23671,33.05
23672,34.48
23673,35.83
23674,37.3
23675,40.29
23676,42.18
23677,29.52
23678,32.23
23679,33.63
23680,37.13
23681,37.89
23682,37.94
23683,41.2
23684,28.96
23685,30.89
23686,32.35
23687,36.17
23688,36.6
23689,38.12
23690,41.61
23691,28.48
23692,32.54
23693,33.12
23694,35.06
23695,35.81
23696,39.43
23697,43.3
23698,28.36
23699,31.33
23700,34.25
23701,39.64
23702,41.63
23703,44.86
23704,46.23
23705,30.24
23706,37.44
23707,36.28
23708,40.33
23709,39.94
23710,43.64
23711,46.63
23712,30.69
23713,35.47
23714,36.43
23715,38.43
23716,39.99
23717,44.77
23718,47.35
23719,30.54
23720,37.54
23721,36.32
23722,40.4
23723,41.19
23724,45.41
23725,47.74
23726,31.15
23727,36.83
23728,36.38
23729,45.89
23730,51.42
23731,55.71
23732,55.06
23733,37.72
23734,43.87
23735,43.96
23736,46.08
23737,48.76
23738,53.57
23739,58.09
23740,37.64
23741,44.01
23742,45.27
23743,46.77
23744,49.76
23745,53.49
23746,56.84
23747,38.06
23748,43.92
23749,43.94
23750,46.4
23751,48.95
23752,52.56
23753,59.16
23754,37.35
23755,41.83
23756,42.11
23757,45.44
23758,49.25
23759,55.99
23760,44.95
23761,50.42
23762,50.48
23763,54.06
23764,57.52
23765,60.05
23766,61.44
23767,44.04
23768,48.96
23769,51.07
23770,53.95
23771,57.62
23772,62.6
23773,62.78
23774,44.07
23775,47.85
23776,50.23
23777,53.78
23778,56.97
23779,60.72
23780,63.26
23781,43.84
23782,47.42
23783,48.57
23784,52.28
23785,55.57
23786,59.47
23787,63.02
23788,40.35
23789,48.08
23790,49.36
23791,55.01
23792,62.62
23793,67.6
23794,67.62
23795,46.55
23796,53.54
23797,54.29
23798,59.23
23799,62.65
23800,66.36
23801,67.27
23802,46.09
23803,54.13
23804,55.09
23805,57.2
23806,62.83
23807,66.47
23808,66.79
23809,45.28
23810,53.37
23811,53.83
23812,58.73
23813,63.31
23814,64.98
23815,68.36
23816,47.22
23817,53.33
23818,51.11
23819,67.62
23820,71.73
23821,76.81
23822,82.87
23823,53.82
23824,63.66
23825,63.84
23826,68.35
23827,71.59
23828,78.52
23829,81.11
23830,56.41
23831,64.49
23832,65.27
23833,68.98
23834,72.55
23835,77.47
23836,83.83
23837,56.46
23838,65.23
23839,64.92
23840,67.88
23841,70.31
23842,80.48
23843,81.41
23844,56.09
23845,64.34
23846,62.38
23847,69.77
23848,74.0
23849,81.28
23850,11.8
23851,12.99
23852,14.04
23853,15.09
23854,15.28
23855,17.52
23856,17.72
23857,11.73
23858,13.94
23859,14.05
23860,14.96
23861,16.21
23862,17.16
23863,17.48
23864,11.86
23865,13.63
23866,13.75
23867,14.22
23868,15.28
23869,18.03
23870,17.95
23871,11.94
23872,13.67
23873,13.73
23874,14.7
23875,15.4
23876,17.28
23877,17.37
23878,11.67
23879,13.78
23880,14.31
23881,17.04
23882,17.56
23883,20.03
23884,19.76
23885,13.95
23886,15.84
23887,15.56
23888,17.8
23889,17.47
23890,19.96
23891,20.28
23892,13.99
23893,15.3
23894,15.31
23895,17.1
23896,17.63
23897,19.16
23898,20.42
23899,14.16
23900,15.94
23901,16.05
23902,17.16
23903,18.01
23904,20.01
23905,21.04
23906,13.62
23907,15.61
23908,15.3
23909,19.16
23910,20.99
23911,23.28
23912,24.15
23913,15.66
23914,19.7
23915,19.56
23916,19.61
23917,20.86
23918,22.77
23919,23.3
23920,15.83
23921,19.08
23922,19.19
23923,19.93
23924,21.35
23925,22.3
23926,23.81
23927,15.39
23928,19.0
23929,18.74
23930,20.24
23931,21.41
23932,23.04
23933,24.41
23934,15.57
23935,19.32
23936,19.32
23937,21.28
23938,21.85
23939,22.51
23940,15.51
23941,18.25
23942,18.96
23943,19.4
23944,21.78
23945,21.49
23946,23.22
23947,15.8
23948,18.47
23949,19.02
23950,19.53
23951,20.88
23952,21.23
23953,23.1
23954,14.9
23955,18.0
23956,19.01
23957,19.41
23958,21.09
23959,22.3
23960,24.03
23961,15.3
23962,18.22
23963,18.31
23964,18.46
23965,20.5
23966,21.86
23967,22.93
23968,14.9
23969,17.95
23970,17.78
23971,21.12
23972,22.89
23973,23.84
23974,24.87
23975,16.11
23976,19.76
23977,19.53
23978,21.05
23979,23.82
23980,24.18
23981,25.16
23982,16.23
23983,19.79
23984,20.23
23985,21.42
23986,23.24
23987,23.55
23988,25.08
23989,15.24
23990,20.4
23991,19.99
23992,21.51
23993,23.44
23994,24.52
23995,25.49
23996,16.63
23997,20.2
23998,19.41
23999,25.29
24000,28.77
24001,29.3
24002,32.49
24003,20.44
24004,23.36
24005,24.26
24006,25.1
24007,26.89
24008,27.89
24009,30.86
24010,20.86
24011,23.94
24012,23.88
24013,25.58
24014,27.61
24015,28.08
24016,31.79
24017,21.39
24018,23.79
24019,24.37
24020,25.49
24021,28.05
24022,29.23
24023,31.5
24024,20.84
24025,23.08
24026,24.02
24027,24.97
24028,28.54
24029,30.79
24030,40.3
24031,48.15
24032,46.77
24033,47.93
24034,52.33
24035,56.84
24036,58.55
24037,39.39
24038,45.31
24039,46.7
24040,50.38
24041,53.07
24042,55.86
24043,61.08
24044,40.84
24045,47.16
24046,47.12
24047,48.61
24048,54.18
24049,59.52
24050,63.2
24051,40.57
24052,47.4
24053,46.48
24054,47.29
24055,53.17
24056,60.75
24057,62.04
24058,40.34
24059,46.71
24060,48.09
24061,52.82
24062,58.31
24063,63.0
24064,67.92
24065,45.1
24066,51.99
24067,49.87
24068,54.15
24069,58.42
24070,62.68
24071,68.86
24072,47.06
24073,52.74
24074,49.65
24075,55.26
24076,58.87
24077,62.97
24078,68.78
24079,43.97
24080,52.11
24081,51.58
24082,56.02
24083,57.55
24084,65.44
24085,67.34
24086,44.52
24087,51.24
24088,52.57
24089,69.85
24090,67.88
24091,75.29
24092,80.23
24093,51.74
24094,63.34
24095,62.86
24096,67.47
24097,69.0
24098,74.42
24099,83.09
24100,51.66
24101,61.35
24102,61.83
24103,65.18
24104,71.52
24105,76.86
24106,82.49
24107,52.43
24108,62.28
24109,62.98
24110,66.06
24111,73.19
24112,78.74
24113,85.74
24114,52.22
24115,62.81
24116,61.16
24117,68.45
24118,71.63
24119,79.63
24120,18.51
24121,22.46
24122,22.08
24123,23.37
24124,25.11
24125,27.05
24126,27.73
24127,18.84
24128,22.08
24129,22.11
24130,23.77
24131,24.82
24132,27.88
24133,29.64
24134,17.9
24135,21.75
24136,21.68
24137,23.47
24138,25.79
24139,26.35
24140,28.55
24141,18.67
24142,21.55
24143,21.75
24144,23.56
24145,25.74
24146,27.21
24147,28.9
24148,18.21
24149,21.21
24150,22.86
24151,25.54
24152,27.16
24153,28.53
24154,31.97
24155,20.9
24156,24.03
24157,24.03
24158,25.75
24159,28.73
24160,30.26
24161,32.41
24162,21.06
24163,24.27
24164,24.2
24165,26.42
24166,28.64
24167,29.18
24168,32.42
24169,20.73
24170,24.46
24171,25.03
24172,25.31
24173,28.14
24174,29.51
24175,32.08
24176,20.46
24177,23.85
24178,23.48
24179,30.05
24180,33.77
24181,36.27
24182,36.52
24183,24.6
24184,29.12
24185,28.86
24186,30.73
24187,33.41
24188,35.84
24189,37.07
24190,25.43
24191,29.27
24192,29.41
24193,32.11
24194,33.37
24195,34.39
24196,38.18
24197,24.89
24198,28.79
24199,29.29
24200,31.97
24201,33.36
24202,34.88
24203,38.47
24204,25.47
24205,29.97
24206,29.89
24207,31.62
24208,32.5
24209,35.35
24210,23.07
24211,25.0
24212,26.19
24213,28.05
24214,28.87
24215,31.65
24216,32.05
24217,21.89
24218,26.21
24219,26.95
24220,28.52
24221,30.24
24222,31.72
24223,33.34
24224,22.05
24225,26.2
24226,26.21
24227,27.56
24228,28.96
24229,30.45
24230,32.91
24231,22.35
24232,26.2
24233,25.12
24234,26.78
24235,29.35
24236,31.68
24237,32.79
24238,21.49
24239,25.19
24240,24.97
24241,31.17
24242,34.05
24243,36.08
24244,36.82
24245,24.78
24246,28.7
24247,27.76
24248,30.8
24249,31.85
24250,35.92
24251,38.7
24252,23.89
24253,29.52
24254,29.13
24255,31.24
24256,32.11
24257,35.07
24258,38.16
24259,24.21
24260,28.02
24261,28.92
24262,30.54
24263,32.42
24264,36.27
24265,37.43
24266,25.86
24267,30.32
24268,29.63
24269,38.02
24270,39.97
24271,43.97
24272,44.63
24273,30.8
24274,35.89
24275,35.46
24276,38.35
24277,40.64
24278,41.79
24279,43.79
24280,29.91
24281,35.06
24282,34.9
24283,36.22
24284,38.85
24285,42.95
24286,44.22
24287,29.39
24288,34.74
24289,35.01
24290,36.43
24291,38.17
24292,42.79
24293,44.73
24294,30.19
24295,35.21
24296,35.09
24297,36.71
24298,38.58
24299,42.11
24300,18.65
24301,22.47
24302,22.33
24303,23.78
24304,23.49
24305,27.12
24306,29.89
24307,19.26
24308,22.49
24309,22.07
24310,24.38
24311,24.27
24312,27.53
24313,27.67
24314,19.03
24315,21.71
24316,22.21
24317,24.74
24318,25.78
24319,27.2
24320,28.8
24321,19.5
24322,20.5
24323,22.03
24324,24.05
24325,25.17
24326,26.63
24327,28.54
24328,18.33
24329,21.34
24330,22.13
24331,26.06
24332,27.87
24333,29.09
24334,31.35
24335,20.64
24336,24.33
24337,23.93
24338,26.37
24339,27.7
24340,29.15
24341,32.78
24342,20.98
24343,23.63
24344,23.99
24345,25.32
24346,28.04
24347,27.95
24348,30.65
24349,21.86
24350,23.34
24351,23.29
24352,26.25
24353,28.02
24354,29.19
24355,31.92
24356,22.18
24357,23.56
24358,24.82
24359,30.42
24360,33.45
24361,33.04
24362,37.57
24363,25.16
24364,29.14
24365,29.98
24366,31.48
24367,33.5
24368,34.26
24369,38.43
24370,24.93
24371,28.9
24372,28.93
24373,31.48
24374,33.1
24375,35.12
24376,38.86
24377,26.08
24378,28.85
24379,28.98
24380,31.23
24381,32.46
24382,35.81
24383,36.5
24384,25.84
24385,28.73
24386,30.19
24387,32.26
24388,32.92
24389,35.87
24390,37.91
24391,44.75
24392,44.3
24393,47.84
24394,51.84
24395,56.7
24396,57.93
24397,36.83
24398,45.45
24399,43.45
24400,50.19
24401,51.91
24402,52.34
24403,51.69
24404,36.16
24405,43.11
24406,44.72
24407,47.85
24408,50.65
24409,53.66
24410,55.89
24411,37.6
24412,43.94
24413,45.58
24414,48.2
24415,49.24
24416,53.09
24417,56.84
24418,37.26
24419,43.52
24420,44.67
24421,52.1
24422,55.92
24423,60.76
24424,61.92
24425,41.53
24426,49.12
24427,49.33
24428,53.4
24429,55.14
24430,59.72
24431,60.15
24432,42.19
24433,48.29
24434,47.74
24435,54.49
24436,55.96
24437,60.28
24438,59.82
24439,43.92
24440,48.49
24441,49.18
24442,52.75
24443,56.3
24444,59.39
24445,60.54
24446,42.93
24447,51.24
24448,48.97
24449,60.82
24450,66.2
24451,71.05
24452,74.92
24453,51.25
24454,59.83
24455,58.3
24456,61.95
24457,65.48
24458,71.99
24459,77.73
24460,51.35
24461,58.06
24462,59.36
24463,60.8
24464,67.51
24465,71.9
24466,77.48
24467,50.19
24468,60.05
24469,59.68
24470,62.22
24471,68.16
24472,71.41
24473,77.78
24474,48.37
24475,61.15
24476,57.13
24477,63.23
24478,67.24
24479,72.27
24480,13.01
24481,15.83
24482,15.82
24483,17.08
24484,18.61
24485,19.62
24486,20.42
24487,13.68
24488,16.96
24489,16.21
24490,16.51
24491,18.13
24492,19.15
24493,21.68
24494,13.88
24495,15.99
24496,15.72
24497,17.03
24498,17.82
24499,19.59
24500,20.31
24501,12.78
24502,16.27
24503,15.58
24504,16.96
24505,18.11
24506,19.2
24507,21.09
24508,13.56
24509,17.24
24510,16.1
24511,18.9
24512,19.04
24513,22.23
24514,22.97
24515,14.29
24516,18.59
24517,17.78
24518,18.64
24519,19.67
24520,21.86
24521,24.23
24522,14.89
24523,17.93
24524,17.79
24525,18.69
24526,19.26
24527,22.17
24528,23.35
24529,14.76
24530,17.7
24531,17.88
24532,18.76
24533,19.82
24534,20.67
24535,22.97
24536,15.25
24537,17.12
24538,17.32
24539,21.99
24540,23.55
24541,25.39
24542,27.86
24543,17.51
24544,21.23
24545,21.42
24546,22.73
24547,23.79
24548,26.47
24549,27.98
24550,16.89
24551,20.98
24552,21.65
24553,22.15
24554,23.6
24555,25.77
24556,27.89
24557,17.99
24558,20.77
24559,22.04
24560,22.45
24561,23.99
24562,25.96
24563,28.0
24564,18.32
24565,20.97
24566,22.17
24567,22.67
24568,23.81
24569,25.13
24570,30.45
24571,40.41
24572,36.05
24573,37.73
24574,41.04
24575,44.92
24576,47.15
24577,31.34
24578,37.72
24579,37.68
24580,38.37
24581,40.82
24582,44.97
24583,48.02
24584,30.64
24585,35.84
24586,37.3
24587,39.48
24588,41.43
24589,44.42
24590,50.15
24591,31.01
24592,35.81
24593,36.0
24594,38.44
24595,42.22
24596,43.75
24597,46.66
24598,31.72
24599,35.78
24600,38.13
24601,43.85
24602,47.13
24603,48.7
24604,52.09
24605,32.93
24606,39.47
24607,40.16
24608,42.48
24609,46.01
24610,49.34
24611,51.18
24612,33.78
24613,39.38
24614,40.82
24615,43.2
24616,45.45
24617,48.39
24618,52.68
24619,34.42
24620,40.77
24621,42.99
24622,44.61
24623,45.94
24624,50.16
24625,53.85
24626,35.9
24627,40.88
24628,41.18
24629,52.26
24630,55.22
24631,59.06
24632,63.67
24633,43.31
24634,49.25
24635,49.93
24636,51.78
24637,55.35
24638,60.43
24639,66.14
24640,43.21
24641,48.83
24642,49.13
24643,52.1
24644,56.37
24645,60.92
24646,67.6
24647,41.61
24648,48.22
24649,48.88
24650,51.95
24651,57.73
24652,63.09
24653,63.72
24654,41.76
24655,49.46
24656,49.25
24657,52.18
24658,56.43
24659,60.42
24660,38.75
24661,44.11
24662,43.14
24663,47.85
24664,50.39
24665,53.77
24666,55.52
24667,38.01
24668,43.59
24669,43.83
24670,49.44
24671,51.08
24672,54.84
24673,55.68
24674,38.06
24675,44.48
24676,43.99
24677,48.67
24678,51.33
24679,53.42
24680,54.82
24681,37.22
24682,44.54
24683,45.23
24684,48.21
24685,52.47
24686,55.71
24687,57.73
24688,36.81
24689,44.1
24690,45.57
24691,52.54
24692,55.41
24693,58.36
24694,63.79
24695,41.8
24696,48.53
24697,46.95
24698,52.12
24699,57.48
24700,57.89
24701,62.86
24702,43.85
24703,49.07
24704,49.73
24705,51.61
24706,57.27
24707,60.35
24708,63.93
24709,41.96
24710,49.8
24711,50.21
24712,53.28
24713,55.5
24714,57.77
24715,64.12
24716,43.75
24717,50.37
24718,50.78
24719,63.31
24720,66.79
24721,71.5
24722,77.18
24723,50.42
24724,58.13
24725,58.67
24726,59.95
24727,67.2
24728,73.24
24729,78.46
24730,50.57
24731,58.68
24732,59.3
24733,60.59
24734,67.52
24735,72.72
24736,76.46
24737,48.93
24738,57.33
24739,57.49
24740,62.0
24741,67.01
24742,71.4
24743,75.48
24744,47.78
24745,58.77
24746,57.27
24747,62.53
24748,65.59
24749,68.67
24750,22.83
24751,26.27
24752,25.4
24753,27.79
24754,30.17
24755,32.41
24756,34.65
24757,22.27
24758,25.66
24759,25.65
24760,27.0
24761,29.76
24762,31.13
24763,33.95
24764,22.32
24765,25.01
24766,25.77
24767,27.51
24768,31.38
24769,32.75
24770,34.19
24771,22.29
24772,25.7
24773,25.4
24774,27.47
24775,30.54
24776,32.98
24777,33.91
24778,22.31
24779,25.05
24780,26.26
24781,30.72
24782,33.31
24783,35.2
24784,38.1
24785,24.85
24786,27.55
24787,28.88
24788,30.97
24789,33.41
24790,34.94
24791,37.46
24792,25.5
24793,29.64
24794,29.22
24795,29.96
24796,33.04
24797,36.92
24798,37.88
24799,25.29
24800,29.1
24801,30.12
24802,31.34
24803,34.94
24804,36.83
24805,37.41
24806,25.94
24807,30.76
24808,29.66
24809,37.85
24810,40.58
24811,42.69
24812,45.63
24813,31.41
24814,36.52
24815,35.04
24816,37.07
24817,40.09
24818,43.24
24819,44.67
24820,30.61
24821,35.43
24822,34.92
24823,36.81
24824,40.61
24825,43.03
24826,45.42
24827,31.9
24828,35.18
24829,35.91
24830,37.54
24831,39.82
24832,42.8
24833,45.61
24834,31.41
24835,35.91
24836,35.25
24837,37.27
24838,40.7
24839,42.62
24840,10.11
24841,12.08
24842,12.12
24843,12.89
24844,13.61
24845,14.58
24846,15.89
24847,9.73
24848,11.5
24849,12.29
24850,12.02
24851,13.71
24852,14.92
24853,15.86
24854,10.01
24855,11.65
24856,11.76
24857,12.68
24858,13.82
24859,14.38
24860,15.54
24861,9.89
24862,12.26
24863,11.84
24864,13.1
24865,13.79
24866,15.29
24867,16.23
24868,10.16
24869,11.79
24870,12.6
24871,14.64
24872,15.78
24873,16.4
24874,18.05
24875,11.4
24876,13.68
24877,13.33
24878,14.03
24879,16.42
24880,17.59
24881,17.7
24882,11.27
24883,13.4
24884,13.27
24885,14.23
24886,15.29
24887,17.58
24888,17.13
24889,11.53
24890,13.38
24891,13.44
24892,14.45
24893,15.35
24894,17.5
24895,17.09
24896,11.41
24897,13.55
24898,13.18
24899,16.46
24900,18.68
24901,20.13
24902,20.18
24903,13.01
24904,16.35
24905,15.9
24906,16.86
24907,18.11
24908,19.61
24909,20.08
24910,12.51
24911,15.37
24912,15.98
24913,18.0
24914,20.49
24915,20.58
24916,21.55
24917,12.27
24918,16.05
24919,16.05
24920,17.34
24921,18.58
24922,19.96
24923,20.34
24924,13.02
24925,15.51
24926,15.92
24927,17.37
24928,18.56
24929,18.71
24930,43.12
24931,48.53
24932,49.98
24933,53.47
24934,56.53
24935,59.58
24936,65.38
24937,40.99
24938,48.92
24939,48.47
24940,53.46
24941,56.97
24942,62.39
24943,62.99
24944,42.29
24945,50.05
24946,48.3
24947,52.05
24948,55.33
24949,59.43
24950,61.73
24951,41.39
24952,48.51
24953,50.97
24954,52.52
24955,58.61
24956,60.17
24957,63.23
24958,40.65
24959,47.88
24960,47.98
24961,58.35
24962,63.23
24963,67.28
24964,70.37
24965,51.15
24966,54.56
24967,55.16
24968,61.04
24969,62.99
24970,65.99
24971,69.41
24972,46.05
24973,53.49
24974,56.41
24975,60.86
24976,62.48
24977,67.18
24978,67.79
24979,46.6
24980,54.27
24981,55.69
24982,57.98
24983,60.5
24984,66.49
24985,73.49
24986,49.05
24987,56.61
24988,55.09
24989,68.97
24990,73.76
24991,80.75
24992,87.07
24993,55.77
24994,64.54
24995,62.11
24996,69.68
24997,74.62
24998,79.19
24999,81.21
25000,54.54
25001,64.27
25002,63.05
25003,69.76
25004,73.93
25005,76.02
25006,87.31
25007,55.21
25008,65.01
25009,63.88
25010,68.73
25011,75.16
25012,79.4
25013,83.76
25014,54.19
25015,62.22
25016,64.59
25017,68.96
25018,75.17
25019,82.76
25020,33.72
25021,37.43
25022,37.82
25023,42.69
25024,42.6
25025,47.87
25026,49.91
25027,32.32
25028,39.33
25029,37.68
25030,41.56
25031,45.98
25032,48.14
25033,50.43
25034,33.59
25035,39.98
25036,36.84
25037,41.53
25038,40.59
25039,49.12
25040,48.74
25041,32.73
25042,38.16
25043,36.46
25044,40.99
25045,44.31
25046,47.73
25047,49.01
25048,32.69
25049,38.55
25050,39.0
25051,46.56
25052,48.26
25053,52.51
25054,54.86
25055,36.59
25056,42.27
25057,41.77
25058,45.51
25059,48.61
25060,55.43
25061,56.43
25062,35.95
25063,41.66
25064,41.2
25065,44.82
25066,48.54
25067,52.94
25068,55.78
25069,37.35
25070,42.39
25071,41.72
25072,45.91
25073,48.92
25074,53.97
25075,54.37
25076,38.21
25077,41.42
25078,40.93
25079,52.54
25080,58.65
25081,64.06
25082,63.28
25083,44.85
25084,49.57
25085,51.59
25086,56.33
25087,57.77
25088,62.89
25089,65.17
25090,44.7
25091,51.27
25092,51.13
25093,54.12
25094,58.15
25095,61.99
25096,65.94
25097,43.49
25098,51.67
25099,52.21
25100,53.87
25101,56.89
25102,59.91
25103,65.73
25104,43.25
25105,50.21
25106,51.03
25107,53.95
25108,57.18
25109,60.74
25110,19.21
25111,21.07
25112,22.02
25113,23.58
25114,26.17
25115,27.17
25116,28.94
25117,18.65
25118,21.67
25119,21.97
25120,23.01
25121,25.71
25122,26.28
25123,30.34
25124,19.41
25125,21.09
25126,21.64
25127,24.67
25128,25.29
25129,27.67
25130,29.51
25131,19.19
25132,20.23
25133,20.75
25134,23.36
25135,25.13
25136,27.82
25137,28.62
25138,18.01
25139,21.51
25140,22.63
25141,26.2
25142,27.26
25143,30.39
25144,32.24
25145,19.98
25146,23.25
25147,23.8
25148,25.33
25149,26.65
25150,29.74
25151,31.61
25152,20.23
25153,23.92
25154,23.53
25155,25.1
25156,28.0
25157,30.27
25158,30.3
25159,20.46
25160,24.05
25161,23.09
25162,24.96
25163,27.3
25164,28.11
25165,30.31
25166,20.67
25167,23.26
25168,24.2
25169,29.37
25170,32.63
25171,36.37
25172,37.85
25173,24.44
25174,28.53
25175,29.24
25176,29.94
25177,33.32
25178,35.15
25179,36.64
25180,24.54
25181,28.24
25182,29.49
25183,30.36
25184,32.57
25185,33.45
25186,36.15
25187,25.58
25188,29.18
25189,29.66
25190,30.86
25191,33.02
25192,34.14
25193,36.78
25194,25.23
25195,28.89
25196,29.49
25197,31.35
25198,31.85
25199,32.99
25200,27.99
25201,30.63
25202,33.1
25203,36.04
25204,39.29
25205,42.84
25206,43.16
25207,27.12
25208,32.26
25209,33.41
25210,36.41
25211,39.11
25212,40.77
25213,43.57
25214,26.98
25215,32.34
25216,34.33
25217,37.49
25218,38.37
25219,42.05
25220,41.38
25221,28.26
25222,32.42
25223,34.53
25224,35.28
25225,37.55
25226,41.99
25227,44.55
25228,28.51
25229,33.36
25230,34.54
25231,40.31
25232,42.76
25233,46.27
25234,48.78
25235,31.3
25236,36.82
25237,36.25
25238,39.56
25239,42.15
25240,46.29
25241,48.92
25242,31.58
25243,37.27
25244,37.2
25245,39.68
25246,42.66
25247,46.27
25248,47.23
25249,31.86
25250,36.49
25251,36.56
25252,39.96
25253,42.07
25254,46.09
25255,47.29
25256,32.22
25257,36.91
25258,36.04
25259,45.15
25260,51.29
25261,55.08
25262,56.61
25263,37.57
25264,43.3
25265,43.03
25266,47.66
25267,50.51
25268,52.43
25269,55.61
25270,38.68
25271,42.09
25272,43.31
25273,45.75
25274,48.87
25275,53.96
25276,56.43
25277,37.66
25278,43.16
25279,44.47
25280,46.47
25281,49.14
25282,53.84
25283,56.43
25284,37.88
25285,42.96
25286,44.59
25287,45.75
25288,49.95
25289,52.89
25290,20.88
25291,24.68
25292,25.18
25293,26.86
25294,28.37
25295,29.93
25296,32.3
25297,20.62
25298,24.51
25299,25.31
25300,26.98
25301,29.25
25302,29.97
25303,32.83
25304,20.58
25305,25.35
25306,24.94
25307,27.34
25308,28.29
25309,29.66
25310,30.19
25311,20.86
25312,24.48
25313,25.52
25314,26.31
25315,28.32
25316,30.11
25317,30.37
25318,20.92
25319,25.07
25320,24.88
25321,30.0
25322,31.14
25323,32.62
25324,33.79
25325,24.79
25326,28.43
25327,27.76
25328,29.44
25329,30.9
25330,33.11
25331,36.22
25332,24.42
25333,26.83
25334,27.35
25335,28.57
25336,29.96
25337,32.48
25338,35.92
25339,23.7
25340,27.23
25341,27.31
25342,29.13
25343,30.77
25344,32.67
25345,35.99
25346,23.89
25347,27.37
25348,26.28
25349,34.6
25350,36.38
25351,38.64
25352,40.47
25353,26.53
25354,32.27
25355,31.13
25356,34.54
25357,35.02
25358,39.73
25359,40.83
25360,29.1
25361,31.0
25362,32.05
25363,33.16
25364,35.77
25365,38.73
25366,41.67
25367,30.13
25368,31.89
25369,32.87
25370,34.16
25371,36.45
25372,39.18
25373,42.66
25374,30.14
25375,32.36
25376,32.73
25377,35.39
25378,37.05
25379,39.26
25380,32.5
25381,38.12
25382,38.43
25383,41.44
25384,46.03
25385,48.84
25386,49.03
25387,33.49
25388,39.45
25389,37.55
25390,40.98
25391,43.68
25392,46.36
25393,49.5
25394,34.51
25395,38.02
25396,38.87
25397,41.9
25398,44.63
25399,46.79
25400,50.92
25401,33.65
25402,36.6
25403,38.48
25404,40.89
25405,45.03
25406,47.58
25407,50.04
25408,32.38
25409,38.88
25410,40.07
25411,46.82
25412,49.53
25413,52.3
25414,53.26
25415,35.74
25416,42.8
25417,42.74
25418,46.41
25419,48.13
25420,51.33
25421,53.28
25422,36.18
25423,43.37
25424,42.84
25425,46.6
25426,49.06
25427,52.68
25428,56.38
25429,36.83
25430,42.61
25431,43.16
25432,45.11
25433,47.89
25434,50.63
25435,55.36
25436,37.1
25437,42.18
25438,41.01
25439,54.42
25440,58.37
25441,61.48
25442,65.9
25443,44.3
25444,49.14
25445,50.55
25446,53.51
25447,57.76
25448,60.4
25449,65.14
25450,43.57
25451,52.66
25452,50.8
25453,54.6
25454,58.3
25455,61.81
25456,66.6
25457,43.69
25458,52.55
25459,51.56
25460,55.41
25461,57.38
25462,63.0
25463,65.99
25464,45.13
25465,51.65
25466,51.7
25467,54.76
25468,56.37
25469,63.12
25470,12.25
25471,13.87
25472,13.55
25473,14.79
25474,15.65
25475,17.95
25476,17.8
25477,12.45
25478,13.64
25479,14.42
25480,14.89
25481,16.01
25482,17.06
25483,18.33
25484,12.5
25485,13.82
25486,13.59
25487,15.31
25488,15.67
25489,16.86
25490,17.5
25491,11.9
25492,14.58
25493,14.14
25494,15.19
25495,15.73
25496,17.21
25497,17.98
25498,11.88
25499,14.21
25500,14.38
25501,16.91
25502,16.52
25503,18.49
25504,20.34
25505,12.99
25506,15.42
25507,15.36
25508,16.61
25509,17.67
25510,18.79
25511,19.81
25512,12.63
25513,14.92
25514,15.6
25515,16.45
25516,17.32
25517,18.91
25518,20.64
25519,12.72
25520,15.33
25521,15.08
25522,16.2
25523,17.64
25524,19.4
25525,20.02
25526,13.23
25527,15.63
25528,15.18
25529,18.8
25530,22.88
25531,22.69
25532,23.75
25533,15.8
25534,18.54
25535,17.82
25536,20.22
25537,20.77
25538,22.55
25539,23.19
25540,15.74
25541,19.3
25542,19.32
25543,21.35
25544,21.89
25545,23.37
25546,23.9
25547,15.54
25548,18.83
25549,18.57
25550,19.86
25551,21.31
25552,24.1
25553,23.26
25554,16.11
25555,19.08
25556,18.16
25557,20.48
25558,21.26
25559,23.16
25560,33.47
25561,38.98
25562,37.64
25563,39.92
25564,40.42
25565,47.23
25566,47.39
25567,31.81
25568,36.15
25569,37.42
25570,38.33
25571,42.49
25572,45.46
25573,46.19
25574,32.12
25575,36.21
25576,36.47
25577,38.58
25578,42.45
25579,45.24
25580,47.57
25581,31.67
25582,37.45
25583,37.25
25584,39.3
25585,42.31
25586,44.27
25587,46.78
25588,31.3
25589,35.26
25590,37.98
25591,44.0
25592,47.47
25593,48.94
25594,50.71
25595,33.78
25596,41.56
25597,39.9
25598,44.49
25599,46.96
25600,50.79
25601,50.61
25602,34.49
25603,41.82
25604,40.39
25605,43.52
25606,43.7
25607,51.22
25608,52.65
25609,35.01
25610,41.75
25611,42.8
25612,45.06
25613,45.52
25614,49.67
25615,53.04
25616,34.0
25617,39.96
25618,39.63
25619,49.96
25620,54.75
25621,57.78
25622,60.08
25623,41.57
25624,47.56
25625,49.3
25626,50.3
25627,54.03
25628,57.74
25629,59.43
25630,40.33
25631,49.11
25632,49.32
25633,48.43
25634,55.71
25635,57.32
25636,60.08
25637,41.82
25638,49.31
25639,48.41
25640,50.66
25641,56.47
25642,58.45
25643,61.73
25644,41.11
25645,47.87
25646,47.95
25647,52.5
25648,55.0
25649,56.77
25650,36.7
25651,43.74
25652,42.89
25653,45.73
25654,49.82
25655,53.49
25656,54.04
25657,36.74
25658,42.65
25659,41.45
25660,44.43
25661,49.38
25662,50.77
25663,54.65
25664,37.89
25665,43.47
25666,43.67
25667,45.77
25668,50.27
25669,52.3
25670,56.26
25671,35.48
25672,42.19
25673,42.09
25674,43.93
25675,48.75
25676,53.19
25677,53.29
25678,36.67
25679,42.37
25680,44.17
25681,50.25
25682,55.65
25683,59.51
25684,61.7
25685,40.86
25686,48.3
25687,47.69
25688,49.6
25689,57.47
25690,55.97
25691,60.56
25692,39.82
25693,47.11
25694,47.14
25695,51.16
25696,52.42
25697,56.27
25698,62.74
25699,41.07
25700,48.15
25701,45.34
25702,51.37
25703,53.51
25704,58.63
25705,62.34
25706,40.72
25707,49.7
25708,44.67
25709,63.37
25710,64.9
25711,72.23
25712,74.04
25713,49.13
25714,57.96
25715,56.1
25716,61.2
25717,63.69
25718,73.26
25719,73.98
25720,48.16
25721,58.24
25722,57.94
25723,63.31
25724,65.58
25725,72.22
25726,71.71
25727,48.61
25728,56.68
25729,58.07
25730,59.92
25731,62.76
25732,68.89
25733,70.92
25734,48.87
25735,56.65
25736,57.75
25737,60.44
25738,63.54
25739,69.97
25740,14.11
25741,16.13
25742,15.86
25743,17.42
25744,18.73
25745,19.85
25746,20.71
25747,13.71
25748,16.12
25749,16.69
25750,16.87
25751,18.3
25752,19.94
25753,20.69
25754,13.38
25755,15.75
25756,15.99
25757,17.1
25758,18.16
25759,19.5
25760,19.86
25761,13.29
25762,16.05
25763,15.68
25764,16.87
25765,17.91
25766,19.03
25767,19.69
25768,13.33
25769,16.15
25770,16.27
25771,18.28
25772,20.9
25773,22.68
25774,21.79
25775,14.57
25776,17.51
25777,17.51
25778,18.78
25779,20.08
25780,21.68
25781,23.3
25782,14.26
25783,17.45
25784,17.85
25785,18.65
25786,20.74
25787,21.56
25788,21.84
25789,14.87
25790,17.05
25791,17.07
25792,17.5
25793,20.71
25794,22.07
25795,23.14
25796,15.23
25797,17.71
25798,16.95
25799,22.44
25800,24.77
25801,26.43
25802,26.6
25803,17.42
25804,20.61
25805,20.99
25806,22.39
25807,24.35
25808,26.11
25809,26.36
25810,17.73
25811,20.97
25812,21.22
25813,22.56
25814,24.4
25815,26.46
25816,28.61
25817,18.42
25818,21.53
25819,20.84
25820,22.35
25821,24.25
25822,26.93
25823,28.9
25824,17.86
25825,20.97
25826,21.02
25827,22.51
25828,24.98
25829,26.76
25830,36.65
25831,44.51
25832,44.1
25833,46.7
25834,53.83
25835,53.68
25836,59.55
25837,38.76
25838,44.3
25839,45.66
25840,48.26
25841,50.58
25842,51.82
25843,57.98
25844,40.57
25845,44.09
25846,46.55
25847,47.44
25848,50.39
25849,55.53
25850,57.17
25851,39.95
25852,44.93
25853,45.17
25854,45.63
25855,50.97
25856,57.53
25857,57.11
25858,37.79
25859,43.79
25860,43.53
25861,50.72
25862,58.09
25863,63.12
25864,61.89
25865,43.64
25866,49.18
25867,50.01
25868,51.38
25869,57.0
25870,63.07
25871,66.59
25872,43.22
25873,48.2
25874,50.17
25875,54.58
25876,57.81
25877,60.23
25878,64.72
25879,44.55
25880,49.82
25881,48.3
25882,55.08
25883,57.13
25884,61.81
25885,65.3
25886,43.2
25887,50.09
25888,48.26
25889,61.54
25890,68.34
25891,76.07
25892,76.26
25893,52.38
25894,59.04
25895,59.37
25896,60.44
25897,67.68
25898,74.28
25899,75.75
25900,50.27
25901,56.4
25902,60.61
25903,61.48
25904,67.15
25905,72.09
25906,74.5
25907,50.2
25908,57.55
25909,59.41
25910,62.06
25911,66.31
25912,71.43
25913,77.19
25914,48.53
25915,58.21
25916,60.1
25917,63.75
25918,66.8
25919,72.35
25920,20.05
25921,23.65
25922,23.95
25923,25.85
25924,27.96
25925,28.95
25926,30.4
25927,20.25
25928,23.49
25929,24.46
25930,25.15
25931,28.05
25932,29.44
25933,30.35
25934,21.04
25935,24.16
25936,24.47
25937,26.32
25938,27.52
25939,30.47
25940,30.29
25941,20.38
25942,23.94
25943,24.82
25944,26.49
25945,27.65
25946,30.57
25947,32.38
25948,21.32
25949,23.49
25950,24.57
25951,28.65
25952,30.1
25953,32.72
25954,34.41
25955,23.41
25956,26.95
25957,27.05
25958,29.12
25959,30.9
25960,31.87
25961,34.22
25962,22.25
25963,25.55
25964,27.13
25965,28.52
25966,31.97
25967,32.58
25968,33.1
25969,22.33
25970,26.55
25971,27.42
25972,28.22
25973,30.5
25974,32.43
25975,34.05
25976,23.48
25977,26.53
25978,26.67
25979,33.5
25980,36.65
25981,39.46
25982,40.74
25983,28.0
25984,32.93
25985,32.38
25986,33.63
25987,35.85
25988,38.95
25989,40.36
25990,27.82
25991,31.82
25992,32.14
25993,33.38
25994,35.37
25995,38.73
25996,40.37
25997,27.71
25998,32.47
25999,32.8
26000,34.14
26001,36.59
26002,38.47
26003,40.93
26004,27.18
26005,31.53
26006,32.42
26007,34.22
26008,35.78
26009,38.39
26010,14.08
26011,16.7
26012,16.41
26013,17.75
26014,18.53
26015,19.91
26016,20.73
26017,13.6
26018,16.4
26019,17.14
26020,17.41
26021,18.19
26022,19.72
26023,20.46
26024,14.32
26025,16.63
26026,16.53
26027,17.54
26028,19.12
26029,19.57
26030,20.64
26031,14.29
26032,16.71
26033,16.09
26034,17.93
26035,18.59
26036,19.63
26037,20.66
26038,14.13
26039,16.44
26040,16.26
26041,19.06
26042,20.13
26043,22.15
26044,23.0
26045,16.27
26046,18.31
26047,18.14
26048,19.41
26049,20.69
26050,21.26
26051,22.97
26052,15.86
26053,17.91
26054,18.3
26055,19.14
26056,20.34
26057,22.87
26058,22.61
26059,16.26
26060,18.98
26061,19.0
26062,18.56
26063,20.44
26064,22.36
26065,23.15
26066,15.52
26067,18.07
26068,18.23
26069,22.42
26070,26.05
26071,27.36
26072,28.36
26073,18.68
26074,22.57
26075,22.34
26076,23.24
26077,25.8
26078,27.79
26079,26.77
26080,17.7
26081,21.71
26082,21.67
26083,23.7
26084,26.37
26085,27.93
26086,28.24
26087,17.58
26088,22.09
26089,22.63
26090,22.7
26091,24.42
26092,27.83
26093,26.93
26094,18.55
26095,21.17
26096,22.48
26097,23.6
26098,24.17
26099,28.21
26100,10.05
26101,11.59
26102,11.54
26103,12.74
26104,12.92
26105,14.04
26106,15.49
26107,9.84
26108,11.17
26109,11.32
26110,13.26
26111,12.63
26112,15.14
26113,15.21
26114,9.68
26115,11.3
26116,11.35
26117,11.8
26118,13.57
26119,14.71
26120,15.19
26121,9.53
26122,11.16
26123,11.29
26124,12.04
26125,12.55
26126,14.41
26127,15.05
26128,9.73
26129,11.18
26130,11.82
26131,13.63
26132,14.27
26133,15.97
26134,17.68
26135,11.29
26136,13.07
26137,13.12
26138,13.82
26139,14.52
26140,16.62
26141,16.81
26142,10.61
26143,12.51
26144,13.32
26145,13.88
26146,14.99
26147,17.0
26148,17.39
26149,10.77
26150,12.84
26151,12.35
26152,13.91
26153,14.74
26154,16.49
26155,17.78
26156,10.17
26157,12.71
26158,12.4
26159,16.66
26160,17.8
26161,19.27
26162,19.26
26163,12.74
26164,15.26
26165,15.08
26166,16.44
26167,17.9
26168,18.67
26169,19.89
26170,13.0
26171,15.31
26172,15.41
26173,16.98
26174,17.8
26175,18.87
26176,20.92
26177,12.2
26178,15.63
26179,15.7
26180,15.89
26181,17.99
26182,20.13
26183,19.39
26184,12.06
26185,14.97
26186,15.98
26187,15.9
26188,17.29
26189,18.31
26190,16.72
26191,20.27
26192,20.28
26193,22.39
26194,22.72
26195,24.25
26196,27.74
26197,17.59
26198,19.57
26199,20.72
26200,21.87
26201,23.09
26202,24.24
26203,26.19
26204,17.87
26205,19.97
26206,20.77
26207,22.09
26208,22.42
26209,23.95
26210,25.01
26211,17.32
26212,19.78
26213,20.82
26214,21.28
26215,22.94
26216,24.28
26217,25.7
26218,17.37
26219,19.33
26220,20.08
26221,23.55
26222,25.39
26223,28.21
26224,27.22
26225,19.63
26226,22.31
26227,21.8
26228,25.05
26229,25.21
26230,28.32
26231,29.78
26232,18.73
26233,22.15
26234,22.06
26235,23.05
26236,26.29
26237,27.28
26238,27.52
26239,19.15
26240,22.35
26241,21.69
26242,22.99
26243,24.6
26244,27.31
26245,28.13
26246,19.39
26247,22.18
26248,22.12
26249,28.18
26250,30.17
26251,33.05
26252,32.24
26253,22.28
26254,26.81
26255,25.88
26256,27.87
26257,29.69
26258,32.01
26259,33.98
26260,22.4
26261,25.87
26262,26.69
26263,28.92
26264,31.39
26265,32.74
26266,35.06
26267,23.45
26268,25.94
26269,25.92
26270,28.42
26271,30.58
26272,32.35
26273,35.15
26274,22.89
26275,25.68
26276,26.42
26277,28.12
26278,30.67
26279,33.12
26280,24.81
26281,27.97
26282,28.8
26283,30.03
26284,32.53
26285,34.54
26286,38.98
26287,25.54
26288,28.86
26289,29.48
26290,29.51
26291,32.1
26292,35.49
26293,38.09
26294,24.38
26295,29.25
26296,28.86
26297,31.18
26298,31.93
26299,35.01
26300,38.07
26301,24.86
26302,29.06
26303,29.23
26304,30.78
26305,35.08
26306,35.97
26307,37.22
26308,23.8
26309,29.33
26310,28.91
26311,34.91
26312,36.39
26313,38.5
26314,42.05
26315,26.69
26316,31.89
26317,31.8
26318,34.61
26319,36.78
26320,39.87
26321,43.57
26322,28.27
26323,33.1
26324,32.59
26325,34.6
26326,36.02
26327,39.39
26328,41.05
26329,28.18
26330,30.97
26331,31.38
26332,35.47
26333,37.19
26334,41.12
26335,42.13
26336,28.58
26337,31.64
26338,31.49
26339,41.01
26340,44.54
26341,52.13
26342,48.86
26343,34.24
26344,37.9
26345,38.23
26346,40.68
26347,42.53
26348,46.64
26349,49.07
26350,32.86
26351,38.15
26352,38.12
26353,41.55
26354,44.52
26355,46.83
26356,48.02
26357,32.49
26358,37.22
26359,38.06
26360,40.73
26361,44.97
26362,48.1
26363,49.67
26364,31.58
26365,38.45
26366,37.42
26367,41.76
26368,44.67
26369,45.87
26370,13.46
26371,15.93
26372,15.61
26373,17.07
26374,17.6
26375,19.83
26376,21.0
26377,13.78
26378,16.99
26379,17.07
26380,17.31
26381,19.27
26382,19.98
26383,21.0
26384,14.28
26385,16.64
26386,16.46
26387,17.12
26388,19.01
26389,19.93
26390,21.7
26391,14.28
26392,16.99
26393,16.86
26394,17.59
26395,18.81
26396,19.91
26397,20.75
26398,14.1
26399,16.59
26400,17.14
26401,18.39
26402,21.57
26403,21.96
26404,23.23
26405,15.53
26406,18.92
26407,18.59
26408,18.51
26409,20.9
26410,22.31
26411,23.12
26412,15.62
26413,18.59
26414,18.15
26415,18.73
26416,20.77
26417,21.62
26418,22.33
26419,16.11
26420,17.54
26421,17.48
26422,18.9
26423,19.45
26424,22.11
26425,22.48
26426,15.42
26427,18.26
26428,17.08
26429,22.59
26430,24.12
26431,25.85
26432,24.12
26433,18.17
26434,21.76
26435,21.59
26436,22.64
26437,23.33
26438,25.66
26439,25.67
26440,18.63
26441,21.32
26442,21.36
26443,22.65
26444,23.76
26445,24.83
26446,26.33
26447,18.5
26448,21.69
26449,20.55
26450,21.88
26451,23.68
26452,26.36
26453,27.59
26454,18.3
26455,21.16
26456,20.55
26457,22.56
26458,22.53
26459,26.78
26460,40.11
26461,45.8
26462,45.42
26463,48.92
26464,49.43
26465,54.91
26466,59.83
26467,39.27
26468,45.15
26469,44.69
26470,49.9
26471,50.53
26472,54.59
26473,59.3
26474,38.8
26475,44.91
26476,45.38
26477,49.54
26478,50.14
26479,53.84
26480,57.01
26481,39.35
26482,45.37
26483,45.35
26484,48.18
26485,51.13
26486,54.33
26487,59.17
26488,39.6
26489,45.0
26490,46.86
26491,52.36
26492,55.37
26493,61.63
26494,65.35
26495,43.35
26496,49.89
26497,49.84
26498,50.82
26499,54.82
26500,60.94
26501,66.37
26502,44.45
26503,50.41
26504,50.33
26505,51.47
26506,58.73
26507,63.5
26508,66.95
26509,43.51
26510,48.81
26511,48.21
26512,52.9
26513,58.3
26514,63.51
26515,68.68
26516,43.46
26517,48.57
26518,48.0
26519,64.74
26520,71.81
26521,74.06
26522,78.86
26523,50.3
26524,60.31
26525,59.69
26526,65.66
26527,70.58
26528,73.98
26529,78.51
26530,50.19
26531,59.51
26532,59.87
26533,64.36
26534,66.15
26535,71.57
26536,73.69
26537,50.21
26538,60.23
26539,58.52
26540,62.87
26541,65.25
26542,71.5
26543,75.48
26544,50.93
26545,55.55
26546,57.54
26547,62.3
26548,65.61
26549,72.22
26550,28.12
26551,32.48
26552,32.1
26553,36.02
26554,37.0
26555,39.23
26556,41.69
26557,27.3
26558,32.63
26559,32.14
26560,33.38
26561,36.45
26562,38.97
26563,40.57
26564,27.96
26565,31.95
26566,32.36
26567,35.25
26568,36.88
26569,40.75
26570,42.0
26571,27.95
26572,31.4
26573,32.66
26574,34.41
26575,37.69
26576,40.08
26577,42.42
26578,28.51
26579,31.98
26580,32.96
26581,38.52
26582,40.6
26583,43.68
26584,46.39
26585,30.38
26586,36.11
26587,35.63
26588,38.74
26589,40.35
26590,44.96
26591,46.07
26592,31.39
26593,37.7
26594,34.27
26595,39.08
26596,40.18
26597,43.35
26598,44.33
26599,29.47
26600,34.34
26601,34.39
26602,38.24
26603,41.55
26604,45.16
26605,42.15
26606,29.66
26607,35.62
26608,35.59
26609,44.83
26610,48.35
26611,53.49
26612,49.94
26613,34.2
26614,43.18
26615,42.2
26616,45.13
26617,48.88
26618,51.62
26619,57.19
26620,36.24
26621,44.94
26622,42.99
26623,45.16
26624,47.78
26625,52.65
26626,56.86
26627,36.02
26628,41.83
26629,42.29
26630,44.87
26631,48.53
26632,51.61
26633,55.97
26634,36.05
26635,42.01
26636,42.61
26637,45.12
26638,48.03
26639,52.75
26640,9.82
26641,11.92
26642,11.94
26643,12.99
26644,13.85
26645,14.89
26646,14.65
26647,9.98
26648,11.23
26649,11.52
26650,12.55
26651,13.21
26652,14.31
26653,15.45
26654,10.05
26655,11.65
26656,11.29
26657,12.94
26658,13.38
26659,14.42
26660,15.03
26661,9.32
26662,11.43
26663,11.8
26664,11.95
26665,13.51
26666,14.26
26667,14.8
26668,9.81
26669,11.63
26670,13.01
26671,13.66
26672,15.25
26673,15.79
26674,17.0
26675,10.94
26676,12.8
26677,13.37
26678,13.78
26679,15.32
26680,16.35
26681,17.36
26682,11.51
26683,13.26
26684,12.94
26685,13.77
26686,14.79
26687,16.67
26688,17.02
26689,11.39
26690,13.45
26691,13.07
26692,14.06
26693,14.54
26694,16.28
26695,18.0
26696,10.67
26697,13.2
26698,12.96
26699,16.76
26700,17.73
26701,18.67
26702,19.27
26703,12.72
26704,15.27
26705,15.81
26706,16.9
26707,17.79
26708,19.01
26709,19.63
26710,13.14
26711,15.64
26712,16.13
26713,16.59
26714,18.1
26715,19.47
26716,20.42
26717,12.97
26718,15.72
26719,15.79
26720,16.94
26721,18.54
26722,20.26
26723,21.53
26724,13.42
26725,15.61
26726,15.24
26727,17.44
26728,17.82
26729,19.59
26730,24.85
26731,28.34
26732,28.72
26733,31.71
26734,31.36
26735,34.31
26736,35.99
26737,25.18
26738,28.55
26739,28.1
26740,31.12
26741,33.76
26742,35.1
26743,36.8
26744,24.5
26745,27.89
26746,28.27
26747,31.09
26748,33.32
26749,34.76
26750,37.76
26751,25.58
26752,28.28
26753,28.97
26754,30.3
26755,32.27
26756,34.42
26757,36.2
26758,24.46
26759,28.47
26760,28.98
26761,32.8
26762,36.06
26763,38.9
26764,38.95
26765,27.77
26766,31.35
26767,31.75
26768,32.74
26769,38.18
26770,38.55
26771,40.27
26772,27.5
26773,31.95
26774,31.98
26775,34.51
26776,37.56
26777,38.83
26778,41.58
26779,27.9
26780,32.55
26781,32.44
26782,34.58
26783,37.57
26784,38.69
26785,42.13
26786,28.48
26787,31.77
26788,31.4
26789,39.94
26790,43.61
26791,47.57
26792,45.89
26793,33.73
26794,37.76
26795,37.4
26796,39.43
26797,41.46
26798,45.65
26799,47.38
26800,32.42
26801,37.24
26802,37.14
26803,40.22
26804,41.69
26805,47.46
26806,49.69
26807,33.4
26808,38.78
26809,36.73
26810,40.0
26811,43.78
26812,47.38
26813,50.65
26814,32.76
26815,37.76
26816,37.66
26817,40.06
26818,44.04
26819,47.2
26820,13.24
26821,15.51
26822,15.74
26823,16.41
26824,18.71
26825,19.82
26826,20.36
26827,13.84
26828,16.02
26829,16.07
26830,17.25
26831,18.79
26832,19.14
26833,20.34
26834,14.41
26835,16.12
26836,15.89
26837,16.24
26838,18.1
26839,19.04
26840,20.25
26841,13.64
26842,16.09
26843,15.73
26844,15.96
26845,17.87
26846,19.57
26847,19.8
26848,14.06
26849,15.73
26850,16.04
26851,18.01
26852,19.72
26853,21.71
26854,23.47
26855,15.25
26856,16.97
26857,17.16
26858,18.38
26859,20.62
26860,21.97
26861,23.32
26862,15.86
26863,17.57
26864,17.73
26865,17.92
26866,20.45
26867,22.1
26868,23.63
26869,15.8
26870,17.09
26871,17.66
26872,17.94
26873,20.12
26874,21.21
26875,24.52
26876,15.89
26877,18.09
26878,18.28
26879,21.95
26880,23.96
26881,25.65
26882,26.88
26883,18.12
26884,21.65
26885,20.9
26886,22.54
26887,24.8
26888,25.76
26889,27.11
26890,17.87
26891,22.13
26892,21.11
26893,22.15
26894,25.08
26895,25.74
26896,28.18
26897,18.03
26898,21.27
26899,21.03
26900,23.32
26901,25.26
26902,25.9
26903,30.47
26904,18.15
26905,21.3
26906,21.4
26907,22.78
26908,24.62
26909,26.35
26910,31.63
26911,36.32
26912,36.89
26913,38.2
26914,41.1
26915,45.33
26916,50.43
26917,31.51
26918,35.61
26919,36.84
26920,38.89
26921,42.95
26922,45.9
26923,46.95
26924,31.73
26925,36.02
26926,36.33
26927,38.93
26928,43.08
26929,45.02
26930,46.6
26931,30.62
26932,35.27
26933,36.79
26934,40.19
26935,41.76
26936,45.3
26937,44.14
26938,31.67
26939,35.06
26940,37.81
26941,42.76
26942,47.13
26943,50.56
26944,51.35
26945,34.67
26946,38.9
26947,40.88
26948,42.84
26949,45.95
26950,48.12
26951,51.27
26952,34.43
26953,39.27
26954,40.97
26955,43.17
26956,46.41
26957,49.32
26958,51.81
26959,33.85
26960,39.17
26961,39.78
26962,42.34
26963,45.7
26964,51.64
26965,52.96
26966,35.32
26967,39.0
26968,40.75
26969,51.01
26970,54.36
26971,57.26
26972,62.23
26973,42.81
26974,47.48
26975,48.45
26976,51.2
26977,55.17
26978,59.71
26979,61.36
26980,39.81
26981,46.83
26982,48.92
26983,50.75
26984,52.98
26985,60.03
26986,62.11
26987,40.71
26988,46.38
26989,48.72
26990,51.56
26991,55.99
26992,60.45
26993,60.86
26994,41.23
26995,48.51
26996,48.56
26997,51.02
26998,57.71
26999,58.21
27000,9.79
27001,10.92
27002,11.02
27003,11.14
27004,12.31
27005,13.56
27006,15.06
27007,9.3
27008,11.13
27009,10.76
27010,11.52
27011,12.84
27012,14.16
27013,14.45
27014,10.11
27015,11.01
27016,11.66
27017,11.94
27018,12.78
27019,13.79
27020,15.39
27021,9.81
27022,10.96
27023,11.55
27024,11.74
27025,12.23
27026,13.39
27027,13.9
27028,9.52
27029,10.87
27030,11.35
27031,12.77
27032,14.24
27033,14.9
27034,16.23
27035,10.57
27036,12.28
27037,12.33
27038,13.31
27039,13.7
27040,15.42
27041,15.9
27042,10.5
27043,12.15
27044,12.92
27045,13.38
27046,13.65
27047,14.48
27048,16.23
27049,10.63
27050,12.52
27051,12.43
27052,13.17
27053,14.09
27054,15.14
27055,15.91
27056,10.64
27057,12.63
27058,11.88
27059,16.71
27060,16.2
27061,17.53
27062,18.5
27063,12.31
27064,15.29
27065,14.87
27066,15.68
27067,16.51
27068,18.0
27069,19.31
27070,12.21
27071,14.82
27072,14.73
27073,16.23
27074,17.15
27075,18.5
27076,17.82
27077,12.6
27078,14.6
27079,14.58
27080,16.7
27081,16.98
27082,18.0
27083,19.08
27084,12.17
27085,14.6
27086,14.69
27087,15.67
27088,17.63
27089,18.06
27090,25.43
27091,30.83
27092,31.0
27093,32.22
27094,33.99
27095,35.76
27096,37.95
27097,24.87
27098,30.57
27099,31.22
27100,31.57
27101,33.72
27102,35.65
27103,39.1
27104,26.02
27105,29.43
27106,30.5
27107,31.42
27108,33.75
27109,35.4
27110,39.39
27111,25.74
27112,28.77
27113,29.64
27114,31.71
27115,34.35
27116,35.52
27117,39.37
27118,26.9
27119,29.56
27120,31.33
27121,34.41
27122,38.47
27123,38.62
27124,42.92
27125,27.25
27126,32.74
27127,32.89
27128,35.04
27129,38.3
27130,40.95
27131,43.72
27132,28.88
27133,32.64
27134,31.82
27135,35.55
27136,38.14
27137,40.01
27138,44.37
27139,27.85
27140,32.72
27141,32.85
27142,35.97
27143,37.59
27144,39.9
27145,42.9
27146,28.85
27147,32.49
27148,31.45
27149,41.83
27150,45.68
27151,47.82
27152,50.92
27153,33.53
27154,38.51
27155,38.61
27156,40.41
27157,44.54
27158,50.07
27159,49.23
27160,33.27
27161,39.48
27162,39.59
27163,41.03
27164,44.14
27165,48.71
27166,49.53
27167,32.41
27168,37.62
27169,39.78
27170,41.87
27171,45.56
27172,49.28
27173,47.79
27174,32.76
27175,37.7
27176,38.42
27177,43.43
27178,45.6
27179,49.8
27180,15.59
27181,18.49
27182,18.33
27183,18.65
27184,20.76
27185,21.91
27186,23.58
27187,15.88
27188,18.48
27189,18.56
27190,19.49
27191,21.01
27192,21.62
27193,24.23
27194,16.96
27195,18.66
27196,19.03
27197,19.17
27198,21.14
27199,22.16
27200,24.07
27201,16.68
27202,18.72
27203,18.86
27204,19.83
27205,21.32
27206,23.14
27207,24.94
27208,16.5
27209,18.5
27210,18.87
27211,22.36
27212,23.86
27213,25.6
27214,26.59
27215,17.67
27216,21.14
27217,20.37
27218,22.22
27219,24.07
27220,26.91
27221,26.32
27222,18.37
27223,20.35
27224,20.48
27225,22.23
27226,24.31
27227,25.76
27228,27.14
27229,18.63
27230,20.61
27231,20.56
27232,22.61
27233,23.79
27234,25.59
27235,27.15
27236,18.54
27237,20.86
27238,20.72
27239,25.6
27240,28.21
27241,31.34
27242,30.49
27243,21.77
27244,24.96
27245,24.75
27246,26.77
27247,27.73
27248,30.58
27249,30.62
27250,20.89
27251,24.34
27252,24.39
27253,26.43
27254,27.91
27255,30.19
27256,31.54
27257,20.63
27258,23.71
27259,25.14
27260,26.16
27261,28.46
27262,31.16
27263,31.88
27264,20.55
27265,24.62
27266,25.66
27267,27.6
27268,29.44
27269,30.62
27270,9.7
27271,10.71
27272,10.25
27273,11.63
27274,11.95
27275,12.2
27276,14.6
27277,9.19
27278,10.97
27279,10.6
27280,11.12
27281,12.24
27282,13.39
27283,14.72
27284,9.21
27285,10.89
27286,11.73
27287,11.99
27288,12.32
27289,13.88
27290,14.15
27291,9.33
27292,10.87
27293,10.89
27294,10.94
27295,12.16
27296,12.2
27297,14.44
27298,9.58
27299,11.13
27300,11.89
27301,13.27
27302,13.74
27303,15.0
27304,15.25
27305,11.05
27306,12.07
27307,12.25
27308,13.06
27309,13.87
27310,14.48
27311,16.39
27312,11.54
27313,12.18
27314,12.29
27315,12.61
27316,14.39
27317,14.03
27318,15.16
27319,10.77
27320,12.64
27321,12.4
27322,12.85
27323,13.74
27324,15.0
27325,17.03
27326,10.8
27327,12.58
27328,12.06
27329,16.41
27330,16.89
27331,17.74
27332,18.62
27333,12.92
27334,15.26
27335,15.01
27336,15.1
27337,16.16
27338,17.47
27339,18.58
27340,12.95
27341,15.03
27342,14.91
27343,15.11
27344,17.57
27345,17.96
27346,18.09
27347,12.8
27348,14.65
27349,14.51
27350,15.1
27351,16.04
27352,17.92
27353,18.19
27354,11.16
27355,14.51
27356,14.81
27357,15.87
27358,16.48
27359,17.52
27360,8.43
27361,8.63
27362,9.78
27363,10.12
27364,10.5
27365,10.12
27366,12.37
27367,7.73
27368,8.57
27369,8.33
27370,9.86
27371,10.39
27372,10.76
27373,12.66
27374,8.12
27375,8.9
27376,8.66
27377,9.8
27378,10.71
27379,10.54
27380,10.56
27381,8.01
27382,9.18
27383,9.22
27384,10.77
27385,11.17
27386,11.39
27387,11.46
27388,7.84
27389,8.89
27390,9.52
27391,11.72
27392,12.14
27393,12.4
27394,12.31
27395,9.03
27396,10.4
27397,10.46
27398,10.3
27399,11.44
27400,12.08
27401,12.33
27402,9.48
27403,10.46
27404,10.24
27405,11.38
27406,11.22
27407,12.2
27408,12.61
27409,9.04
27410,10.35
27411,9.76
27412,10.68
27413,10.83
27414,12.57
27415,13.47
27416,9.2
27417,10.54
27418,9.97
27419,13.23
27420,14.46
27421,15.67
27422,14.93
27423,11.19
27424,12.14
27425,12.26
27426,13.38
27427,14.71
27428,15.4
27429,15.71
27430,10.82
27431,12.77
27432,12.54
27433,14.46
27434,14.46
27435,14.36
27436,15.75
27437,10.44
27438,12.46
27439,13.28
27440,14.03
27441,14.42
27442,14.48
27443,14.67
27444,10.0
27445,12.46
27446,12.69
27447,13.91
27448,13.74
27449,13.93
27450,24.35
27451,30.1
27452,30.95
27453,31.9
27454,34.14
27455,38.02
27456,38.34
27457,25.65
27458,28.84
27459,29.76
27460,31.7
27461,34.15
27462,37.55
27463,38.18
27464,25.24
27465,29.28
27466,30.16
27467,32.14
27468,34.41
27469,37.09
27470,37.37
27471,25.31
27472,28.5
27473,30.57
27474,30.73
27475,33.25
27476,37.54
27477,40.02
27478,25.22
27479,29.89
27480,30.67
27481,34.68
27482,37.89
27483,41.51
27484,42.98
27485,28.31
27486,33.37
27487,33.35
27488,35.36
27489,37.83
27490,41.3
27491,43.09
27492,28.65
27493,32.91
27494,32.76
27495,35.15
27496,37.02
27497,40.48
27498,41.91
27499,28.28
27500,32.69
27501,32.32
27502,36.24
27503,36.2
27504,40.21
27505,42.03
27506,28.88
27507,32.9
27508,32.18
27509,41.82
27510,44.45
27511,48.92
27512,52.41
27513,34.52
27514,38.19
27515,38.68
27516,41.36
27517,44.92
27518,47.6
27519,51.82
27520,34.63
27521,38.1
27522,38.99
27523,41.81
27524,46.29
27525,48.8
27526,52.44
27527,33.31
27528,37.78
27529,39.56
27530,42.87
27531,46.43
27532,47.95
27533,51.75
27534,33.43
27535,38.1
27536,39.6
27537,42.87
27538,45.28
27539,48.4
27540,26.62
27541,30.93
27542,30.16
27543,31.59
27544,34.45
27545,36.39
27546,37.16
27547,25.03
27548,29.95
27549,30.15
27550,32.6
27551,33.92
27552,36.58
27553,38.11
27554,25.87
27555,29.7
27556,29.22
27557,33.13
27558,32.58
27559,36.37
27560,38.9
27561,26.32
27562,30.96
27563,29.21
27564,32.0
27565,34.28
27566,36.65
27567,38.28
27568,25.98
27569,29.24
27570,31.22
27571,34.68
27572,39.5
27573,40.72
27574,43.67
27575,28.59
27576,31.8
27577,33.7
27578,35.73
27579,37.9
27580,40.94
27581,42.64
27582,29.05
27583,33.4
27584,33.01
27585,35.67
27586,38.04
27587,41.2
27588,44.02
27589,29.07
27590,32.28
27591,32.5
27592,34.35
27593,37.59
27594,40.38
27595,43.86
27596,28.35
27597,34.11
27598,32.5
27599,42.32
27600,43.99
27601,48.77
27602,49.87
27603,33.09
27604,38.26
27605,39.01
27606,44.04
27607,43.82
27608,47.16
27609,50.87
27610,32.73
27611,38.14
27612,39.66
27613,42.15
27614,44.54
27615,48.12
27616,49.61
27617,32.61
27618,37.45
27619,38.57
27620,41.89
27621,45.21
27622,49.1
27623,50.07
27624,33.4
27625,38.69
27626,39.17
27627,43.23
27628,45.11
27629,47.96
27630,33.75
27631,40.64
27632,39.59
27633,41.86
27634,43.36
27635,47.76
27636,50.44
27637,35.57
27638,39.65
27639,38.47
27640,42.26
27641,45.01
27642,49.3
27643,50.08
27644,32.64
27645,39.89
27646,39.8
27647,42.6
27648,44.92
27649,49.06
27650,50.39
27651,35.92
27652,39.9
27653,40.62
27654,41.47
27655,46.21
27656,47.2
27657,49.39
27658,34.22
27659,39.75
27660,40.39
27661,45.54
27662,49.09
27663,54.08
27664,55.51
27665,39.71
27666,43.94
27667,43.03
27668,45.62
27669,49.26
27670,51.31
27671,55.01
27672,36.93
27673,42.87
27674,42.71
27675,45.43
27676,49.58
27677,52.59
27678,54.86
27679,37.64
27680,42.97
27681,43.16
27682,46.9
27683,49.2
27684,51.62
27685,57.17
27686,37.09
27687,42.76
27688,42.14
27689,55.53
27690,62.28
27691,63.63
27692,64.8
27693,44.96
27694,53.09
27695,52.1
27696,56.63
27697,61.77
27698,64.8
27699,65.7
27700,43.03
27701,50.3
27702,50.41
27703,56.61
27704,60.96
27705,64.25
27706,66.86
27707,45.85
27708,50.92
27709,51.67
27710,56.23
27711,61.35
27712,64.06
27713,66.45
27714,44.35
27715,50.85
27716,50.43
27717,54.91
27718,60.49
27719,63.87
27720,22.65
27721,26.33
27722,25.91
27723,27.99
27724,29.64
27725,31.71
27726,32.8
27727,21.71
27728,26.63
27729,26.87
27730,27.8
27731,30.46
27732,32.92
27733,33.16
27734,22.32
27735,25.74
27736,27.06
27737,27.62
27738,30.6
27739,31.85
27740,34.0
27741,21.44
27742,25.57
27743,25.44
27744,28.22
27745,29.75
27746,31.9
27747,35.24
27748,21.46
27749,24.91
27750,27.09
27751,30.8
27752,32.69
27753,35.32
27754,36.86
27755,24.62
27756,28.39
27757,29.57
27758,30.57
27759,33.73
27760,35.7
27761,37.33
27762,24.48
27763,29.52
27764,30.34
27765,31.59
27766,32.11
27767,37.1
27768,38.48
27769,24.74
27770,29.2
27771,28.38
27772,30.86
27773,34.26
27774,35.98
27775,39.54
27776,25.84
27777,30.0
27778,29.68
27779,36.6
27780,41.61
27781,44.23
27782,45.14
27783,30.7
27784,36.44
27785,34.81
27786,37.12
27787,39.96
27788,42.73
27789,44.05
27790,29.64
27791,34.39
27792,34.73
27793,37.01
27794,38.68
27795,43.54
27796,43.55
27797,30.13
27798,34.52
27799,34.13
27800,37.68
27801,39.8
27802,43.39
27803,43.62
27804,29.8
27805,35.16
27806,34.58
27807,37.74
27808,38.01
27809,42.43
27810,32.3
27811,36.95
27812,37.88
27813,39.99
27814,42.22
27815,44.85
27816,48.04
27817,31.74
27818,37.33
27819,37.64
27820,37.91
27821,42.82
27822,45.33
27823,48.65
27824,31.42
27825,36.38
27826,38.17
27827,38.68
27828,42.98
27829,46.31
27830,48.57
27831,29.76
27832,38.19
27833,38.27
27834,38.65
27835,42.04
27836,43.53
27837,49.03
27838,31.91
27839,37.34
27840,39.66
27841,43.47
27842,48.34
27843,48.12
27844,54.87
27845,34.86
27846,42.56
27847,43.95
27848,43.08
27849,46.98
27850,49.16
27851,50.86
27852,34.23
27853,41.81
27854,40.3
27855,42.97
27856,48.6
27857,51.89
27858,53.56
27859,34.79
27860,42.5
27861,41.88
27862,44.22
27863,47.05
27864,48.81
27865,51.89
27866,35.79
27867,41.02
27868,40.62
27869,54.55
27870,55.66
27871,60.2
27872,62.54
27873,43.62
27874,50.48
27875,49.07
27876,54.38
27877,55.26
27878,61.9
27879,63.7
27880,43.64
27881,49.82
27882,50.06
27883,52.97
27884,56.19
27885,61.46
27886,63.36
27887,40.4
27888,50.04
27889,50.17
27890,53.32
27891,56.85
27892,60.52
27893,64.77
27894,43.89
27895,48.72
27896,50.2
27897,52.27
27898,54.54
27899,60.37
27900,30.45
27901,33.95
27902,34.92
27903,38.47
27904,40.21
27905,41.6
27906,45.67
27907,29.77
27908,34.58
27909,35.57
27910,37.25
27911,40.68
27912,42.91
27913,44.14
27914,29.99
27915,34.57
27916,35.54
27917,37.65
27918,40.95
27919,42.29
27920,42.8
27921,30.35
27922,35.09
27923,35.47
27924,39.43
27925,41.26
27926,41.44
27927,43.61
27928,30.25
27929,35.51
27930,37.4
27931,43.39
27932,43.41
27933,48.81
27934,48.43
27935,32.86
27936,41.44
27937,41.56
27938,41.91
27939,44.6
27940,48.75
27941,49.67
27942,33.07
27943,40.22
27944,39.88
27945,42.62
27946,44.16
27947,46.82
27948,46.96
27949,32.59
27950,39.52
27951,40.11
27952,42.13
27953,45.93
27954,48.84
27955,48.74
27956,33.5
27957,39.54
27958,40.78
27959,48.58
27960,53.69
27961,57.04
27962,56.97
27963,41.59
27964,48.33
27965,47.73
27966,50.33
27967,51.79
27968,57.25
27969,60.55
27970,40.61
27971,46.55
27972,47.25
27973,49.47
27974,53.59
27975,56.62
27976,60.15
27977,40.22
27978,45.91
27979,46.99
27980,49.06
27981,53.2
27982,55.74
27983,61.88
27984,40.55
27985,46.77
27986,46.26
27987,48.73
27988,52.97
27989,56.57
27990,30.0
27991,35.08
27992,34.28
27993,37.84
27994,40.49
27995,43.17
27996,48.69
27997,30.2
27998,34.69
27999,35.14
28000,38.44
28001,40.84
28002,44.19
28003,47.64
28004,30.34
28005,34.82
28006,34.47
28007,36.65
28008,40.08
28009,42.46
28010,44.35
28011,29.09
28012,33.65
28013,33.5
28014,37.64
28015,41.17
28016,44.02
28017,47.3
28018,29.99
28019,34.93
28020,35.81
28021,41.46
28022,45.25
28023,47.78
28024,48.99
28025,33.53
28026,39.58
28027,39.22
28028,42.49
28029,45.57
28030,50.06
28031,50.01
28032,33.03
28033,38.88
28034,39.0
28035,42.47
28036,44.68
28037,48.15
28038,49.95
28039,33.5
28040,38.82
28041,38.22
28042,42.32
28043,44.42
28044,46.52
28045,50.77
28046,34.55
28047,38.32
28048,38.92
28049,50.94
28050,52.67
28051,58.98
28052,59.48
28053,41.6
28054,49.02
28055,47.63
28056,49.73
28057,53.16
28058,58.29
28059,59.35
28060,40.27
28061,47.63
28062,46.9
28063,49.34
28064,54.86
28065,60.26
28066,62.55
28067,41.06
28068,47.33
28069,46.98
28070,50.57
28071,54.53
28072,58.56
28073,61.49
28074,40.32
28075,46.66
28076,46.81
28077,50.95
28078,55.51
28079,56.62
28080,36.03
28081,43.33
28082,42.62
28083,45.66
28084,49.32
28085,53.96
28086,52.41
28087,38.84
28088,42.87
28089,43.68
28090,46.22
28091,51.07
28092,52.78
28093,57.95
28094,35.44
28095,43.16
28096,42.18
28097,45.63
28098,48.3
28099,52.27
28100,54.97
28101,36.61
28102,42.53
28103,42.86
28104,46.34
28105,48.74
28106,51.04
28107,54.98
28108,36.02
28109,42.27
28110,42.58
28111,50.01
28112,54.64
28113,56.79
28114,60.06
28115,40.67
28116,48.39
28117,47.04
28118,49.76
28119,52.97
28120,57.38
28121,59.31
28122,39.57
28123,46.84
28124,47.23
28125,50.89
28126,53.85
28127,55.46
28128,60.56
28129,41.05
28130,49.1
28131,46.95
28132,49.22
28133,54.36
28134,57.65
28135,61.58
28136,39.9
28137,48.65
28138,45.33
28139,60.02
28140,65.33
28141,71.13
28142,76.44
28143,49.49
28144,58.83
28145,54.71
28146,59.95
28147,63.93
28148,70.24
28149,74.17
28150,47.48
28151,56.58
28152,55.42
28153,59.8
28154,65.85
28155,71.21
28156,74.35
28157,49.02
28158,56.03
28159,57.46
28160,58.69
28161,66.35
28162,70.24
28163,74.3
28164,46.56
28165,56.49
28166,57.81
28167,60.07
28168,64.74
28169,71.42
28170,26.57
28171,28.79
28172,30.05
28173,33.2
28174,35.47
28175,36.99
28176,36.96
28177,26.5
28178,30.57
28179,28.54
28180,31.64
28181,33.93
28182,35.76
28183,35.54
28184,25.33
28185,30.62
28186,29.2
28187,31.15
28188,34.96
28189,36.52
28190,37.71
28191,25.68
28192,29.79
28193,29.23
28194,32.3
28195,33.81
28196,36.26
28197,38.97
28198,25.51
28199,29.21
28200,31.43
28201,35.07
28202,38.37
28203,40.15
28204,41.58
28205,27.37
28206,31.94
28207,33.12
28208,35.38
28209,38.27
28210,41.71
28211,43.34
28212,27.76
28213,32.12
28214,33.8
28215,35.13
28216,37.99
28217,42.03
28218,42.3
28219,28.12
28220,32.47
28221,33.4
28222,35.1
28223,37.81
28224,40.16
28225,43.11
28226,28.94
28227,32.62
28228,33.0
28229,42.33
28230,46.29
28231,49.42
28232,51.85
28233,32.58
28234,40.95
28235,39.55
28236,42.45
28237,44.26
28238,46.91
28239,48.56
28240,32.59
28241,38.25
28242,39.45
28243,41.88
28244,45.01
28245,47.24
28246,52.41
28247,33.73
28248,38.06
28249,38.97
28250,41.97
28251,44.17
28252,47.93
28253,53.38
28254,34.06
28255,38.75
28256,38.36
28257,42.32
28258,44.28
28259,49.38
28260,38.45
28261,44.64
28262,43.82
28263,47.62
28264,52.0
28265,55.45
28266,58.74
28267,37.46
28268,43.92
28269,43.84
28270,48.72
28271,48.71
28272,55.49
28273,57.07
28274,39.83
28275,44.77
28276,47.55
28277,49.29
28278,52.43
28279,52.93
28280,54.52
28281,37.15
28282,44.43
28283,44.51
28284,47.08
28285,52.23
28286,53.6
28287,57.24
28288,35.72
28289,43.07
28290,44.65
28291,52.27
28292,56.39
28293,60.38
28294,62.66
28295,44.74
28296,48.76
28297,48.21
28298,52.52
28299,56.76
28300,57.03
28301,62.7
28302,41.53
28303,48.14
28304,49.43
28305,52.61
28306,56.52
28307,61.48
28308,63.57
28309,42.09
28310,47.96
28311,48.97
28312,51.06
28313,56.66
28314,60.65
28315,64.96
28316,41.25
28317,49.81
28318,47.96
28319,59.75
28320,66.88
28321,72.12
28322,73.6
28323,50.72
28324,58.21
28325,57.78
28326,61.93
28327,67.53
28328,70.79
28329,72.29
28330,49.68
28331,56.86
28332,57.38
28333,60.94
28334,68.6
28335,71.1
28336,76.42
28337,50.83
28338,57.01
28339,57.96
28340,62.53
28341,67.28
28342,71.91
28343,75.94
28344,50.75
28345,56.7
28346,59.29
28347,62.23
28348,65.83
28349,73.56
28350,10.84
28351,11.9
28352,12.26
28353,14.03
28354,14.4
28355,15.59
28356,16.57
28357,11.09
28358,12.9
28359,11.83
28360,14.17
28361,14.59
28362,15.66
28363,16.37
28364,11.55
28365,12.53
28366,12.88
28367,13.68
28368,15.25
28369,15.37
28370,16.33
28371,10.69
28372,13.06
28373,13.1
28374,14.12
28375,14.37
28376,15.09
28377,15.76
28378,10.8
28379,12.32
28380,13.41
28381,15.43
28382,15.77
28383,17.82
28384,18.63
28385,12.42
28386,13.55
28387,13.9
28388,14.91
28389,15.32
28390,18.08
28391,18.3
28392,12.14
28393,14.04
28394,13.82
28395,15.31
28396,15.53
28397,16.77
28398,18.15
28399,11.65
28400,13.89
28401,14.07
28402,15.25
28403,16.02
28404,17.67
28405,18.39
28406,12.04
28407,14.02
28408,14.11
28409,18.24
28410,19.88
28411,20.71
28412,21.63
28413,14.34
28414,17.33
28415,16.32
28416,17.36
28417,19.03
28418,21.13
28419,21.69
28420,13.92
28421,16.9
28422,16.34
28423,18.58
28424,19.07
28425,20.67
28426,21.82
28427,13.77
28428,16.83
28429,16.16
28430,17.97
28431,19.4
28432,20.46
28433,21.59
28434,14.24
28435,16.42
28436,16.67
28437,18.36
28438,19.47
28439,20.58
28440,14.37
28441,17.55
28442,16.96
28443,17.76
28444,19.2
28445,20.38
28446,22.12
28447,14.5
28448,17.06
28449,17.25
28450,18.53
28451,19.35
28452,20.52
28453,22.2
28454,14.08
28455,16.32
28456,17.07
28457,17.67
28458,19.17
28459,20.93
28460,21.88
28461,14.54
28462,16.81
28463,17.39
28464,18.4
28465,19.47
28466,20.67
28467,21.05
28468,14.24
28469,16.58
28470,17.34
28471,19.8
28472,21.34
28473,21.57
28474,22.3
28475,15.55
28476,18.21
28477,18.56
28478,19.2
28479,21.04
28480,22.3
28481,23.64
28482,15.35
28483,18.11
28484,18.5
28485,18.9
28486,21.04
28487,22.63
28488,24.05
28489,14.84
28490,18.75
28491,18.45
28492,20.38
28493,20.79
28494,22.54
28495,24.22
28496,14.91
28497,18.53
28498,18.42
28499,23.5
28500,24.82
28501,28.02
28502,28.19
28503,18.57
28504,22.03
28505,22.8
28506,23.32
28507,24.55
28508,27.86
28509,27.65
28510,19.67
28511,21.48
28512,22.32
28513,24.24
28514,25.47
28515,25.83
28516,29.73
28517,19.07
28518,22.4
28519,22.13
28520,24.47
28521,26.4
28522,25.91
28523,29.77
28524,18.77
28525,22.51
28526,22.58
28527,24.27
28528,25.76
28529,26.76
28530,35.51
28531,42.57
28532,43.16
28533,48.23
28534,50.45
28535,52.63
28536,54.03
28537,36.27
28538,42.37
28539,42.18
28540,46.44
28541,50.63
28542,51.07
28543,52.11
28544,38.04
28545,45.12
28546,43.61
28547,44.97
28548,48.79
28549,52.17
28550,55.41
28551,36.53
28552,42.99
28553,41.84
28554,45.83
28555,48.06
28556,52.61
28557,53.99
28558,37.5
28559,41.8
28560,42.99
28561,49.34
28562,52.55
28563,58.37
28564,61.03
28565,41.31
28566,48.98
28567,47.95
28568,52.46
28569,51.77
28570,58.96
28571,59.57
28572,40.32
28573,44.42
28574,48.55
28575,51.52
28576,54.86
28577,57.01
28578,59.31
28579,40.81
28580,46.15
28581,48.87
28582,51.18
28583,55.92
28584,58.85
28585,58.97
28586,39.14
28587,45.53
28588,48.68
28589,59.77
28590,66.62
28591,68.92
28592,72.1
28593,48.97
28594,54.14
28595,59.26
28596,61.41
28597,65.7
28598,67.26
28599,72.23
28600,49.39
28601,56.47
28602,57.52
28603,60.79
28604,67.65
28605,69.36
28606,73.62
28607,49.1
28608,56.81
28609,56.6
28610,61.5
28611,64.79
28612,69.24
28613,73.6
28614,48.67
28615,57.04
28616,57.6
28617,60.61
28618,66.53
28619,70.16
28620,17.53
28621,19.56
28622,20.24
28623,22.15
28624,23.26
28625,25.27
28626,25.36
28627,16.88
28628,20.9
28629,19.6
28630,21.81
28631,23.15
28632,26.09
28633,26.18
28634,17.49
28635,20.1
28636,20.9
28637,21.88
28638,22.94
28639,25.0
28640,27.41
28641,17.39
28642,19.93
28643,19.79
28644,21.86
28645,22.04
28646,24.08
28647,26.27
28648,17.54
28649,20.49
28650,20.12
28651,23.34
28652,25.99
28653,27.27
28654,29.47
28655,20.05
28656,22.68
28657,23.03
28658,23.62
28659,24.19
28660,27.2
28661,29.52
28662,19.63
28663,22.15
28664,22.33
28665,23.38
28666,24.87
28667,27.61
28668,28.65
28669,19.8
28670,22.48
28671,22.41
28672,23.95
28673,25.58
28674,28.46
28675,28.0
28676,19.42
28677,22.52
28678,22.64
28679,28.94
28680,30.99
28681,34.63
28682,33.73
28683,23.72
28684,27.14
28685,28.18
28686,28.64
28687,31.34
28688,33.2
28689,33.96
28690,23.28
28691,28.44
28692,27.62
28693,30.13
28694,31.83
28695,33.51
28696,35.27
28697,23.2
28698,26.89
28699,27.13
28700,27.76
28701,31.57
28702,32.59
28703,35.44
28704,23.39
28705,28.05
28706,28.18
28707,30.28
28708,31.28
28709,34.08
28710,20.15
28711,24.13
28712,23.99
28713,25.9
28714,27.25
28715,30.18
28716,31.45
28717,21.02
28718,23.59
28719,24.02
28720,25.44
28721,26.31
28722,29.12
28723,32.66
28724,21.15
28725,23.53
28726,24.88
28727,26.34
28728,26.69
28729,29.61
28730,30.26
28731,20.43
28732,24.29
28733,24.61
28734,25.69
28735,27.18
28736,30.18
28737,31.91
28738,20.29
28739,23.12
28740,26.42
28741,28.07
28742,29.89
28743,31.64
28744,33.44
28745,22.9
28746,26.5
28747,28.94
28748,29.63
28749,31.47
28750,31.6
28751,34.58
28752,22.89
28753,26.42
28754,28.33
28755,29.84
28756,30.31
28757,32.96
28758,34.79
28759,22.89
28760,27.01
28761,27.47
28762,29.7
28763,30.18
28764,33.49
28765,34.19
28766,23.28
28767,26.28
28768,27.31
28769,34.55
28770,36.67
28771,40.35
28772,43.39
28773,28.03
28774,31.79
28775,33.29
28776,34.73
28777,37.01
28778,39.3
28779,41.46
28780,28.69
28781,31.65
28782,32.9
28783,34.95
28784,36.41
28785,37.7
28786,40.38
28787,27.31
28788,31.99
28789,32.13
28790,34.44
28791,33.99
28792,36.89
28793,39.93
28794,26.92
28795,31.63
28796,32.25
28797,34.3
28798,35.85
28799,37.06
28800,17.25
28801,19.8
28802,20.36
28803,21.54
28804,24.16
28805,24.4
28806,25.76
28807,17.54
28808,19.44
28809,20.28
28810,22.36
28811,23.1
28812,23.9
28813,27.88
28814,17.92
28815,19.74
28816,20.19
28817,21.94
28818,22.95
28819,24.48
28820,26.09
28821,17.78
28822,19.67
28823,20.39
28824,21.67
28825,23.19
28826,24.82
28827,26.09
28828,17.69
28829,19.85
28830,21.56
28831,23.95
28832,25.29
28833,27.77
28834,27.49
28835,19.8
28836,22.03
28837,23.71
28838,25.11
28839,25.88
28840,26.33
28841,28.81
28842,19.29
28843,21.67
28844,22.3
28845,24.76
28846,25.99
28847,27.19
28848,28.01
28849,19.71
28850,21.47
28851,22.37
28852,25.28
28853,25.25
28854,26.76
28855,28.56
28856,19.64
28857,21.84
28858,21.83
28859,29.45
28860,28.65
28861,32.63
28862,34.51
28863,22.36
28864,27.11
28865,26.87
28866,29.23
28867,29.59
28868,33.45
28869,35.2
28870,23.81
28871,27.33
28872,26.43
28873,29.11
28874,32.07
28875,33.35
28876,35.5
28877,22.65
28878,27.28
28879,26.57
28880,29.48
28881,30.68
28882,32.75
28883,35.49
28884,23.22
28885,26.84
28886,27.45
28887,29.07
28888,30.31
28889,31.1
28890,36.26
28891,41.66
28892,40.07
28893,43.37
28894,46.51
28895,49.08
28896,55.22
28897,35.01
28898,40.4
28899,41.38
28900,44.57
28901,47.17
28902,49.94
28903,53.54
28904,35.63
28905,39.57
28906,41.42
28907,45.78
28908,47.34
28909,51.96
28910,54.02
28911,35.22
28912,41.68
28913,41.07
28914,44.24
28915,48.09
28916,50.98
28917,53.4
28918,34.17
28919,41.06
28920,42.21
28921,50.33
28922,52.29
28923,55.14
28924,58.7
28925,36.95
28926,45.28
28927,45.31
28928,48.74
28929,54.46
28930,56.37
28931,60.92
28932,38.44
28933,44.9
28934,44.97
28935,48.08
28936,51.63
28937,56.68
28938,58.49
28939,40.57
28940,46.43
28941,45.93
28942,51.3
28943,50.6
28944,54.98
28945,59.52
28946,38.29
28947,45.06
28948,42.45
28949,57.86
28950,61.48
28951,64.52
28952,70.82
28953,46.82
28954,55.48
28955,53.02
28956,57.74
28957,60.44
28958,61.52
28959,71.24
28960,48.0
28961,53.7
28962,53.66
28963,57.37
28964,59.55
28965,62.37
28966,68.39
28967,47.46
28968,53.91
28969,54.15
28970,57.89
28971,61.01
28972,66.1
28973,70.22
28974,47.06
28975,52.57
28976,53.72
28977,57.76
28978,60.02
28979,66.59
28980,12.84
28981,15.08
28982,14.47
28983,15.8
28984,16.81
28985,17.83
28986,18.72
28987,13.04
28988,14.58
28989,15.15
28990,15.34
28991,16.65
28992,18.04
28993,19.81
28994,12.4
28995,14.68
28996,15.58
28997,16.14
28998,17.85
28999,17.45
29000,19.16
29001,12.11
29002,14.93
29003,15.24
29004,16.35
29005,17.39
29006,18.0
29007,18.8
29008,12.23
29009,15.45
29010,15.8
29011,17.46
29012,18.24
29013,21.51
29014,21.74
29015,13.72
29016,16.6
29017,15.99
29018,17.4
29019,18.38
29020,20.23
29021,22.24
29022,13.85
29023,16.33
29024,15.96
29025,16.9
29026,19.32
29027,20.66
29028,20.88
29029,13.47
29030,17.5
29031,15.76
29032,17.59
29033,18.62
29034,19.79
29035,20.54
29036,13.82
29037,17.21
29038,15.5
29039,21.41
29040,22.27
29041,24.59
29042,24.84
29043,16.83
29044,20.16
29045,19.78
29046,20.29
29047,21.69
29048,23.32
29049,24.74
29050,16.93
29051,20.28
29052,19.51
29053,21.45
29054,22.05
29055,23.83
29056,24.83
29057,16.64
29058,19.7
29059,19.56
29060,20.59
29061,21.81
29062,24.77
29063,25.96
29064,16.73
29065,19.81
29066,19.59
29067,20.7
29068,21.95
29069,24.76
29070,27.61
29071,32.03
29072,32.51
29073,36.12
29074,39.68
29075,41.07
29076,43.03
29077,27.13
29078,32.75
29079,34.89
29080,35.51
29081,38.64
29082,39.21
29083,42.94
29084,28.19
29085,33.18
29086,34.98
29087,36.36
29088,38.26
29089,41.86
29090,42.42
29091,29.13
29092,34.36
29093,33.89
29094,36.73
29095,38.95
29096,41.59
29097,43.61
29098,28.14
29099,32.68
29100,34.43
29101,40.52
29102,42.67
29103,46.71
29104,47.89
29105,29.99
29106,36.53
29107,37.79
29108,40.0
29109,43.39
29110,47.55
29111,50.53
29112,31.87
29113,36.94
29114,37.84
29115,40.31
29116,42.16
29117,44.75
29118,47.81
29119,31.59
29120,37.17
29121,36.88
29122,39.48
29123,42.47
29124,44.89
29125,47.65
29126,31.53
29127,36.3
29128,35.49
29129,47.39
29130,51.57
29131,51.88
29132,58.57
29133,38.42
29134,43.19
29135,43.95
29136,47.5
29137,50.11
29138,53.36
29139,56.69
29140,38.33
29141,43.19
29142,43.73
29143,47.01
29144,50.57
29145,54.8
29146,59.34
29147,39.28
29148,43.64
29149,44.49
29150,46.97
29151,51.68
29152,53.86
29153,56.79
29154,37.52
29155,43.73
29156,45.46
29157,48.57
29158,51.44
29159,52.79
29160,35.86
29161,39.62
29162,41.77
29163,44.55
29164,49.06
29165,51.01
29166,52.25
29167,34.11
29168,39.55
29169,40.84
29170,43.36
29171,46.78
29172,50.69
29173,50.56
29174,35.6
29175,39.75
29176,39.8
29177,43.59
29178,45.99
29179,49.89
29180,53.13
29181,34.29
29182,40.49
29183,39.03
29184,43.0
29185,47.09
29186,50.33
29187,55.58
29188,34.05
29189,40.78
29190,41.57
29191,47.0
29192,49.99
29193,55.58
29194,60.42
29195,39.09
29196,45.41
29197,44.28
29198,49.55
29199,53.15
29200,57.35
29201,60.42
29202,40.58
29203,44.49
29204,45.03
29205,48.48
29206,53.18
29207,57.54
29208,58.22
29209,39.18
29210,45.48
29211,44.35
29212,46.5
29213,53.11
29214,58.57
29215,61.61
29216,40.7
29217,44.44
29218,43.79
29219,56.46
29220,61.42
29221,64.01
29222,69.17
29223,47.68
29224,51.99
29225,54.78
29226,58.7
29227,61.76
29228,64.86
29229,69.4
29230,47.03
29231,54.79
29232,56.41
29233,57.87
29234,59.88
29235,67.11
29236,66.52
29237,45.64
29238,55.74
29239,53.73
29240,58.99
29241,60.76
29242,62.51
29243,66.63
29244,45.78
29245,53.99
29246,56.4
29247,59.71
29248,60.79
29249,61.91
29250,20.97
29251,23.17
29252,24.5
29253,25.15
29254,28.34
29255,28.82
29256,30.08
29257,20.12
29258,23.17
29259,23.83
29260,24.13
29261,26.84
29262,29.28
29263,31.14
29264,20.09
29265,23.8
29266,23.93
29267,25.86
29268,27.93
29269,28.88
29270,31.16
29271,20.62
29272,24.69
29273,23.2
29274,24.92
29275,28.45
29276,28.78
29277,31.27
29278,20.66
29279,23.84
29280,24.9
29281,28.87
29282,30.62
29283,31.79
29284,34.2
29285,22.51
29286,26.2
29287,27.07
29288,27.71
29289,32.48
29290,32.61
29291,34.68
29292,22.56
29293,25.78
29294,26.44
29295,27.68
29296,29.95
29297,32.36
29298,33.88
29299,22.24
29300,26.85
29301,26.34
29302,27.95
29303,31.82
29304,33.04
29305,32.94
29306,23.82
29307,27.28
29308,27.72
29309,33.11
29310,34.68
29311,37.8
29312,40.77
29313,28.44
29314,31.34
29315,32.57
29316,33.6
29317,35.62
29318,38.07
29319,39.94
29320,28.03
29321,31.24
29322,31.48
29323,33.22
29324,35.89
29325,37.22
29326,39.08
29327,26.96
29328,32.38
29329,31.85
29330,35.09
29331,35.13
29332,38.49
29333,41.5
29334,26.65
29335,32.81
29336,32.4
29337,34.9
29338,34.68
29339,38.8
29340,9.53
29341,11.5
29342,11.17
29343,11.56
29344,12.92
29345,13.19
29346,15.63
29347,9.49
29348,11.01
29349,10.97
29350,12.13
29351,12.76
29352,13.99
29353,15.05
29354,9.18
29355,10.88
29356,11.16
29357,11.61
29358,12.12
29359,14.21
29360,15.46
29361,9.36
29362,11.31
29363,10.34
29364,11.76
29365,12.49
29366,13.76
29367,13.92
29368,9.24
29369,10.62
29370,11.72
29371,13.9
29372,14.37
29373,14.66
29374,16.16
29375,11.1
29376,12.65
29377,12.37
29378,13.27
29379,14.46
29380,14.72
29381,15.74
29382,11.27
29383,11.71
29384,13.05
29385,13.23
29386,14.2
29387,14.34
29388,17.08
29389,10.83
29390,13.01
29391,12.2
29392,13.06
29393,14.03
29394,15.33
29395,16.57
29396,10.26
29397,11.79
29398,12.44
29399,16.29
29400,16.38
29401,16.45
29402,18.29
29403,12.41
29404,14.96
29405,14.9
29406,15.74
29407,17.31
29408,18.29
29409,19.73
29410,12.11
29411,14.98
29412,14.99
29413,15.57
29414,17.73
29415,17.9
29416,19.45
29417,12.32
29418,14.77
29419,14.66
29420,16.57
29421,17.19
29422,18.69
29423,19.63
29424,12.57
29425,14.82
29426,14.65
29427,16.01
29428,16.34
29429,17.64
29430,37.49
29431,45.88
29432,43.12
29433,48.01
29434,50.59
29435,53.36
29436,58.86
29437,38.31
29438,44.83
29439,44.92
29440,46.71
29441,50.43
29442,53.09
29443,58.44
29444,36.63
29445,44.95
29446,43.97
29447,47.92
29448,50.8
29449,53.71
29450,57.27
29451,38.31
29452,46.52
29453,43.53
29454,47.68
29455,49.11
29456,54.63
29457,57.0
29458,36.19
29459,44.03
29460,44.45
29461,53.11
29462,56.31
29463,61.77
29464,65.22
29465,41.87
29466,47.34
29467,48.59
29468,52.35
29469,56.14
29470,63.51
29471,64.82
29472,42.68
29473,51.24
29474,50.05
29475,53.06
29476,55.33
29477,63.51
29478,66.67
29479,40.24
29480,51.03
29481,49.03
29482,52.53
29483,56.26
29484,61.7
29485,64.33
29486,43.09
29487,49.91
29488,45.7
29489,61.82
29490,68.23
29491,74.5
29492,71.28
29493,49.66
29494,59.26
29495,57.27
29496,62.24
29497,66.92
29498,73.34
29499,74.85
29500,49.82
29501,59.21
29502,59.22
29503,62.2
29504,65.9
29505,69.0
29506,74.65
29507,49.41
29508,58.93
29509,57.46
29510,61.73
29511,65.45
29512,71.05
29513,75.38
29514,50.47
29515,60.07
29516,59.72
29517,61.04
29518,66.43
29519,69.33
29520,29.21
29521,34.83
29522,35.24
29523,38.07
29524,40.36
29525,43.86
29526,44.64
29527,30.17
29528,33.61
29529,35.69
29530,38.01
29531,41.43
29532,42.56
29533,44.03
29534,30.04
29535,34.03
29536,34.93
29537,37.91
29538,42.52
29539,42.35
29540,43.54
29541,30.45
29542,34.92
29543,34.81
29544,38.08
29545,39.7
29546,41.91
29547,43.56
29548,29.66
29549,33.6
29550,36.44
29551,43.07
29552,45.06
29553,45.53
29554,49.3
29555,33.11
29556,39.02
29557,39.45
29558,42.0
29559,43.98
29560,46.86
29561,50.19
29562,33.56
29563,38.94
29564,39.36
29565,41.49
29566,45.76
29567,48.71
29568,51.57
29569,33.49
29570,39.76
29571,39.59
29572,42.14
29573,45.65
29574,46.54
29575,51.84
29576,33.93
29577,40.33
29578,39.13
29579,49.7
29580,53.85
29581,55.54
29582,60.97
29583,40.15
29584,47.25
29585,47.3
29586,49.42
29587,54.6
29588,59.36
29589,62.04
29590,39.89
29591,46.46
29592,46.94
29593,49.74
29594,54.54
29595,59.44
29596,60.61
29597,37.76
29598,46.78
29599,47.08
29600,49.22
29601,53.18
29602,57.57
29603,59.97
29604,39.39
29605,46.86
29606,46.61
29607,49.35
29608,52.99
29609,55.3
29610,17.68
29611,21.45
29612,21.28
29613,21.6
29614,23.63
29615,24.12
29616,26.61
29617,17.41
29618,21.31
29619,20.9
29620,22.53
29621,23.57
29622,23.94
29623,26.25
29624,17.19
29625,19.8
29626,20.44
29627,21.8
29628,23.45
29629,24.67
29630,26.72
29631,17.67
29632,20.41
29633,20.19
29634,21.82
29635,23.27
29636,25.05
29637,27.39
29638,16.66
29639,20.53
29640,20.64
29641,23.93
29642,24.45
29643,27.27
29644,29.87
29645,18.47
29646,21.56
29647,21.15
29648,23.43
29649,24.71
29650,28.43
29651,29.91
29652,19.21
29653,22.17
29654,22.36
29655,24.89
29656,25.91
29657,27.79
29658,30.12
29659,19.13
29660,22.1
29661,21.74
29662,23.54
29663,24.86
29664,27.68
29665,29.89
29666,19.28
29667,22.1
29668,23.03
29669,27.99
29670,30.75
29671,32.98
29672,36.09
29673,22.87
29674,26.67
29675,26.19
29676,27.73
29677,31.48
29678,32.67
29679,35.39
29680,23.59
29681,25.87
29682,27.44
29683,27.86
29684,31.21
29685,32.74
29686,35.45
29687,22.89
29688,27.08
29689,27.03
29690,28.82
29691,31.54
29692,32.03
29693,34.74
29694,23.03
29695,25.97
29696,27.22
29697,29.09
29698,29.95
29699,32.63
29700,27.3
29701,30.49
29702,30.27
29703,32.54
29704,34.89
29705,36.79
29706,40.26
29707,27.21
29708,30.9
29709,28.69
29710,31.63
29711,34.47
29712,35.81
29713,39.86
29714,26.15
29715,29.26
29716,30.36
29717,31.66
29718,35.11
29719,37.4
29720,40.17
29721,26.58
29722,29.15
29723,30.22
29724,31.94
29725,34.81
29726,38.63
29727,38.57
29728,26.0
29729,29.7
29730,31.65
29731,36.17
29732,39.5
29733,42.97
29734,43.14
29735,28.76
29736,32.64
29737,33.53
29738,36.22
29739,39.99
29740,41.51
29741,42.86
29742,28.49
29743,33.34
29744,32.91
29745,36.63
29746,39.04
29747,41.02
29748,43.09
29749,30.18
29750,33.06
29751,33.97
29752,35.43
29753,38.69
29754,41.05
29755,42.74
29756,30.56
29757,34.79
29758,33.24
29759,42.72
29760,45.83
29761,49.83
29762,53.59
29763,34.91
29764,39.72
29765,39.72
29766,41.5
29767,45.57
29768,48.54
29769,52.87
29770,34.43
29771,38.67
29772,39.52
29773,42.68
29774,45.4
29775,47.92
29776,51.21
29777,33.51
29778,39.44
29779,38.59
29780,43.04
29781,43.64
29782,47.61
29783,51.36
29784,33.37
29785,38.73
29786,39.36
29787,40.96
29788,44.31
29789,48.1
29790,17.63
29791,21.93
29792,22.56
29793,23.65
29794,24.61
29795,27.54
29796,28.16
29797,17.57
29798,21.11
29799,22.21
29800,24.29
29801,25.4
29802,26.75
29803,27.24
29804,18.16
29805,20.58
29806,22.1
29807,23.53
29808,25.28
29809,28.11
29810,28.8
29811,18.91
29812,21.17
29813,21.52
29814,23.99
29815,24.33
29816,26.81
29817,28.7
29818,17.78
29819,21.38
29820,22.72
29821,25.89
29822,27.28
29823,29.34
29824,31.8
29825,20.68
29826,23.5
29827,23.86
29828,25.76
29829,27.24
29830,28.21
29831,33.7
29832,20.82
29833,23.73
29834,23.71
29835,26.66
29836,27.64
29837,30.18
29838,32.45
29839,21.31
29840,24.21
29841,23.6
29842,25.45
29843,27.92
29844,29.15
29845,31.17
29846,21.28
29847,24.32
29848,23.89
29849,31.57
29850,33.03
29851,36.5
29852,37.74
29853,25.24
29854,28.85
29855,28.95
29856,31.97
29857,33.18
29858,35.93
29859,36.46
29860,24.46
29861,29.1
29862,29.24
29863,31.03
29864,33.91
29865,34.95
29866,36.8
29867,25.54
29868,29.38
29869,29.26
29870,32.28
29871,33.77
29872,34.96
29873,37.86
29874,26.52
29875,29.36
29876,29.46
29877,31.99
29878,34.29
29879,37.29
29880,29.99
29881,34.35
29882,33.92
29883,38.05
29884,39.88
29885,42.38
29886,43.74
29887,29.99
29888,34.62
29889,35.23
29890,37.83
29891,40.51
29892,40.48
29893,45.26
29894,30.29
29895,35.39
29896,35.22
29897,37.61
29898,40.95
29899,41.63
29900,45.83
29901,30.15
29902,34.74
29903,35.19
29904,36.37
29905,40.43
29906,43.25
29907,43.73
29908,30.62
29909,33.92
29910,35.74
29911,41.88
29912,44.47
29913,47.34
29914,50.69
29915,33.12
29916,40.01
29917,39.48
29918,41.82
29919,44.02
29920,47.87
29921,51.89
29922,32.95
29923,37.06
29924,38.42
29925,41.44
29926,44.82
29927,48.29
29928,50.59
29929,33.45
29930,38.81
29931,38.95
29932,42.96
29933,43.9
29934,48.21
29935,48.99
29936,33.88
29937,37.88
29938,38.57
29939,48.88
29940,51.58
29941,56.45
29942,60.98
29943,40.49
29944,45.76
29945,47.08
29946,49.59
29947,53.44
29948,59.36
29949,58.66
29950,40.34
29951,47.28
29952,46.82
29953,51.08
29954,54.01
29955,59.82
29956,60.16
29957,39.75
29958,47.18
29959,47.64
29960,48.63
29961,53.32
29962,56.43
29963,59.51
29964,40.62
29965,45.14
29966,46.08
29967,48.8
29968,52.5
29969,57.46
29970,12.27
29971,12.89
29972,13.1
29973,14.22
29974,14.8
29975,15.89
29976,16.54
29977,11.77
29978,13.55
29979,13.16
29980,13.31
29981,14.31
29982,15.9
29983,16.47
29984,11.06
29985,13.42
29986,12.99
29987,13.78
29988,15.11
29989,15.93
29990,17.01
29991,11.22
29992,12.57
29993,12.81
29994,13.36
29995,14.37
29996,15.79
29997,16.75
29998,10.84
29999,12.93
30000,13.73
30001,15.11
30002,16.75
30003,18.68
30004,18.63
30005,12.38
30006,14.5
30007,14.42
30008,15.76
30009,16.01
30010,18.95
30011,18.69
30012,12.04
30013,14.49
30014,14.49
30015,15.43
30016,16.3
30017,17.71
30018,18.73
30019,12.36
30020,14.41
30021,14.74
30022,15.61
30023,16.11
30024,18.3
30025,18.32
30026,11.95
30027,14.43
30028,14.37
30029,18.72
30030,19.86
30031,22.03
30032,21.27
30033,14.34
30034,17.19
30035,17.1
30036,18.28
30037,20.39
30038,20.86
30039,22.58
30040,14.38
30041,17.1
30042,17.74
30043,18.91
30044,20.2
30045,21.86
30046,22.79
30047,14.82
30048,17.83
30049,17.24
30050,18.49
30051,19.43
30052,21.43
30053,22.62
30054,14.48
30055,17.6
30056,17.08
30057,18.31
30058,19.56
30059,20.53
30060,28.86
30061,32.3
30062,33.39
30063,36.62
30064,37.14
30065,39.78
30066,42.87
30067,28.06
30068,33.37
30069,33.43
30070,36.64
30071,38.87
30072,41.88
30073,44.39
30074,28.76
30075,32.84
30076,32.74
30077,36.9
30078,38.44
30079,38.67
30080,43.8
30081,29.63
30082,33.14
30083,34.56
30084,37.21
30085,37.51
30086,40.77
30087,43.79
30088,29.62
30089,33.57
30090,34.8
30091,40.42
30092,42.44
30093,45.86
30094,48.79
30095,32.05
30096,37.45
30097,37.69
30098,40.54
30099,43.24
30100,45.37
30101,49.71
30102,31.0
30103,38.09
30104,37.52
30105,40.28
30106,43.39
30107,46.77
30108,49.06
30109,29.64
30110,36.63
30111,36.78
30112,40.53
30113,41.83
30114,47.6
30115,48.11
30116,32.03
30117,37.13
30118,37.7
30119,48.24
30120,52.72
30121,56.67
30122,58.86
30123,38.56
30124,45.68
30125,45.67
30126,49.02
30127,52.77
30128,56.5
30129,58.49
30130,39.53
30131,45.14
30132,45.57
30133,49.33
30134,52.01
30135,54.19
30136,59.59
30137,38.97
30138,45.76
30139,44.81
30140,48.58
30141,51.4
30142,55.68
30143,57.82
30144,38.41
30145,44.53
30146,44.04
30147,46.9
30148,50.09
30149,55.04
30150,33.0
30151,38.85
30152,40.03
30153,40.4
30154,43.51
30155,46.46
30156,49.33
30157,32.9
30158,39.31
30159,39.42
30160,41.15
30161,45.15
30162,48.88
30163,50.51
30164,32.9
30165,38.65
30166,39.16
30167,41.36
30168,45.76
30169,48.22
30170,51.07
30171,33.98
30172,38.86
30173,40.07
30174,40.98
30175,43.28
30176,49.4
30177,54.44
30178,35.16
30179,38.06
30180,40.95
30181,47.94
30182,47.68
30183,56.88
30184,56.06
30185,36.43
30186,43.18
30187,43.25
30188,46.29
30189,45.93
30190,49.37
30191,55.4
30192,36.83
30193,43.97
30194,44.49
30195,47.17
30196,50.17
30197,52.46
30198,56.34
30199,37.59
30200,43.96
30201,43.66
30202,46.18
30203,49.24
30204,53.38
30205,58.18
30206,37.79
30207,44.13
30208,42.98
30209,55.46
30210,59.92
30211,62.43
30212,67.1
30213,44.36
30214,53.37
30215,52.87
30216,56.35
30217,59.52
30218,61.4
30219,65.99
30220,45.56
30221,52.05
30222,52.53
30223,56.46
30224,57.1
30225,62.31
30226,65.08
30227,43.63
30228,51.41
30229,51.8
30230,55.84
30231,56.71
30232,58.48
30233,65.46
30234,44.36
30235,51.14
30236,51.58
30237,55.46
30238,56.54
30239,61.06
30240,12.51
30241,15.06
30242,14.49
30243,15.69
30244,17.47
30245,18.34
30246,19.06
30247,12.76
30248,14.71
30249,14.38
30250,15.43
30251,16.68
30252,18.09
30253,19.18
30254,12.82
30255,14.82
30256,14.6
30257,15.64
30258,15.87
30259,18.38
30260,18.97
30261,12.95
30262,14.9
30263,14.92
30264,15.25
30265,16.69
30266,17.71
30267,19.03
30268,12.48
30269,14.68
30270,14.82
30271,17.0
30272,18.29
30273,19.53
30274,20.61
30275,13.47
30276,16.41
30277,16.37
30278,17.02
30279,18.78
30280,19.42
30281,20.96
30282,13.36
30283,16.32
30284,15.96
30285,16.89
30286,18.12
30287,19.55
30288,20.0
30289,13.64
30290,16.14
30291,16.46
30292,17.08
30293,18.37
30294,18.69
30295,20.12
30296,14.13
30297,16.33
30298,16.21
30299,20.42
30300,21.9
30301,23.24
30302,24.5
30303,16.1
30304,19.44
30305,19.29
30306,20.48
30307,20.74
30308,22.67
30309,23.83
30310,15.72
30311,19.31
30312,19.64
30313,21.48
30314,21.93
30315,23.36
30316,24.42
30317,15.89
30318,19.0
30319,19.89
30320,21.01
30321,21.83
30322,23.83
30323,24.96
30324,16.16
30325,19.22
30326,19.74
30327,21.29
30328,21.98
30329,24.29
30330,36.68
30331,40.43
30332,41.49
30333,43.22
30334,45.11
30335,49.06
30336,51.09
30337,35.7
30338,42.19
30339,39.85
30340,44.26
30341,47.26
30342,48.36
30343,51.02
30344,35.44
30345,40.3
30346,41.09
30347,43.32
30348,47.46
30349,49.61
30350,51.36
30351,35.3
30352,40.23
30353,41.16
30354,41.1
30355,46.08
30356,48.78
30357,51.19
30358,35.68
30359,39.95
30360,41.54
30361,47.05
30362,51.76
30363,53.55
30364,57.07
30365,38.31
30366,45.5
30367,44.12
30368,48.94
30369,50.36
30370,53.66
30371,56.26
30372,38.49
30373,44.65
30374,44.03
30375,47.24
30376,51.58
30377,52.87
30378,57.8
30379,38.88
30380,46.28
30381,43.79
30382,47.48
30383,53.06
30384,54.67
30385,60.23
30386,40.25
30387,45.06
30388,42.78
30389,56.47
30390,61.79
30391,62.61
30392,68.83
30393,47.0
30394,54.29
30395,52.99
30396,57.84
30397,61.79
30398,65.74
30399,70.48
30400,47.5
30401,53.03
30402,52.62
30403,55.89
30404,60.49
30405,65.27
30406,69.55
30407,46.79
30408,52.73
30409,52.51
30410,58.84
30411,60.07
30412,65.06
30413,68.68
30414,46.51
30415,53.96
30416,53.32
30417,60.06
30418,60.11
30419,64.07
30420,20.68
30421,22.58
30422,23.14
30423,24.95
30424,25.51
30425,26.6
30426,27.47
30427,18.95
30428,22.2
30429,21.7
30430,23.63
30431,26.67
30432,28.51
30433,27.7
30434,17.9
30435,22.51
30436,22.9
30437,24.66
30438,24.48
30439,28.73
30440,28.06
30441,18.84
30442,22.05
30443,22.61
30444,23.95
30445,26.4
30446,27.39
30447,25.98
30448,19.26
30449,22.89
30450,22.42
30451,27.3
30452,26.96
30453,28.78
30454,28.39
30455,21.92
30456,23.91
30457,23.59
30458,24.14
30459,28.38
30460,29.77
30461,31.39
30462,20.79
30463,25.16
30464,23.33
30465,26.34
30466,28.82
30467,29.48
30468,30.12
30469,20.28
30470,23.65
30471,25.09
30472,25.64
30473,28.56
30474,29.93
30475,32.5
30476,21.43
30477,24.63
30478,24.04
30479,30.69
30480,34.0
30481,36.52
30482,38.1
30483,24.26
30484,28.21
30485,28.83
30486,30.98
30487,33.72
30488,35.76
30489,36.66
30490,24.75
30491,29.59
30492,29.91
30493,30.94
30494,33.43
30495,34.76
30496,36.57
30497,25.49
30498,29.19
30499,29.73
30500,30.95
30501,33.31
30502,35.02
30503,37.56
30504,26.24
30505,29.23
30506,29.76
30507,32.16
30508,33.57
30509,35.86
30510,13.26
30511,14.09
30512,15.12
30513,16.01
30514,16.46
30515,17.11
30516,19.46
30517,12.49
30518,15.25
30519,15.0
30520,15.6
30521,17.53
30522,17.74
30523,19.88
30524,11.71
30525,15.22
30526,14.78
30527,14.96
30528,16.81
30529,18.29
30530,19.82
30531,12.59
30532,14.95
30533,15.39
30534,16.11
30535,16.69
30536,18.25
30537,19.4
30538,12.09
30539,15.2
30540,15.32
30541,17.61
30542,19.05
30543,20.42
30544,21.56
30545,13.76
30546,16.08
30547,16.42
30548,17.8
30549,18.28
30550,20.26
30551,21.83
30552,14.16
30553,16.06
30554,16.07
30555,17.69
30556,17.65
30557,20.65
30558,21.09
30559,13.88
30560,16.8
30561,16.58
30562,17.85
30563,18.85
30564,19.91
30565,21.58
30566,14.1
30567,16.68
30568,16.48
30569,20.84
30570,23.03
30571,23.7
30572,24.19
30573,17.19
30574,20.51
30575,19.35
30576,20.42
30577,22.31
30578,23.3
30579,25.75
30580,17.05
30581,19.76
30582,19.98
30583,21.2
30584,22.35
30585,23.39
30586,25.65
30587,16.76
30588,19.6
30589,19.48
30590,20.79
30591,22.36
30592,24.71
30593,24.96
30594,17.05
30595,19.75
30596,19.57
30597,20.91
30598,21.7
30599,23.35
30600,8.85
30601,11.16
30602,11.63
30603,10.95
30604,12.35
30605,13.68
30606,13.99
30607,9.43
30608,10.89
30609,11.8
30610,12.02
30611,12.97
30612,12.63
30613,14.59
30614,9.22
30615,11.01
30616,11.12
30617,11.67
30618,12.14
30619,12.81
30620,13.58
30621,9.43
30622,10.8
30623,10.88
30624,11.74
30625,11.75
30626,13.64
30627,14.22
30628,9.51
30629,11.02
30630,12.2
30631,13.14
30632,14.01
30633,14.92
30634,15.16
30635,10.39
30636,12.33
30637,12.33
30638,13.04
30639,13.21
30640,14.69
30641,16.62
30642,10.38
30643,12.5
30644,12.78
30645,12.52
30646,13.05
30647,14.66
30648,16.29
30649,11.17
30650,11.96
30651,11.94
30652,12.73
30653,13.72
30654,15.32
30655,16.75
30656,10.23
30657,12.6
30658,12.07
30659,16.03
30660,17.23
30661,17.11
30662,18.48
30663,12.67
30664,14.65
30665,15.28
30666,15.55
30667,16.33
30668,18.18
30669,19.04
30670,12.0
30671,14.27
30672,14.96
30673,15.57
30674,16.6
30675,18.38
30676,18.51
30677,12.7
30678,13.78
30679,15.08
30680,16.09
30681,17.61
30682,18.78
30683,18.93
30684,11.84
30685,14.9
30686,15.31
30687,15.2
30688,16.45
30689,17.64
30690,16.68
30691,18.99
30692,18.61
30693,19.45
30694,21.68
30695,21.33
30696,23.39
30697,15.91
30698,18.31
30699,18.7
30700,19.8
30701,21.08
30702,21.24
30703,23.84
30704,16.1
30705,18.44
30706,18.98
30707,19.71
30708,21.45
30709,23.0
30710,23.24
30711,16.05
30712,17.73
30713,19.02
30714,20.0
30715,21.06
30716,22.19
30717,23.62
30718,15.52
30719,19.13
30720,18.98
30721,21.73
30722,23.78
30723,25.62
30724,25.26
30725,17.37
30726,20.33
30727,21.11
30728,22.02
30729,23.83
30730,24.47
30731,27.32
30732,18.13
30733,20.67
30734,20.2
30735,21.04
30736,23.41
30737,25.18
30738,25.09
30739,17.38
30740,19.82
30741,21.24
30742,22.21
30743,23.97
30744,25.96
30745,25.88
30746,17.3
30747,20.51
30748,20.4
30749,27.04
30750,28.95
30751,30.84
30752,31.08
30753,20.96
30754,24.96
30755,24.86
30756,25.87
30757,28.63
30758,31.05
30759,30.43
30760,21.25
30761,24.89
30762,24.17
30763,25.75
30764,28.68
30765,29.77
30766,31.04
30767,20.36
30768,23.72
30769,23.69
30770,25.91
30771,27.72
30772,30.77
30773,31.33
30774,20.79
30775,24.27
30776,24.91
30777,26.37
30778,29.01
30779,31.15
30780,21.71
30781,25.33
30782,26.25
30783,28.28
30784,29.95
30785,30.75
30786,34.03
30787,22.12
30788,25.98
30789,26.34
30790,27.75
30791,30.39
30792,32.16
30793,34.34
30794,22.52
30795,26.56
30796,25.32
30797,27.69
30798,30.48
30799,32.62
30800,33.84
30801,21.03
30802,25.9
30803,24.71
30804,28.9
30805,31.22
30806,33.44
30807,33.74
30808,20.75
30809,25.57
30810,25.91
30811,30.97
30812,30.7
30813,35.54
30814,37.24
30815,23.95
30816,28.5
30817,27.88
30818,30.61
30819,30.87
30820,35.22
30821,37.28
30822,24.11
30823,27.65
30824,28.45
30825,31.51
30826,32.45
30827,37.34
30828,38.15
30829,23.81
30830,28.53
30831,28.3
30832,31.02
30833,32.79
30834,35.82
30835,36.35
30836,24.55
30837,29.01
30838,29.47
30839,37.1
30840,39.1
30841,41.36
30842,44.21
30843,28.64
30844,33.15
30845,33.58
30846,36.6
30847,38.84
30848,41.21
30849,44.56
30850,28.86
30851,33.65
30852,34.04
30853,37.22
30854,38.86
30855,40.56
30856,43.32
30857,30.13
30858,35.12
30859,34.21
30860,37.71
30861,40.2
30862,42.54
30863,46.48
30864,29.65
30865,33.2
30866,33.15
30867,35.35
30868,39.09
30869,43.57
30870,12.02
30871,14.97
30872,14.72
30873,16.22
30874,17.21
30875,17.89
30876,18.7
30877,12.82
30878,15.32
30879,14.73
30880,15.77
30881,17.22
30882,18.53
30883,19.74
30884,13.09
30885,15.51
30886,14.67
30887,16.66
30888,16.51
30889,18.77
30890,18.94
30891,13.05
30892,15.32
30893,14.83
30894,16.31
30895,16.5
30896,18.09
30897,18.76
30898,12.74
30899,15.19
30900,15.88
30901,17.58
30902,19.16
30903,20.04
30904,21.18
30905,13.75
30906,16.4
30907,16.59
30908,17.34
30909,18.54
30910,19.94
30911,20.52
30912,14.57
30913,15.9
30914,16.32
30915,17.48
30916,17.84
30917,19.64
30918,20.76
30919,13.37
30920,16.2
30921,16.13
30922,17.22
30923,18.28
30924,19.91
30925,21.27
30926,13.2
30927,16.65
30928,16.51
30929,20.05
30930,22.7
30931,23.46
30932,25.72
30933,15.96
30934,20.24
30935,19.61
30936,21.37
30937,21.91
30938,22.52
30939,23.88
30940,15.71
30941,19.8
30942,19.69
30943,21.61
30944,22.71
30945,24.07
30946,24.84
30947,15.13
30948,19.48
30949,19.24
30950,20.95
30951,21.68
30952,23.78
30953,25.04
30954,14.92
30955,19.92
30956,19.75
30957,21.06
30958,22.42
30959,24.88
30960,34.95
30961,39.69
30962,41.68
30963,44.21
30964,48.46
30965,51.89
30966,53.71
30967,37.85
30968,41.19
30969,40.86
30970,43.28
30971,47.12
30972,51.0
30973,50.41
30974,34.17
30975,40.29
30976,41.01
30977,45.36
30978,47.52
30979,50.72
30980,54.04
30981,35.07
30982,40.57
30983,41.9
30984,43.16
30985,47.35
30986,51.25
30987,55.73
30988,33.48
30989,40.4
30990,42.22
30991,48.3
30992,51.82
30993,57.06
30994,60.74
30995,37.12
30996,44.38
30997,44.88
30998,49.13
30999,51.77
31000,54.83
31001,61.3
31002,37.28
31003,45.12
31004,44.55
31005,48.41
31006,52.15
31007,56.44
31008,57.51
31009,37.03
31010,43.86
31011,44.95
31012,48.45
31013,51.9
31014,56.03
31015,57.5
31016,38.13
31017,46.23
31018,43.72
31019,57.42
31020,62.81
31021,63.73
31022,68.35
31023,45.11
31024,52.55
31025,53.33
31026,57.2
31027,62.09
31028,61.59
31029,69.2
31030,47.29
31031,53.93
31032,53.57
31033,57.3
31034,60.53
31035,61.81
31036,67.4
31037,45.77
31038,53.59
31039,53.59
31040,57.58
31041,60.49
31042,63.2
31043,71.99
31044,47.12
31045,54.94
31046,54.63
31047,58.47
31048,61.8
31049,64.12
31050,26.17
31051,29.04
31052,29.95
31053,31.35
31054,35.82
31055,37.23
31056,39.42
31057,26.38
31058,28.8
31059,27.77
31060,31.39
31061,34.63
31062,36.85
31063,38.73
31064,27.27
31065,28.88
31066,30.59
31067,32.38
31068,35.93
31069,36.74
31070,38.79
31071,25.03
31072,29.9
31073,30.47
31074,30.86
31075,34.63
31076,36.96
31077,38.8
31078,26.23
31079,29.46
31080,31.59
31081,36.08
31082,39.64
31083,40.89
31084,43.67
31085,28.78
31086,32.81
31087,32.63
31088,35.42
31089,39.23
31090,41.15
31091,43.33
31092,28.35
31093,32.74
31094,32.95
31095,36.54
31096,37.7
31097,40.68
31098,44.25
31099,28.21
31100,32.49
31101,33.97
31102,36.11
31103,37.93
31104,40.88
31105,41.91
31106,29.05
31107,34.52
31108,32.88
31109,41.51
31110,45.81
31111,48.54
31112,51.44
31113,34.1
31114,39.69
31115,39.72
31116,42.67
31117,46.24
31118,47.53
31119,51.18
31120,33.94
31121,39.54
31122,40.03
31123,41.93
31124,46.75
31125,49.28
31126,51.95
31127,34.32
31128,38.79
31129,39.65
31130,42.11
31131,46.81
31132,48.15
31133,51.48
31134,33.93
31135,38.83
31136,40.45
31137,42.8
31138,45.52
31139,48.15
31140,9.69
31141,11.4
31142,11.31
31143,12.19
31144,13.01
31145,14.54
31146,14.4
31147,9.34
31148,11.25
31149,11.26
31150,11.56
31151,13.3
31152,14.39
31153,15.41
31154,9.34
31155,11.15
31156,11.6
31157,12.12
31158,12.66
31159,14.31
31160,15.5
31161,9.54
31162,11.4
31163,11.05
31164,12.25
31165,12.5
31166,13.79
31167,14.9
31168,9.37
31169,11.37
31170,11.7
31171,13.43
31172,14.4
31173,16.23
31174,17.0
31175,10.66
31176,12.38
31177,12.46
31178,13.83
31179,13.77
31180,15.54
31181,17.55
31182,10.51
31183,12.15
31184,12.29
31185,13.97
31186,14.04
31187,15.03
31188,17.17
31189,10.38
31190,13.27
31191,12.07
31192,13.68
31193,13.89
31194,15.2
31195,16.29
31196,10.26
31197,12.55
31198,12.02
31199,16.69
31200,16.4
31201,18.14
31202,19.87
31203,12.52
31204,14.9
31205,14.81
31206,15.41
31207,16.83
31208,19.26
31209,20.03
31210,12.91
31211,15.11
31212,15.06
31213,15.96
31214,17.03
31215,18.57
31216,19.26
31217,12.64
31218,14.38
31219,15.26
31220,16.87
31221,17.0
31222,18.88
31223,20.16
31224,12.42
31225,14.93
31226,15.42
31227,16.2
31228,17.47
31229,18.02
31230,23.75
31231,25.74
31232,25.33
31233,27.48
31234,29.94
31235,33.08
31236,32.42
31237,23.09
31238,26.1
31239,25.63
31240,27.41
31241,29.48
31242,32.34
31243,34.4
31244,22.3
31245,25.2
31246,27.24
31247,27.56
31248,29.34
31249,32.46
31250,33.75
31251,22.3
31252,25.11
31253,26.77
31254,28.57
31255,30.34
31256,32.86
31257,32.8
31258,20.75
31259,25.78
31260,25.86
31261,30.93
31262,32.98
31263,36.06
31264,37.73
31265,23.53
31266,28.38
31267,28.68
31268,30.08
31269,33.2
31270,34.97
31271,38.41
31272,24.52
31273,28.01
31274,29.51
31275,30.62
31276,32.92
31277,35.59
31278,39.57
31279,25.64
31280,28.89
31281,28.86
31282,30.56
31283,32.66
31284,35.01
31285,38.76
31286,26.06
31287,28.89
31288,30.38
31289,35.96
31290,39.0
31291,44.53
31292,45.41
31293,30.9
31294,35.68
31295,33.6
31296,37.51
31297,38.78
31298,42.51
31299,45.52
31300,29.59
31301,34.96
31302,33.83
31303,37.02
31304,39.49
31305,42.3
31306,46.74
31307,29.83
31308,35.5
31309,34.44
31310,37.42
31311,40.16
31312,44.25
31313,47.33
31314,30.55
31315,35.44
31316,34.68
31317,38.16
31318,40.78
31319,42.15
31320,13.01
31321,15.19
31322,15.92
31323,15.1
31324,16.3
31325,17.76
31326,18.7
31327,12.45
31328,15.13
31329,14.94
31330,15.88
31331,16.62
31332,17.81
31333,19.06
31334,12.63
31335,14.92
31336,13.86
31337,15.54
31338,17.27
31339,17.79
31340,19.51
31341,12.59
31342,14.29
31343,14.87
31344,15.72
31345,17.32
31346,18.09
31347,19.47
31348,12.14
31349,15.13
31350,15.03
31351,17.11
31352,17.73
31353,19.47
31354,21.01
31355,13.11
31356,16.89
31357,16.63
31358,17.98
31359,17.71
31360,19.44
31361,21.66
31362,13.59
31363,16.13
31364,16.25
31365,17.47
31366,19.28
31367,19.5
31368,21.58
31369,13.48
31370,16.85
31371,16.78
31372,17.39
31373,18.58
31374,20.05
31375,20.72
31376,13.66
31377,16.29
31378,16.24
31379,19.85
31380,22.06
31381,23.2
31382,24.74
31383,16.01
31384,20.13
31385,19.47
31386,21.03
31387,21.04
31388,23.75
31389,24.37
31390,16.3
31391,19.49
31392,19.62
31393,21.48
31394,20.66
31395,23.64
31396,26.14
31397,16.93
31398,20.09
31399,19.72
31400,21.41
31401,22.07
31402,24.37
31403,23.89
31404,16.55
31405,19.71
31406,19.62
31407,20.55
31408,21.79
31409,23.39
31410,29.25
31411,32.49
31412,33.26
31413,35.07
31414,37.63
31415,40.27
31416,41.57
31417,27.57
31418,32.91
31419,32.13
31420,34.33
31421,37.52
31422,40.19
31423,43.52
31424,26.77
31425,31.96
31426,33.96
31427,35.29
31428,38.22
31429,39.85
31430,42.3
31431,27.05
31432,32.56
31433,33.06
31434,36.35
31435,38.0
31436,41.13
31437,43.69
31438,28.16
31439,32.35
31440,34.74
31441,39.65
31442,41.63
31443,47.22
31444,48.98
31445,31.16
31446,36.24
31447,38.54
31448,40.27
31449,42.05
31450,46.92
31451,47.28
31452,31.72
31453,35.85
31454,37.39
31455,40.02
31456,42.19
31457,47.07
31458,50.48
31459,31.26
31460,36.77
31461,38.52
31462,40.22
31463,42.85
31464,46.87
31465,47.62
31466,31.93
31467,36.56
31468,37.31
31469,47.88
31470,51.76
31471,54.29
31472,58.69
31473,37.81
31474,44.56
31475,44.8
31476,47.86
31477,52.47
31478,54.07
31479,58.75
31480,37.27
31481,43.98
31482,43.69
31483,47.61
31484,53.46
31485,53.29
31486,58.1
31487,36.92
31488,43.16
31489,43.56
31490,46.82
31491,50.24
31492,54.63
31493,56.82
31494,37.36
31495,43.2
31496,44.56
31497,47.58
31498,50.17
31499,55.59
31500,16.82
31501,20.23
31502,19.84
31503,20.2
31504,23.04
31505,23.95
31506,25.43
31507,16.47
31508,18.78
31509,19.91
31510,20.59
31511,22.56
31512,24.19
31513,26.58
31514,17.13
31515,18.69
31516,19.91
31517,21.14
31518,23.35
31519,24.09
31520,25.34
31521,16.62
31522,20.08
31523,18.62
31524,20.59
31525,22.02
31526,23.87
31527,25.38
31528,16.72
31529,19.65
31530,19.91
31531,23.21
31532,24.67
31533,25.48
31534,27.74
31535,18.83
31536,21.71
31537,20.85
31538,22.48
31539,25.12
31540,27.54
31541,28.64
31542,19.15
31543,21.91
31544,21.06
31545,23.66
31546,24.94
31547,27.48
31548,28.07
31549,17.9
31550,21.33
31551,21.11
31552,23.27
31553,25.43
31554,26.8
31555,27.97
31556,18.41
31557,21.41
31558,20.42
31559,28.88
31560,29.26
31561,31.55
31562,34.43
31563,22.45
31564,24.95
31565,25.74
31566,27.94
31567,30.64
31568,32.74
31569,33.74
31570,22.47
31571,24.94
31572,26.29
31573,27.73
31574,29.83
31575,31.25
31576,32.52
31577,21.94
31578,25.85
31579,26.51
31580,28.44
31581,29.11
31582,31.29
31583,31.56
31584,22.13
31585,25.06
31586,26.72
31587,27.12
31588,28.76
31589,31.43
31590,47.04
31591,53.35
31592,53.09
31593,57.1
31594,60.72
31595,64.97
31596,69.04
31597,46.65
31598,53.51
31599,51.7
31600,55.82
31601,61.7
31602,64.41
31603,66.08
31604,44.55
31605,51.04
31606,51.7
31607,55.47
31608,60.34
31609,63.94
31610,67.61
31611,44.95
31612,52.72
31613,52.78
31614,54.46
31615,59.49
31616,62.58
31617,66.32
31618,43.31
31619,50.3
31620,51.43
31621,61.17
31622,68.93
31623,71.09
31624,75.26
31625,46.89
31626,58.48
31627,60.6
31628,63.41
31629,68.91
31630,71.91
31631,74.84
31632,51.27
31633,58.67
31634,57.72
31635,64.41
31636,67.51
31637,71.85
31638,74.69
31639,49.58
31640,57.03
31641,57.11
31642,63.28
31643,65.62
31644,70.22
31645,74.77
31646,50.99
31647,58.58
31648,58.05
31649,75.85
31650,82.37
31651,82.79
31652,90.27
31653,59.28
31654,70.12
31655,69.42
31656,74.7
31657,84.51
31658,86.49
31659,92.06
31660,58.4
31661,69.2
31662,68.07
31663,71.73
31664,78.75
31665,82.54
31666,88.17
31667,56.91
31668,69.05
31669,67.04
31670,72.07
31671,75.01
31672,82.88
31673,84.84
31674,56.45
31675,67.53
31676,65.27
31677,74.05
31678,76.45
31679,86.13
31680,30.07
31681,32.2
31682,32.97
31683,33.89
31684,35.9
31685,39.67
31686,42.95
31687,30.11
31688,31.61
31689,33.5
31690,35.31
31691,36.9
31692,42.16
31693,41.04
31694,29.05
31695,32.04
31696,33.7
31697,35.54
31698,37.54
31699,41.28
31700,41.47
31701,29.13
31702,33.62
31703,33.14
31704,35.63
31705,36.83
31706,40.66
31707,41.79
31708,28.92
31709,32.8
31710,35.19
31711,39.43
31712,42.19
31713,44.03
31714,47.79
31715,31.64
31716,37.35
31717,35.97
31718,40.0
31719,40.82
31720,42.98
31721,47.17
31722,31.6
31723,37.69
31724,36.3
31725,37.82
31726,40.39
31727,45.74
31728,49.5
31729,31.32
31730,37.21
31731,36.6
31732,39.42
31733,42.67
31734,45.4
31735,48.01
31736,31.24
31737,36.69
31738,38.02
31739,47.79
31740,51.35
31741,54.89
31742,57.17
31743,38.47
31744,44.24
31745,44.0
31746,46.12
31747,50.46
31748,53.24
31749,54.22
31750,38.71
31751,43.24
31752,43.28
31753,45.16
31754,50.72
31755,52.7
31756,54.01
31757,39.01
31758,42.8
31759,42.91
31760,46.07
31761,50.27
31762,53.51
31763,60.4
31764,39.12
31765,43.65
31766,42.43
31767,47.37
31768,50.81
31769,52.49
31770,16.87
31771,19.6
31772,18.63
31773,20.51
31774,22.63
31775,23.54
31776,24.07
31777,16.12
31778,19.18
31779,18.62
31780,21.06
31781,21.65
31782,23.2
31783,24.87
31784,16.78
31785,18.93
31786,19.53
31787,21.12
31788,22.32
31789,23.86
31790,24.81
31791,17.51
31792,19.88
31793,19.25
31794,21.68
31795,22.56
31796,23.87
31797,24.78
31798,16.56
31799,19.88
31800,19.53
31801,22.83
31802,24.47
31803,26.57
31804,28.62
31805,17.9
31806,21.46
31807,21.15
31808,23.41
31809,24.16
31810,26.72
31811,28.66
31812,18.25
31813,21.27
31814,21.27
31815,23.66
31816,25.0
31817,27.4
31818,27.74
31819,18.65
31820,20.78
31821,20.67
31822,22.62
31823,24.14
31824,26.27
31825,28.59
31826,18.11
31827,21.23
31828,20.52
31829,28.12
31830,29.23
31831,32.13
31832,32.05
31833,21.56
31834,25.24
31835,25.15
31836,26.79
31837,28.51
31838,30.24
31839,31.78
31840,20.9
31841,24.38
31842,25.05
31843,26.46
31844,27.41
31845,31.79
31846,32.82
31847,20.91
31848,24.72
31849,25.03
31850,26.53
31851,29.76
31852,31.05
31853,32.79
31854,21.73
31855,24.49
31856,25.21
31857,27.4
31858,28.84
31859,30.95
31860,14.05
31861,17.01
31862,16.78
31863,17.16
31864,18.69
31865,19.51
31866,21.18
31867,14.06
31868,16.57
31869,16.06
31870,17.46
31871,18.82
31872,19.94
31873,21.37
31874,14.22
31875,16.32
31876,15.53
31877,16.89
31878,19.03
31879,19.52
31880,21.13
31881,14.43
31882,16.26
31883,16.06
31884,17.36
31885,17.69
31886,19.91
31887,20.43
31888,14.12
31889,16.66
31890,16.55
31891,18.91
31892,21.53
31893,22.19
31894,22.88
31895,14.74
31896,17.94
31897,18.26
31898,20.22
31899,20.79
31900,22.65
31901,23.5
31902,15.36
31903,18.11
31904,18.31
31905,19.08
31906,21.39
31907,22.96
31908,24.3
31909,15.15
31910,18.46
31911,18.34
31912,20.22
31913,21.05
31914,24.03
31915,24.13
31916,15.64
31917,18.64
31918,18.05
31919,23.28
31920,26.29
31921,27.21
31922,28.79
31923,19.1
31924,23.04
31925,22.24
31926,24.52
31927,25.25
31928,27.41
31929,27.34
31930,19.11
31931,22.58
31932,21.93
31933,23.58
31934,24.99
31935,27.89
31936,27.82
31937,19.02
31938,22.14
31939,21.98
31940,23.79
31941,25.16
31942,26.99
31943,29.45
31944,18.94
31945,22.28
31946,21.3
31947,23.36
31948,24.98
31949,28.0
31950,45.02
31951,52.91
31952,52.47
31953,56.33
31954,61.89
31955,65.57
31956,69.99
31957,44.58
31958,51.56
31959,54.74
31960,55.52
31961,59.33
31962,63.24
31963,69.1
31964,46.08
31965,53.94
31966,50.82
31967,55.23
31968,60.39
31969,62.11
31970,66.73
31971,45.3
31972,52.05
31973,52.47
31974,54.31
31975,57.97
31976,61.2
31977,68.21
31978,45.48
31979,53.08
31980,52.08
31981,56.55
31982,64.67
31983,68.25
31984,74.21
31985,50.64
31986,57.53
31987,56.12
31988,61.13
31989,65.78
31990,71.49
31991,75.24
31992,50.22
31993,57.77
31994,56.72
31995,60.92
31996,65.8
31997,71.83
31998,73.93
31999,49.41
32000,57.66
32001,57.37
32002,59.98
32003,65.83
32004,71.52
32005,75.33
32006,51.91
32007,58.49
32008,56.94
32009,73.04
32010,79.06
32011,85.96
32012,85.38
32013,61.2
32014,69.79
32015,69.47
32016,73.26
32017,76.88
32018,83.79
32019,88.74
32020,62.28
32021,69.21
32022,68.39
32023,72.77
32024,75.88
32025,82.5
32026,90.34
32027,61.8
32028,69.41
32029,69.55
32030,73.71
32031,76.13
32032,83.69
32033,90.94
32034,62.02
32035,69.4
32036,68.93
32037,73.92
32038,77.5
32039,83.01
32040,45.38
32041,52.81
32042,53.11
32043,58.4
32044,59.62
32045,64.64
32046,69.04
32047,46.37
32048,53.71
32049,51.47
32050,57.21
32051,58.34
32052,64.36
32053,68.61
32054,45.37
32055,51.87
32056,50.93
32057,55.65
32058,57.83
32059,65.58
32060,67.81
32061,44.31
32062,52.33
32063,51.61
32064,56.7
32065,60.72
32066,62.95
32067,69.17
32068,46.3
32069,51.66
32070,51.08
32071,64.0
32072,66.66
32073,70.31
32074,77.52
32075,48.92
32076,59.19
32077,58.39
32078,64.94
32079,66.32
32080,72.63
32081,74.49
32082,51.72
32083,59.84
32084,57.93
32085,62.79
32086,68.78
32087,71.91
32088,75.69
32089,50.91
32090,59.81
32091,59.36
32092,64.36
32093,68.01
32094,74.77
32095,77.45
32096,51.63
32097,60.01
32098,58.37
32099,76.07
32100,81.67
32101,84.79
32102,91.06
32103,62.07
32104,68.32
32105,68.57
32106,75.46
32107,79.5
32108,85.97
32109,87.45
32110,60.52
32111,68.34
32112,71.36
32113,74.88
32114,79.69
32115,85.38
32116,89.91
32117,62.46
32118,71.7
32119,70.43
32120,75.97
32121,78.77
32122,82.79
32123,90.01
32124,59.63
32125,69.24
32126,69.16
32127,74.88
32128,76.4
32129,82.85
32130,62.01
32131,70.77
32132,71.53
32133,77.97
32134,79.26
32135,88.57
32136,87.94
32137,60.71
32138,70.2
32139,70.36
32140,72.18
32141,74.58
32142,86.34
32143,86.83
32144,59.12
32145,68.08
32146,67.35
32147,73.17
32148,77.42
32149,84.3
32150,89.56
32151,57.69
32152,68.83
32153,68.13
32154,73.4
32155,83.21
32156,89.92
32157,88.73
32158,58.05
32159,71.26
32160,68.97
32161,84.65
32162,89.88
32163,97.13
32164,99.45
32165,65.21
32166,75.89
32167,75.59
32168,87.21
32169,95.2
32170,95.18
32171,99.68
32172,64.74
32173,72.97
32174,77.53
32175,81.67
32176,89.36
32177,96.11
32178,101.22
32179,65.83
32180,76.32
32181,81.5
32182,85.54
32183,89.74
32184,95.91
32185,102.67
32186,66.48
32187,79.34
32188,79.49
32189,98.93
32190,111.35
32191,112.41
32192,115.65
32193,75.72
32194,93.86
32195,95.08
32196,101.84
32197,115.96
32198,112.3
32199,118.8
32200,77.79
32201,93.48
32202,94.69
32203,103.66
32204,114.75
32205,110.09
32206,122.62
32207,80.13
32208,93.94
32209,95.43
32210,104.55
32211,115.36
32212,113.28
32213,123.87
32214,77.1
32215,95.63
32216,92.83
32217,101.84
32218,109.53
32219,112.83
32220,39.78
32221,46.16
32222,45.15
32223,48.44
32224,52.83
32225,56.26
32226,57.3
32227,38.02
32228,44.83
32229,44.55
32230,48.85
32231,51.72
32232,57.21
32233,59.43
32234,40.21
32235,46.84
32236,48.25
32237,47.79
32238,52.14
32239,57.71
32240,63.43
32241,41.33
32242,47.1
32243,46.55
32244,49.47
32245,53.11
32246,57.26
32247,61.39
32248,40.07
32249,45.24
32250,46.48
32251,54.37
32252,58.38
32253,63.8
32254,65.35
32255,45.49
32256,52.07
32257,54.23
32258,57.27
32259,60.21
32260,64.44
32261,67.34
32262,43.75
32263,52.35
32264,52.73
32265,56.35
32266,60.5
32267,63.33
32268,68.33
32269,44.66
32270,51.33
32271,53.35
32272,55.95
32273,61.4
32274,63.15
32275,68.07
32276,45.04
32277,54.29
32278,52.07
32279,65.89
32280,74.4
32281,74.62
32282,82.19
32283,52.17
32284,61.4
32285,62.29
32286,67.08
32287,71.67
32288,74.84
32289,78.84
32290,53.74
32291,60.42
32292,60.68
32293,64.96
32294,71.25
32295,76.51
32296,77.87
32297,51.96
32298,59.76
32299,60.69
32300,66.08
32301,70.07
32302,76.55
32303,78.79
32304,51.81
32305,61.74
32306,61.51
32307,67.85
32308,72.54
32309,75.45
32310,58.96
32311,67.64
32312,68.54
32313,72.01
32314,73.4
32315,79.2
32316,86.17
32317,59.56
32318,66.87
32319,66.65
32320,70.74
32321,74.95
32322,80.16
32323,83.37
32324,57.02
32325,65.72
32326,66.17
32327,70.93
32328,74.76
32329,79.57
32330,85.3
32331,55.93
32332,66.82
32333,67.49
32334,71.91
32335,74.48
32336,75.89
32337,81.47
32338,55.21
32339,65.39
32340,67.67
32341,76.89
32342,83.65
32343,88.26
32344,89.73
32345,61.11
32346,74.42
32347,76.05
32348,80.69
32349,83.01
32350,88.03
32351,92.88
32352,61.62
32353,76.74
32354,73.85
32355,82.82
32356,86.57
32357,88.09
32358,94.6
32359,62.25
32360,77.35
32361,75.51
32362,78.08
32363,80.82
32364,86.28
32365,96.23
32366,65.6
32367,75.51
32368,76.49
32369,94.75
32370,96.12
32371,106.06
32372,107.31
32373,75.62
32374,88.33
32375,90.46
32376,95.32
32377,96.54
32378,103.11
32379,111.31
32380,75.65
32381,89.72
32382,90.41
32383,97.35
32384,99.6
32385,106.08
32386,116.19
32387,74.17
32388,87.69
32389,86.81
32390,91.69
32391,100.53
32392,108.99
32393,108.48
32394,74.51
32395,87.32
32396,91.63
32397,95.07
32398,97.65
32399,103.56
32400,53.34
32401,63.17
32402,61.35
32403,65.45
32404,72.23
32405,76.67
32406,79.08
32407,51.65
32408,62.31
32409,62.61
32410,65.57
32411,69.79
32412,75.27
32413,80.59
32414,51.93
32415,61.04
32416,60.9
32417,67.81
32418,69.43
32419,75.0
32420,79.37
32421,52.82
32422,61.2
32423,60.9
32424,67.28
32425,68.29
32426,73.96
32427,79.26
32428,51.69
32429,61.86
32430,62.33
32431,74.64
32432,78.9
32433,86.39
32434,92.06
32435,57.76
32436,68.82
32437,69.12
32438,73.76
32439,80.4
32440,87.42
32441,93.33
32442,57.71
32443,67.62
32444,68.47
32445,74.13
32446,82.89
32447,88.6
32448,87.84
32449,58.66
32450,67.3
32451,70.26
32452,76.01
32453,80.49
32454,89.54
32455,87.35
32456,59.61
32457,69.64
32458,67.14
32459,90.1
32460,97.1
32461,100.37
32462,106.18
32463,66.37
32464,84.72
32465,87.79
32466,92.57
32467,99.0
32468,98.79
32469,109.44
32470,71.77
32471,82.16
32472,84.31
32473,87.29
32474,98.7
32475,105.42
32476,109.66
32477,73.48
32478,83.43
32479,85.72
32480,89.9
32481,96.28
32482,98.56
32483,101.49
32484,72.1
32485,78.44
32486,83.44
32487,89.9
32488,100.32
32489,103.8
32490,55.59
32491,62.18
32492,63.37
32493,67.12
32494,70.66
32495,78.25
32496,79.14
32497,53.23
32498,58.96
32499,63.17
32500,70.38
32501,76.77
32502,74.96
32503,76.7
32504,52.19
32505,62.53
32506,61.58
32507,64.99
32508,71.63
32509,74.22
32510,77.28
32511,55.5
32512,62.08
32513,63.14
32514,65.05
32515,70.53
32516,74.66
32517,78.79
32518,54.63
32519,63.46
32520,63.53
32521,74.77
32522,79.02
32523,84.84
32524,87.31
32525,60.27
32526,67.25
32527,68.69
32528,74.25
32529,76.25
32530,83.93
32531,89.14
32532,59.05
32533,68.35
32534,70.67
32535,78.15
32536,80.02
32537,82.35
32538,85.76
32539,60.18
32540,70.72
32541,71.99
32542,76.84
32543,78.45
32544,80.76
32545,84.71
32546,61.12
32547,73.15
32548,71.29
32549,93.69
32550,91.21
32551,95.69
32552,104.39
32553,74.69
32554,86.89
32555,83.87
32556,93.9
32557,93.89
32558,99.4
32559,104.34
32560,74.02
32561,82.21
32562,80.82
32563,90.86
32564,93.43
32565,99.34
32566,103.89
32567,72.17
32568,80.19
32569,81.52
32570,91.26
32571,94.49
32572,98.97
32573,106.49
32574,70.01
32575,81.25
32576,82.78
32577,88.03
32578,94.21
32579,102.3
32580,69.1
32581,77.12
32582,73.4
32583,80.29
32584,87.35
32585,97.54
32586,100.39
32587,68.5
32588,76.67
32589,75.91
32590,81.02
32591,89.04
32592,92.77
32593,100.08
32594,66.28
32595,74.14
32596,73.88
32597,78.4
32598,84.31
32599,89.38
32600,97.29
32601,64.9
32602,76.61
32603,75.44
32604,77.44
32605,81.32
32606,90.94
32607,95.32
32608,62.77
32609,76.91
32610,73.71
32611,88.41
32612,93.4
32613,101.66
32614,109.85
32615,70.16
32616,82.8
32617,82.58
32618,89.4
32619,97.2
32620,104.06
32621,110.96
32622,69.94
32623,83.96
32624,83.74
32625,87.04
32626,90.72
32627,104.72
32628,112.48
32629,71.74
32630,85.36
32631,83.85
32632,91.05
32633,94.64
32634,107.87
32635,113.86
32636,75.83
32637,87.51
32638,80.75
32639,102.68
32640,111.58
32641,123.89
32642,128.23
32643,86.75
32644,99.0
32645,96.42
32646,109.35
32647,113.42
32648,118.33
32649,133.44
32650,86.68
32651,101.3
32652,99.18
32653,109.25
32654,114.42
32655,123.89
32656,136.69
32657,85.22
32658,100.52
32659,100.33
32660,112.09
32661,119.21
32662,131.55
32663,135.44
32664,84.42
32665,100.21
32666,102.06
32667,110.8
32668,117.0
32669,129.07
32670,47.98
32671,52.18
32672,52.59
32673,56.18
32674,60.1
32675,61.17
32676,65.7
32677,46.52
32678,51.83
32679,54.49
32680,56.97
32681,59.32
32682,62.48
32683,66.77
32684,45.69
32685,51.26
32686,51.87
32687,56.13
32688,61.16
32689,63.32
32690,66.89
32691,45.91
32692,52.06
32693,54.15
32694,55.59
32695,60.01
32696,62.86
32697,66.01
32698,45.07
32699,51.35
32700,53.13
32701,60.76
32702,64.89
32703,73.13
32704,74.96
32705,49.92
32706,57.8
32707,57.05
32708,66.0
32709,66.95
32710,73.43
32711,77.33
32712,49.71
32713,58.7
32714,57.72
32715,64.85
32716,68.05
32717,71.22
32718,73.5
32719,49.71
32720,58.98
32721,56.27
32722,63.11
32723,67.21
32724,71.43
32725,74.14
32726,49.19
32727,58.2
32728,56.88
32729,75.1
32730,78.17
32731,83.9
32732,90.06
32733,60.55
32734,67.37
32735,70.78
32736,75.32
32737,79.7
32738,86.97
32739,86.37
32740,60.0
32741,69.57
32742,70.26
32743,75.3
32744,76.08
32745,86.54
32746,85.68
32747,61.01
32748,69.15
32749,69.71
32750,76.4
32751,78.81
32752,85.59
32753,89.25
32754,59.35
32755,68.51
32756,67.29
32757,76.66
32758,76.85
32759,86.91
32760,69.95
32761,83.18
32762,81.76
32763,88.24
32764,91.67
32765,95.31
32766,105.89
32767,64.76
32768,78.79
32769,79.03
32770,85.72
32771,89.06
32772,94.52
32773,102.93
32774,64.01
32775,74.4
32776,75.33
32777,81.02
32778,88.39
32779,95.49
32780,97.1
32781,63.82
32782,77.67
32783,79.43
32784,81.52
32785,88.65
32786,95.97
32787,100.65
32788,68.03
32789,80.27
32790,80.53
32791,93.12
32792,103.11
32793,104.75
32794,112.85
32795,77.32
32796,91.05
32797,88.6
32798,92.52
32799,99.64
32800,108.14
32801,117.01
32802,75.84
32803,86.18
32804,86.21
32805,91.7
32806,103.33
32807,107.66
32808,115.69
32809,72.35
32810,88.32
32811,86.31
32812,89.69
32813,98.9
32814,108.86
32815,115.83
32816,74.03
32817,87.05
32818,89.04
32819,105.81
32820,119.05
32821,130.56
32822,134.12
32823,88.07
32824,103.08
32825,103.35
32826,111.07
32827,116.45
32828,136.62
32829,132.85
32830,87.77
32831,99.99
32832,100.04
32833,112.75
32834,120.29
32835,131.81
32836,131.53
32837,86.12
32838,101.23
32839,100.36
32840,106.46
32841,118.71
32842,131.08
32843,137.3
32844,88.42
32845,109.28
32846,106.12
32847,108.67
32848,120.34
32849,132.26
32850,19.47
32851,23.88
32852,23.05
32853,23.5
32854,25.34
32855,27.86
32856,30.83
32857,20.08
32858,22.9
32859,22.94
32860,23.5
32861,26.13
32862,28.95
32863,30.05
32864,20.16
32865,22.83
32866,22.19
32867,23.92
32868,26.24
32869,27.56
32870,29.23
32871,19.69
32872,22.83
32873,22.94
32874,24.65
32875,26.87
32876,26.39
32877,29.03
32878,19.28
32879,22.22
32880,21.95
32881,26.85
32882,28.87
32883,30.68
32884,31.65
32885,22.63
32886,25.07
32887,25.09
32888,26.87
32889,29.51
32890,31.4
32891,34.34
32892,23.07
32893,26.67
32894,24.77
32895,28.6
32896,28.89
32897,30.53
32898,32.67
32899,22.81
32900,25.55
32901,24.61
32902,28.21
32903,28.54
32904,33.32
32905,34.82
32906,22.92
32907,25.49
32908,25.84
32909,32.71
32910,34.58
32911,38.99
32912,39.57
32913,27.01
32914,30.22
32915,31.3
32916,34.03
32917,33.95
32918,38.79
32919,38.3
32920,27.07
32921,30.35
32922,31.87
32923,32.28
32924,34.03
32925,38.07
32926,37.26
32927,26.87
32928,29.5
32929,30.81
32930,33.59
32931,34.88
32932,37.94
32933,38.2
32934,26.24
32935,31.55
32936,31.25
32937,33.4
32938,35.23
32939,37.03
32940,25.21
32941,29.76
32942,28.06
32943,29.64
32944,32.47
32945,35.45
32946,39.06
32947,24.81
32948,28.25
32949,30.07
32950,31.65
32951,32.79
32952,36.04
32953,36.91
32954,25.19
32955,27.69
32956,28.74
32957,30.72
32958,32.65
32959,35.05
32960,36.53
32961,25.02
32962,28.33
32963,30.02
32964,30.76
32965,34.74
32966,35.89
32967,37.72
32968,25.7
32969,28.16
32970,30.25
32971,34.1
32972,37.17
32973,38.67
32974,42.54
32975,28.18
32976,32.72
32977,30.69
32978,34.39
32979,36.95
32980,39.44
32981,42.54
32982,28.36
32983,30.85
32984,31.56
32985,34.17
32986,37.92
32987,41.19
32988,41.27
32989,28.67
32990,32.18
32991,31.95
32992,33.88
32993,36.57
32994,38.58
32995,41.83
32996,28.17
32997,31.51
32998,31.52
32999,41.89
33000,44.83
33001,48.13
33002,50.74
33003,33.16
33004,38.52
33005,38.18
33006,41.37
33007,42.57
33008,46.16
33009,54.68
33010,32.4
33011,39.69
33012,38.99
33013,41.59
33014,44.27
33015,48.37
33016,50.97
33017,32.15
33018,38.18
33019,37.43
33020,40.53
33021,44.25
33022,47.05
33023,49.85
33024,31.83
33025,39.18
33026,37.67
33027,41.27
33028,45.62
33029,48.56
33030,66.94
33031,76.17
33032,75.67
33033,79.71
33034,82.0
33035,89.08
33036,106.73
33037,67.62
33038,77.12
33039,79.13
33040,79.31
33041,82.25
33042,92.43
33043,95.98
33044,65.37
33045,75.19
33046,78.45
33047,79.22
33048,79.84
33049,90.24
33050,92.57
33051,65.11
33052,75.86
33053,75.52
33054,79.75
33055,83.7
33056,94.61
33057,94.41
33058,61.8
33059,76.76
33060,76.62
33061,87.12
33062,93.47
33063,104.82
33064,104.51
33065,70.15
33066,84.53
33067,87.09
33068,86.59
33069,97.67
33070,104.65
33071,108.42
33072,69.43
33073,81.37
33074,81.68
33075,84.8
33076,96.99
33077,105.8
33078,111.16
33079,72.81
33080,82.18
33081,82.91
33082,87.84
33083,96.12
33084,106.46
33085,113.11
33086,72.73
33087,85.65
33088,82.98
33089,110.0
33090,116.91
33091,129.49
33092,130.15
33093,88.5
33094,98.2
33095,99.54
33096,107.93
33097,114.23
33098,127.14
33099,130.7
33100,89.86
33101,99.78
33102,102.79
33103,110.25
33104,114.18
33105,127.13
33106,135.45
33107,89.6
33108,102.29
33109,100.52
33110,107.42
33111,115.17
33112,124.26
33113,133.52
33114,85.0
33115,104.32
33116,101.05
33117,105.76
33118,113.58
33119,126.74
33120,30.55
33121,36.86
33122,37.53
33123,39.68
33124,40.82
33125,46.23
33126,46.29
33127,31.63
33128,36.54
33129,37.16
33130,39.13
33131,41.62
33132,45.83
33133,46.76
33134,31.13
33135,37.45
33136,36.83
33137,39.92
33138,43.25
33139,44.97
33140,47.25
33141,30.84
33142,37.18
33143,37.29
33144,39.32
33145,44.4
33146,45.5
33147,46.83
33148,30.62
33149,36.81
33150,36.75
33151,43.24
33152,47.12
33153,48.93
33154,52.41
33155,33.67
33156,40.39
33157,40.4
33158,43.06
33159,47.27
33160,48.09
33161,51.56
33162,32.74
33163,41.8
33164,40.33
33165,43.57
33166,46.53
33167,49.04
33168,51.86
33169,33.57
33170,39.95
33171,41.7
33172,42.49
33173,47.09
33174,50.02
33175,51.2
33176,34.77
33177,40.58
33178,39.96
33179,51.28
33180,55.61
33181,57.53
33182,58.18
33183,42.57
33184,49.47
33185,45.52
33186,51.98
33187,55.75
33188,58.77
33189,64.82
33190,43.25
33191,48.21
33192,46.77
33193,50.18
33194,54.45
33195,58.56
33196,64.72
33197,41.26
33198,48.33
33199,47.03
33200,51.14
33201,55.91
33202,59.03
33203,62.55
33204,40.17
33205,47.32
33206,47.67
33207,50.37
33208,54.4
33209,58.43
33210,36.96
33211,43.59
33212,42.79
33213,46.34
33214,49.58
33215,53.27
33216,56.36
33217,36.02
33218,43.37
33219,42.95
33220,45.46
33221,48.93
33222,53.73
33223,54.88
33224,36.82
33225,43.11
33226,41.9
33227,46.93
33228,49.1
33229,53.24
33230,56.29
33231,35.83
33232,42.7
33233,42.6
33234,45.49
33235,48.74
33236,52.25
33237,56.28
33238,34.29
33239,42.91
33240,42.63
33241,50.65
33242,54.65
33243,59.76
33244,64.15
33245,39.12
33246,46.73
33247,46.87
33248,50.23
33249,54.7
33250,60.14
33251,61.38
33252,39.71
33253,48.26
33254,46.95
33255,49.91
33256,53.26
33257,60.48
33258,59.21
33259,38.61
33260,46.26
33261,45.5
33262,51.13
33263,53.0
33264,56.34
33265,58.11
33266,40.1
33267,47.13
33268,45.96
33269,60.84
33270,62.68
33271,64.41
33272,72.12
33273,48.56
33274,56.04
33275,54.93
33276,57.73
33277,62.39
33278,66.37
33279,74.34
33280,49.12
33281,57.52
33282,56.0
33283,62.1
33284,63.74
33285,69.03
33286,72.31
33287,48.75
33288,55.51
33289,56.39
33290,60.74
33291,63.58
33292,68.29
33293,73.95
33294,47.41
33295,55.84
33296,54.04
33297,60.32
33298,62.7
33299,68.88
33300,30.79
33301,34.83
33302,35.22
33303,37.18
33304,42.24
33305,44.91
33306,48.4
33307,31.27
33308,36.34
33309,35.52
33310,39.07
33311,41.82
33312,44.94
33313,45.74
33314,30.98
33315,36.13
33316,36.3
33317,38.98
33318,42.95
33319,45.12
33320,45.42
33321,30.29
33322,36.47
33323,36.09
33324,39.16
33325,41.84
33326,42.56
33327,46.95
33328,30.12
33329,36.37
33330,37.24
33331,43.41
33332,47.23
33333,49.71
33334,51.07
33335,34.56
33336,39.84
33337,41.23
33338,44.58
33339,45.87
33340,49.96
33341,51.67
33342,34.52
33343,39.88
33344,39.89
33345,43.09
33346,47.86
33347,48.61
33348,49.78
33349,34.65
33350,40.53
33351,40.19
33352,43.6
33353,47.96
33354,48.13
33355,52.77
33356,35.46
33357,40.78
33358,39.63
33359,52.68
33360,56.57
33361,58.31
33362,62.04
33363,44.5
33364,49.31
33365,49.48
33366,51.33
33367,56.83
33368,56.42
33369,59.18
33370,39.33
33371,46.94
33372,48.76
33373,50.54
33374,54.68
33375,57.92
33376,60.47
33377,42.23
33378,49.36
33379,49.68
33380,51.95
33381,52.71
33382,56.65
33383,60.33
33384,40.95
33385,47.88
33386,48.25
33387,52.03
33388,53.9
33389,57.54
33390,66.54
33391,75.02
33392,71.28
33393,77.76
33394,80.01
33395,87.97
33396,91.64
33397,64.13
33398,74.04
33399,73.22
33400,78.02
33401,84.48
33402,89.09
33403,93.01
33404,62.57
33405,73.38
33406,73.66
33407,79.51
33408,81.36
33409,84.69
33410,91.88
33411,61.66
33412,73.88
33413,71.67
33414,77.92
33415,79.36
33416,84.98
33417,94.96
33418,63.42
33419,73.93
33420,72.02
33421,83.35
33422,86.75
33423,96.15
33424,109.92
33425,69.91
33426,79.7
33427,79.8
33428,80.6
33429,87.96
33430,96.53
33431,108.41
33432,70.96
33433,77.89
33434,78.79
33435,83.26
33436,91.23
33437,96.99
33438,107.59
33439,70.25
33440,78.35
33441,76.09
33442,84.03
33443,92.24
33444,98.17
33445,107.0
33446,71.49
33447,81.29
33448,77.28
33449,102.34
33450,109.1
33451,121.72
33452,127.54
33453,79.12
33454,94.56
33455,93.12
33456,108.78
33457,112.17
33458,121.54
33459,127.7
33460,80.18
33461,97.29
33462,98.66
33463,104.1
33464,110.28
33465,121.67
33466,127.2
33467,82.51
33468,96.65
33469,94.18
33470,99.72
33471,110.92
33472,119.22
33473,124.14
33474,81.75
33475,93.78
33476,93.97
33477,102.6
33478,110.39
33479,115.21
33480,21.56
33481,24.03
33482,25.92
33483,28.33
33484,30.99
33485,32.03
33486,31.03
33487,21.29
33488,25.21
33489,26.7
33490,28.21
33491,30.08
33492,31.34
33493,31.74
33494,21.65
33495,26.29
33496,27.15
33497,27.71
33498,29.62
33499,33.73
33500,33.42
33501,22.73
33502,25.59
33503,26.77
33504,28.01
33505,30.14
33506,32.57
33507,33.82
33508,21.65
33509,26.18
33510,25.42
33511,31.15
33512,32.52
33513,36.16
33514,36.62
33515,24.83
33516,28.42
33517,29.04
33518,31.45
33519,33.31
33520,35.15
33521,37.87
33522,23.69
33523,28.64
33524,29.37
33525,31.54
33526,32.1
33527,34.58
33528,37.68
33529,24.99
33530,28.51
33531,28.46
33532,31.17
33533,32.2
33534,32.98
33535,36.56
33536,25.69
33537,29.8
33538,28.89
33539,36.01
33540,38.56
33541,40.47
33542,44.11
33543,30.54
33544,34.77
33545,34.61
33546,36.25
33547,39.05
33548,40.97
33549,42.84
33550,31.08
33551,35.42
33552,34.58
33553,37.52
33554,40.24
33555,41.84
33556,45.23
33557,29.31
33558,34.97
33559,34.37
33560,36.34
33561,39.05
33562,42.64
33563,46.2
33564,30.23
33565,35.45
33566,34.61
33567,35.88
33568,38.82
33569,40.9
33570,53.68
33571,60.6
33572,60.08
33573,61.29
33574,70.71
33575,74.33
33576,76.24
33577,52.24
33578,61.05
33579,60.18
33580,62.49
33581,67.24
33582,71.96
33583,76.25
33584,52.01
33585,60.31
33586,60.63
33587,60.78
33588,67.15
33589,70.06
33590,75.56
33591,51.31
33592,58.96
33593,59.88
33594,61.64
33595,65.37
33596,65.13
33597,76.94
33598,50.61
33599,58.94
33600,59.81
33601,69.8
33602,75.12
33603,73.76
33604,82.48
33605,54.14
33606,64.25
33607,64.11
33608,69.54
33609,75.93
33610,78.14
33611,82.76
33612,54.93
33613,62.89
33614,64.8
33615,69.2
33616,71.99
33617,82.24
33618,85.87
33619,54.93
33620,66.78
33621,64.68
33622,69.43
33623,77.84
33624,81.17
33625,87.28
33626,57.39
33627,67.09
33628,65.9
33629,83.33
33630,92.52
33631,99.58
33632,99.33
33633,63.99
33634,79.96
33635,80.46
33636,83.23
33637,86.55
33638,93.79
33639,99.78
33640,63.94
33641,83.26
33642,76.84
33643,85.3
33644,89.62
33645,95.52
33646,101.06
33647,64.77
33648,80.2
33649,77.3
33650,84.16
33651,90.32
33652,96.49
33653,103.55
33654,65.26
33655,78.77
33656,77.41
33657,84.94
33658,90.94
33659,97.14
33660,62.15
33661,72.37
33662,70.49
33663,74.68
33664,83.41
33665,87.7
33666,92.16
33667,63.05
33668,70.19
33669,72.98
33670,76.96
33671,82.9
33672,87.13
33673,93.4
33674,61.5
33675,72.1
33676,73.97
33677,77.04
33678,78.09
33679,84.46
33680,90.93
33681,63.3
33682,73.57
33683,73.13
33684,78.09
33685,82.47
33686,84.47
33687,87.57
33688,62.47
33689,72.45
33690,72.92
33691,84.29
33692,91.02
33693,96.85
33694,100.43
33695,68.4
33696,78.93
33697,78.99
33698,89.38
33699,90.97
33700,98.35
33701,102.68
33702,67.96
33703,80.08
33704,82.1
33705,86.45
33706,91.85
33707,97.04
33708,105.25
33709,69.48
33710,79.26
33711,81.1
33712,88.05
33713,95.01
33714,99.45
33715,104.89
33716,71.02
33717,80.7
33718,83.64
33719,103.21
33720,115.0
33721,116.81
33722,118.63
33723,80.46
33724,92.54
33725,97.69
33726,104.12
33727,112.24
33728,114.53
33729,127.97
33730,82.82
33731,96.22
33732,100.41
33733,105.13
33734,112.12
33735,119.54
33736,133.02
33737,86.6
33738,96.33
33739,98.47
33740,102.75
33741,109.06
33742,118.3
33743,127.6
33744,89.78
33745,94.81
33746,99.47
33747,103.3
33748,107.24
33749,118.08
33750,36.5
33751,39.94
33752,41.19
33753,45.19
33754,49.95
33755,55.36
33756,53.29
33757,38.76
33758,43.57
33759,42.3
33760,46.23
33761,47.97
33762,53.21
33763,53.25
33764,37.35
33765,41.74
33766,43.07
33767,45.92
33768,49.14
33769,51.96
33770,55.41
33771,38.7
33772,42.41
33773,42.22
33774,46.11
33775,48.86
33776,52.69
33777,54.33
33778,37.18
33779,42.43
33780,43.59
33781,51.82
33782,54.15
33783,57.08
33784,61.29
33785,42.44
33786,48.15
33787,45.91
33788,51.47
33789,55.41
33790,56.94
33791,60.88
33792,40.9
33793,46.71
33794,47.95
33795,50.68
33796,52.98
33797,59.03
33798,62.43
33799,39.74
33800,45.89
33801,44.79
33802,51.8
33803,55.06
33804,58.98
33805,61.44
33806,41.14
33807,48.29
33808,47.11
33809,61.74
33810,64.67
33811,71.02
33812,74.46
33813,48.37
33814,57.96
33815,56.63
33816,61.98
33817,66.36
33818,71.65
33819,76.07
33820,49.83
33821,57.96
33822,56.75
33823,59.14
33824,64.29
33825,67.27
33826,74.84
33827,48.58
33828,57.65
33829,55.62
33830,61.79
33831,65.44
33832,71.04
33833,73.9
33834,48.14
33835,55.83
33836,57.0
33837,62.18
33838,64.17
33839,69.86
33840,17.16
33841,19.56
33842,20.43
33843,21.82
33844,22.83
33845,25.17
33846,26.58
33847,17.01
33848,19.19
33849,19.62
33850,20.97
33851,22.89
33852,24.17
33853,27.36
33854,17.41
33855,19.29
33856,19.5
33857,21.55
33858,22.4
33859,24.21
33860,25.26
33861,16.91
33862,18.75
33863,19.62
33864,20.89
33865,21.67
33866,24.03
33867,23.81
33868,16.89
33869,19.38
33870,19.68
33871,23.02
33872,25.24
33873,26.05
33874,27.09
33875,18.26
33876,21.89
33877,21.5
33878,23.06
33879,24.78
33880,25.98
33881,27.56
33882,17.96
33883,21.2
33884,20.14
33885,23.08
33886,24.0
33887,25.71
33888,28.3
33889,18.19
33890,20.67
33891,20.55
33892,22.93
33893,24.3
33894,26.81
33895,27.95
33896,18.15
33897,21.35
33898,20.58
33899,28.16
33900,30.53
33901,31.92
33902,34.64
33903,23.0
33904,25.71
33905,25.94
33906,27.63
33907,29.61
33908,29.13
33909,32.4
33910,21.92
33911,24.4
33912,24.92
33913,27.1
33914,28.9
33915,30.1
33916,32.97
33917,21.46
33918,25.0
33919,25.7
33920,27.72
33921,28.87
33922,30.4
33923,33.89
33924,21.16
33925,25.33
33926,26.11
33927,26.96
33928,29.05
33929,30.78
33930,64.73
33931,78.42
33932,78.35
33933,82.64
33934,88.27
33935,93.5
33936,99.26
33937,67.09
33938,76.5
33939,78.05
33940,83.86
33941,89.16
33942,97.18
33943,101.36
33944,65.36
33945,77.07
33946,79.42
33947,82.01
33948,89.48
33949,94.87
33950,98.18
33951,66.23
33952,76.18
33953,79.0
33954,81.3
33955,91.03
33956,95.73
33957,101.3
33958,67.99
33959,78.89
33960,83.33
33961,91.51
33962,102.79
33963,105.12
33964,117.15
33965,76.38
33966,87.21
33967,89.34
33968,96.76
33969,107.25
33970,110.23
33971,118.9
33972,73.9
33973,86.02
33974,91.06
33975,94.74
33976,103.53
33977,107.95
33978,118.39
33979,73.05
33980,87.61
33981,87.66
33982,93.72
33983,101.59
33984,107.7
33985,121.95
33986,75.57
33987,88.86
33988,86.56
33989,106.43
33990,117.76
33991,123.31
33992,133.31
33993,86.03
33994,98.68
33995,104.92
33996,114.88
33997,115.37
33998,135.09
33999,136.7
34000,89.54
34001,102.62
34002,106.6
34003,117.22
34004,118.17
34005,132.36
34006,133.47
34007,89.62
34008,102.11
34009,107.21
34010,119.75
34011,119.78
34012,129.31
34013,134.3
34014,91.5
34015,103.77
34016,104.9
34017,116.68
34018,114.51
34019,131.29
34020,54.14
34021,63.81
34022,61.91
34023,68.32
34024,73.78
34025,76.29
34026,79.23
34027,52.78
34028,60.43
34029,60.36
34030,67.11
34031,73.25
34032,74.96
34033,80.83
34034,52.53
34035,62.04
34036,64.15
34037,68.59
34038,71.73
34039,71.82
34040,77.94
34041,50.5
34042,65.19
34043,64.84
34044,67.32
34045,69.17
34046,72.05
34047,78.82
34048,53.26
34049,62.38
34050,63.1
34051,69.18
34052,77.5
34053,83.3
34054,87.46
34055,58.64
34056,65.79
34057,68.1
34058,72.92
34059,81.36
34060,85.97
34061,89.33
34062,58.12
34063,67.3
34064,69.72
34065,74.19
34066,80.53
34067,85.71
34068,89.46
34069,58.15
34070,71.06
34071,68.63
34072,74.95
34073,78.71
34074,85.22
34075,93.71
34076,59.01
34077,70.76
34078,67.81
34079,87.57
34080,95.91
34081,99.29
34082,104.89
34083,67.77
34084,81.34
34085,82.04
34086,84.06
34087,94.83
34088,98.94
34089,106.69
34090,68.49
34091,82.02
34092,83.64
34093,88.18
34094,92.89
34095,93.83
34096,100.12
34097,65.49
34098,82.48
34099,82.72
34100,89.42
34101,86.65
34102,97.22
34103,101.99
34104,70.27
34105,84.25
34106,83.59
34107,92.2
34108,88.53
34109,102.96
34110,31.04
34111,35.06
34112,35.87
34113,38.67
34114,42.07
34115,44.04
34116,48.43
34117,31.22
34118,35.91
34119,36.33
34120,37.13
34121,42.01
34122,44.25
34123,47.24
34124,30.4
34125,35.42
34126,36.24
34127,37.37
34128,41.35
34129,44.74
34130,46.44
34131,30.02
34132,35.7
34133,35.0
34134,38.07
34135,40.62
34136,45.38
34137,45.47
34138,30.88
34139,34.63
34140,37.49
34141,43.28
34142,46.41
34143,49.3
34144,50.45
34145,34.42
34146,38.94
34147,39.3
34148,42.97
34149,45.48
34150,47.91
34151,49.68
34152,32.53
34153,39.87
34154,37.95
34155,43.58
34156,46.54
34157,49.93
34158,49.33
34159,33.49
34160,40.36
34161,39.26
34162,42.71
34163,45.97
34164,49.35
34165,50.39
34166,34.92
34167,39.82
34168,37.46
34169,51.37
34170,54.97
34171,56.8
34172,59.31
34173,41.7
34174,47.82
34175,46.98
34176,50.73
34177,53.56
34178,55.92
34179,60.81
34180,39.08
34181,48.8
34182,48.6
34183,49.57
34184,54.29
34185,61.65
34186,60.62
34187,41.11
34188,48.06
34189,47.03
34190,50.37
34191,54.89
34192,55.03
34193,59.89
34194,39.03
34195,46.78
34196,47.83
34197,52.89
34198,54.2
34199,55.05
34200,45.91
34201,53.25
34202,53.46
34203,58.75
34204,57.17
34205,64.93
34206,66.07
34207,45.02
34208,50.44
34209,51.49
34210,57.09
34211,60.09
34212,65.58
34213,65.54
34214,45.52
34215,51.91
34216,51.08
34217,56.81
34218,60.52
34219,65.56
34220,67.59
34221,44.59
34222,50.84
34223,52.69
34224,56.08
34225,60.05
34226,66.01
34227,68.06
34228,43.9
34229,51.55
34230,52.17
34231,63.82
34232,67.64
34233,72.88
34234,75.12
34235,50.44
34236,57.18
34237,58.38
34238,64.11
34239,66.58
34240,71.45
34241,75.57
34242,52.34
34243,57.34
34244,56.28
34245,61.61
34246,66.41
34247,71.09
34248,76.33
34249,50.17
34250,58.18
34251,58.19
34252,61.17
34253,66.4
34254,72.22
34255,75.72
34256,49.84
34257,57.94
34258,57.3
34259,74.14
34260,78.36
34261,86.59
34262,89.45
34263,60.87
34264,69.09
34265,71.54
34266,72.77
34267,78.77
34268,85.23
34269,91.37
34270,60.74
34271,70.07
34272,71.74
34273,72.52
34274,78.4
34275,81.64
34276,90.76
34277,57.82
34278,68.88
34279,68.66
34280,72.48
34281,77.32
34282,83.39
34283,92.3
34284,56.15
34285,66.65
34286,68.22
34287,71.02
34288,77.85
34289,84.36
34290,32.51
34291,39.02
34292,40.3
34293,39.21
34294,44.12
34295,46.39
34296,50.07
34297,32.62
34298,37.91
34299,40.02
34300,40.96
34301,43.79
34302,46.9
34303,50.1
34304,33.54
34305,40.64
34306,41.49
34307,44.03
34308,45.74
34309,48.77
34310,49.4
34311,33.16
34312,39.43
34313,39.8
34314,42.19
34315,45.36
34316,49.41
34317,51.41
34318,32.33
34319,39.05
34320,40.97
34321,47.5
34322,49.33
34323,52.98
34324,56.69
34325,36.56
34326,44.09
34327,43.53
34328,48.9
34329,50.75
34330,54.76
34331,59.32
34332,36.54
34333,43.52
34334,43.42
34335,48.05
34336,49.77
34337,54.22
34338,59.6
34339,36.8
34340,44.11
34341,44.85
34342,47.7
34343,50.21
34344,54.8
34345,58.02
34346,37.88
34347,44.12
34348,44.24
34349,57.51
34350,60.65
34351,65.68
34352,68.42
34353,44.92
34354,53.25
34355,53.93
34356,56.92
34357,59.21
34358,65.94
34359,70.7
34360,44.99
34361,52.18
34362,52.99
34363,56.61
34364,57.68
34365,62.72
34366,67.46
34367,44.76
34368,52.28
34369,51.76
34370,56.52
34371,59.36
34372,63.02
34373,68.17
34374,45.5
34375,52.37
34376,52.14
34377,55.77
34378,59.18
34379,64.1
34380,52.0
34381,59.4
34382,61.12
34383,67.39
34384,72.66
34385,74.95
34386,82.74
34387,49.2
34388,63.21
34389,62.18
34390,66.91
34391,73.23
34392,75.71
34393,82.12
34394,51.69
34395,63.15
34396,63.48
34397,67.51
34398,71.33
34399,77.57
34400,84.6
34401,54.95
34402,63.72
34403,64.32
34404,67.91
34405,72.67
34406,75.91
34407,82.31
34408,53.74
34409,65.2
34410,64.76
34411,73.12
34412,81.08
34413,87.08
34414,91.27
34415,60.48
34416,72.34
34417,72.98
34418,75.32
34419,80.6
34420,83.16
34421,88.4
34422,60.99
34423,71.62
34424,68.99
34425,71.66
34426,79.26
34427,82.56
34428,89.87
34429,60.45
34430,71.5
34431,70.34
34432,74.14
34433,77.65
34434,85.44
34435,91.74
34436,61.66
34437,69.4
34438,66.81
34439,88.48
34440,94.77
34441,102.27
34442,107.4
34443,70.18
34444,85.05
34445,84.91
34446,88.34
34447,95.83
34448,102.47
34449,111.57
34450,72.02
34451,85.11
34452,85.21
34453,92.19
34454,98.58
34455,100.96
34456,114.09
34457,73.45
34458,86.66
34459,85.65
34460,88.16
34461,94.08
34462,98.79
34463,113.03
34464,75.28
34465,86.05
34466,82.99
34467,85.17
34468,91.43
34469,100.56
34470,19.53
34471,22.01
34472,23.16
34473,24.91
34474,26.29
34475,28.11
34476,30.05
34477,19.81
34478,23.76
34479,22.48
34480,25.44
34481,27.12
34482,28.84
34483,30.64
34484,20.07
34485,22.78
34486,23.5
34487,24.18
34488,26.04
34489,27.21
34490,29.83
34491,19.9
34492,22.67
34493,22.38
34494,23.25
34495,26.86
34496,29.22
34497,30.21
34498,19.85
34499,22.55
34500,22.7
34501,27.53
34502,30.65
34503,31.0
34504,33.38
34505,21.57
34506,24.42
34507,24.89
34508,26.87
34509,28.81
34510,29.3
34511,32.88
34512,21.47
34513,25.67
34514,24.13
34515,27.32
34516,28.29
34517,30.76
34518,32.0
34519,22.09
34520,25.3
34521,24.62
34522,26.87
34523,29.31
34524,29.47
34525,32.64
34526,21.48
34527,25.61
34528,24.41
34529,31.91
34530,34.07
34531,36.78
34532,37.61
34533,25.73
34534,30.01
34535,30.37
34536,31.77
34537,33.12
34538,36.45
34539,37.86
34540,27.24
34541,30.81
34542,30.0
34543,31.13
34544,33.43
34545,34.77
34546,38.22
34547,27.21
34548,29.85
34549,31.05
34550,31.53
34551,33.58
34552,38.6
34553,39.9
34554,27.47
34555,30.8
34556,30.94
34557,32.94
34558,35.0
34559,39.07
34560,51.02
34561,59.23
34562,60.76
34563,65.22
34564,68.88
34565,73.91
34566,76.51
34567,50.92
34568,56.61
34569,60.98
34570,64.14
34571,69.21
34572,72.99
34573,75.86
34574,51.99
34575,59.62
34576,59.82
34577,63.19
34578,68.04
34579,76.18
34580,75.02
34581,50.84
34582,58.27
34583,58.58
34584,64.39
34585,66.0
34586,72.76
34587,76.25
34588,50.75
34589,60.13
34590,58.51
34591,68.66
34592,77.16
34593,79.44
34594,84.0
34595,55.12
34596,64.36
34597,63.79
34598,71.46
34599,76.7
34600,79.6
34601,86.47
34602,57.17
34603,64.14
34604,67.5
34605,73.21
34606,73.29
34607,81.5
34608,84.76
34609,56.91
34610,65.11
34611,65.93
34612,72.31
34613,76.15
34614,87.12
34615,85.06
34616,59.12
34617,67.65
34618,63.6
34619,84.02
34620,91.68
34621,98.68
34622,98.62
34623,67.59
34624,79.35
34625,78.03
34626,82.22
34627,90.17
34628,97.95
34629,101.39
34630,65.78
34631,74.54
34632,78.16
34633,82.52
34634,92.31
34635,97.51
34636,101.34
34637,64.55
34638,74.78
34639,76.48
34640,85.73
34641,94.66
34642,96.42
34643,101.38
34644,66.21
34645,78.76
34646,79.34
34647,84.37
34648,89.43
34649,94.19
34650,59.13
34651,68.34
34652,69.44
34653,78.59
34654,78.04
34655,87.31
34656,90.39
34657,60.47
34658,68.33
34659,69.02
34660,72.57
34661,76.7
34662,85.62
34663,86.51
34664,60.89
34665,67.7
34666,70.57
34667,74.3
34668,74.06
34669,81.52
34670,88.85
34671,61.21
34672,67.69
34673,69.13
34674,71.87
34675,80.37
34676,83.75
34677,91.09
34678,60.61
34679,69.97
34680,72.06
34681,81.82
34682,86.21
34683,92.27
34684,99.26
34685,66.45
34686,75.76
34687,76.23
34688,79.45
34689,87.14
34690,93.94
34691,98.25
34692,65.79
34693,76.39
34694,77.42
34695,81.18
34696,89.08
34697,95.81
34698,97.11
34699,64.56
34700,78.16
34701,74.06
34702,80.7
34703,84.64
34704,93.64
34705,97.86
34706,66.11
34707,81.25
34708,77.04
34709,96.46
34710,102.7
34711,107.75
34712,118.11
34713,80.27
34714,91.48
34715,90.75
34716,93.42
34717,103.02
34718,110.39
34719,122.78
34720,83.97
34721,91.44
34722,93.63
34723,98.81
34724,104.41
34725,115.86
34726,119.17
34727,82.78
34728,94.89
34729,91.35
34730,97.6
34731,105.89
34732,115.55
34733,118.26
34734,80.01
34735,92.09
34736,89.08
34737,96.94
34738,101.22
34739,113.7
34740,22.26
34741,26.56
34742,26.11
34743,27.56
34744,29.85
34745,33.08
34746,34.59
34747,22.1
34748,25.16
34749,27.19
34750,27.41
34751,30.2
34752,32.13
34753,34.95
34754,22.02
34755,26.95
34756,26.7
34757,27.79
34758,30.94
34759,31.43
34760,34.13
34761,22.43
34762,26.24
34763,26.15
34764,26.78
34765,30.4
34766,32.59
34767,33.56
34768,21.53
34769,26.15
34770,26.04
34771,30.6
34772,34.15
34773,36.8
34774,36.74
34775,24.91
34776,28.77
34777,29.61
34778,30.99
34779,34.62
34780,37.54
34781,39.05
34782,25.42
34783,29.92
34784,29.65
34785,31.56
34786,34.32
34787,36.06
34788,38.8
34789,24.76
34790,29.42
34791,29.26
34792,31.19
34793,33.75
34794,35.22
34795,38.83
34796,25.47
34797,29.2
34798,29.66
34799,36.3
34800,40.07
34801,42.59
34802,46.1
34803,29.21
34804,34.47
34805,34.09
34806,37.26
34807,40.27
34808,43.18
34809,46.12
34810,29.49
34811,34.2
34812,34.02
34813,38.48
34814,37.4
34815,41.9
34816,43.68
34817,28.86
34818,33.19
34819,34.43
34820,38.22
34821,40.08
34822,42.6
34823,45.62
34824,30.15
34825,33.98
34826,35.52
34827,38.28
34828,39.39
34829,41.44
34830,65.54
34831,76.23
34832,75.04
34833,75.31
34834,81.05
34835,86.91
34836,92.26
34837,62.46
34838,72.8
34839,71.36
34840,76.61
34841,78.89
34842,87.21
34843,93.86
34844,60.91
34845,72.78
34846,71.5
34847,75.72
34848,82.38
34849,89.36
34850,92.73
34851,61.4
34852,71.5
34853,70.18
34854,75.71
34855,84.74
34856,91.13
34857,90.97
34858,61.76
34859,72.22
34860,72.03
34861,85.92
34862,89.46
34863,99.01
34864,104.26
34865,66.7
34866,78.73
34867,79.87
34868,86.8
34869,93.19
34870,98.17
34871,100.09
34872,63.96
34873,82.73
34874,79.55
34875,86.75
34876,91.79
34877,100.48
34878,105.88
34879,67.2
34880,83.93
34881,83.5
34882,86.26
34883,90.32
34884,95.61
34885,107.14
34886,72.28
34887,87.8
34888,79.97
34889,104.92
34890,109.08
34891,117.76
34892,124.62
34893,82.08
34894,94.73
34895,94.87
34896,106.09
34897,110.35
34898,118.1
34899,127.17
34900,81.36
34901,94.54
34902,97.88
34903,101.83
34904,110.3
34905,118.65
34906,125.31
34907,80.11
34908,95.86
34909,97.88
34910,102.53
34911,110.22
34912,114.49
34913,125.41
34914,81.84
34915,93.28
34916,98.88
34917,101.35
34918,110.06
34919,115.5
34920,33.71
34921,38.54
34922,39.76
34923,40.29
34924,44.9
34925,47.71
34926,49.69
34927,33.94
34928,38.14
34929,37.93
34930,41.37
34931,46.23
34932,49.96
34933,49.34
34934,34.43
34935,38.5
34936,40.26
34937,42.81
34938,46.15
34939,47.5
34940,50.68
34941,35.18
34942,38.58
34943,39.52
34944,42.8
34945,45.99
34946,47.67
34947,50.94
34948,34.9
34949,40.04
34950,41.68
34951,48.02
34952,51.4
34953,55.88
34954,56.41
34955,38.15
34956,43.5
34957,44.73
34958,47.76
34959,51.0
34960,54.36
34961,52.8
34962,36.13
34963,42.18
34964,43.94
34965,46.41
34966,49.27
34967,52.19
34968,57.82
34969,37.4
34970,45.65
34971,45.04
34972,47.35
34973,48.63
34974,52.66
34975,56.46
34976,36.98
34977,43.72
34978,44.95
34979,54.24
34980,57.29
34981,63.93
34982,67.41
34983,43.93
34984,53.76
34985,51.42
34986,54.48
34987,58.37
34988,61.16
34989,63.91
34990,43.65
34991,52.75
34992,53.43
34993,56.4
34994,59.46
34995,62.11
34996,66.31
34997,45.68
34998,50.54
34999,53.89
35000,55.75
35001,58.18
35002,62.89
35003,68.24
35004,47.02
35005,53.46
35006,54.86
35007,57.93
35008,60.47
35009,63.48
35010,22.03
35011,26.15
35012,25.72
35013,28.57
35014,29.34
35015,32.11
35016,31.34
35017,20.05
35018,26.15
35019,25.96
35020,28.69
35021,30.33
35022,31.74
35023,33.16
35024,20.67
35025,25.5
35026,25.71
35027,27.96
35028,28.36
35029,31.16
35030,34.66
35031,21.22
35032,25.54
35033,26.21
35034,28.42
35035,29.48
35036,31.57
35037,33.4
35038,21.56
35039,25.63
35040,25.88
35041,31.21
35042,34.61
35043,35.59
35044,39.22
35045,24.57
35046,27.76
35047,29.03
35048,31.46
35049,33.3
35050,36.3
35051,38.37
35052,25.33
35053,28.64
35054,29.42
35055,31.64
35056,32.86
35057,35.97
35058,35.98
35059,25.27
35060,29.19
35061,28.82
35062,31.62
35063,31.95
35064,36.15
35065,36.95
35066,25.53
35067,28.29
35068,27.88
35069,37.65
35070,40.11
35071,42.37
35072,46.16
35073,30.15
35074,34.75
35075,34.47
35076,37.61
35077,39.85
35078,40.64
35079,43.77
35080,29.44
35081,34.44
35082,35.15
35083,38.44
35084,40.47
35085,42.45
35086,45.38
35087,30.25
35088,34.03
35089,35.26
35090,38.1
35091,39.89
35092,42.96
35093,44.22
35094,29.58
35095,33.93
35096,33.32
35097,37.3
35098,39.93
35099,43.92
35100,17.62
35101,19.72
35102,19.92
35103,21.26
35104,23.74
35105,25.05
35106,25.13
35107,17.66
35108,19.36
35109,18.83
35110,20.78
35111,22.72
35112,25.48
35113,26.82
35114,17.23
35115,19.81
35116,19.46
35117,20.62
35118,22.79
35119,24.62
35120,25.6
35121,17.4
35122,19.77
35123,19.05
35124,21.74
35125,23.24
35126,24.87
35127,26.47
35128,16.74
35129,19.8
35130,19.25
35131,23.01
35132,25.9
35133,26.83
35134,28.46
35135,18.97
35136,21.26
35137,21.18
35138,23.33
35139,25.16
35140,27.49
35141,30.02
35142,19.68
35143,21.81
35144,21.2
35145,23.08
35146,25.28
35147,26.78
35148,27.02
35149,18.63
35150,21.39
35151,21.68
35152,22.08
35153,25.45
35154,26.16
35155,28.59
35156,19.71
35157,21.82
35158,22.03
35159,28.39
35160,29.21
35161,32.24
35162,34.32
35163,23.32
35164,26.99
35165,26.09
35166,27.14
35167,29.68
35168,31.27
35169,33.49
35170,22.69
35171,26.13
35172,26.18
35173,26.04
35174,28.73
35175,32.03
35176,35.47
35177,22.95
35178,26.49
35179,25.22
35180,27.23
35181,29.58
35182,31.41
35183,34.44
35184,23.06
35185,25.79
35186,25.76
35187,27.84
35188,30.41
35189,33.05
35190,27.44
35191,32.15
35192,33.97
35193,34.56
35194,38.45
35195,38.35
35196,41.47
35197,27.49
35198,33.0
35199,33.34
35200,33.44
35201,36.14
35202,39.02
35203,42.57
35204,27.23
35205,32.41
35206,33.56
35207,35.56
35208,37.98
35209,39.11
35210,43.55
35211,28.77
35212,32.42
35213,32.83
35214,34.54
35215,37.64
35216,39.18
35217,41.73
35218,28.77
35219,32.91
35220,34.66
35221,39.7
35222,41.93
35223,44.56
35224,48.01
35225,31.09
35226,36.36
35227,37.57
35228,39.3
35229,42.06
35230,44.96
35231,47.33
35232,31.67
35233,36.83
35234,37.91
35235,39.55
35236,43.02
35237,45.44
35238,47.69
35239,33.73
35240,36.47
35241,37.66
35242,39.51
35243,41.56
35244,45.83
35245,50.09
35246,32.48
35247,36.89
35248,35.77
35249,45.98
35250,48.63
35251,54.02
35252,57.19
35253,39.42
35254,43.75
35255,42.74
35256,47.63
35257,49.29
35258,53.18
35259,55.51
35260,37.1
35261,43.06
35262,43.7
35263,48.47
35264,49.12
35265,53.62
35266,55.82
35267,35.03
35268,44.51
35269,43.46
35270,47.27
35271,48.3
35272,52.67
35273,55.17
35274,34.88
35275,44.46
35276,43.62
35277,46.07
35278,49.8
35279,53.73
35280,38.5
35281,46.46
35282,46.32
35283,51.55
35284,53.54
35285,59.07
35286,60.36
35287,42.03
35288,45.92
35289,46.03
35290,48.86
35291,51.27
35292,54.54
35293,58.39
35294,42.62
35295,47.2
35296,46.16
35297,47.77
35298,53.83
35299,58.52
35300,61.26
35301,41.32
35302,45.96
35303,45.39
35304,49.47
35305,53.57
35306,55.1
35307,60.12
35308,39.79
35309,45.34
35310,45.16
35311,51.08
35312,58.35
35313,63.8
35314,66.71
35315,44.69
35316,51.84
35317,51.86
35318,53.94
35319,56.38
35320,65.34
35321,67.3
35322,45.34
35323,52.75
35324,50.77
35325,55.11
35326,59.4
35327,64.22
35328,65.77
35329,44.51
35330,51.98
35331,51.04
35332,54.63
35333,60.19
35334,62.57
35335,65.9
35336,44.53
35337,51.11
35338,50.35
35339,66.4
35340,71.31
35341,73.79
35342,77.79
35343,50.36
35344,61.71
35345,62.91
35346,66.15
35347,71.81
35348,72.22
35349,78.48
35350,51.49
35351,61.24
35352,63.49
35353,67.35
35354,69.01
35355,71.11
35356,78.78
35357,52.93
35358,61.03
35359,60.5
35360,65.29
35361,68.55
35362,71.7
35363,75.88
35364,51.45
35365,60.23
35366,61.8
35367,67.41
35368,71.21
35369,72.4
35370,22.07
35371,25.85
35372,26.73
35373,28.35
35374,30.29
35375,32.98
35376,32.45
35377,22.07
35378,25.29
35379,26.71
35380,28.2
35381,30.72
35382,30.99
35383,31.89
35384,21.8
35385,25.48
35386,25.51
35387,27.96
35388,29.88
35389,33.07
35390,33.41
35391,22.2
35392,26.25
35393,26.9
35394,27.94
35395,28.14
35396,31.96
35397,34.18
35398,21.87
35399,25.72
35400,25.52
35401,30.79
35402,32.33
35403,36.51
35404,36.66
35405,24.74
35406,28.26
35407,27.72
35408,31.68
35409,30.51
35410,37.13
35411,36.87
35412,24.01
35413,29.46
35414,27.71
35415,30.72
35416,32.87
35417,35.0
35418,38.2
35419,24.99
35420,28.56
35421,28.84
35422,31.7
35423,32.57
35424,34.8
35425,40.17
35426,25.91
35427,29.12
35428,29.11
35429,36.89
35430,40.04
35431,42.22
35432,46.26
35433,32.31
35434,35.03
35435,34.27
35436,37.64
35437,38.78
35438,41.08
35439,44.11
35440,30.59
35441,34.31
35442,34.39
35443,36.29
35444,37.62
35445,42.19
35446,45.75
35447,29.78
35448,33.05
35449,34.16
35450,36.74
35451,38.7
35452,41.71
35453,45.07
35454,29.4
35455,33.84
35456,34.37
35457,37.33
35458,38.99
35459,42.89
35460,61.79
35461,72.8
35462,72.02
35463,75.89
35464,82.15
35465,93.93
35466,88.96
35467,62.98
35468,71.86
35469,72.16
35470,74.3
35471,83.6
35472,92.78
35473,91.15
35474,62.73
35475,72.29
35476,70.47
35477,76.36
35478,82.32
35479,89.8
35480,90.05
35481,63.46
35482,71.27
35483,70.88
35484,74.59
35485,83.26
35486,87.08
35487,89.36
35488,63.41
35489,75.64
35490,71.69
35491,86.24
35492,91.68
35493,93.32
35494,98.39
35495,71.26
35496,78.63
35497,80.27
35498,85.34
35499,91.49
35500,93.31
35501,103.58
35502,71.59
35503,78.14
35504,80.73
35505,85.62
35506,93.89
35507,100.93
35508,107.59
35509,71.34
35510,77.31
35511,81.17
35512,88.01
35513,92.24
35514,102.19
35515,104.97
35516,67.78
35517,80.24
35518,82.45
35519,102.14
35520,110.28
35521,117.95
35522,123.95
35523,79.17
35524,95.37
35525,98.82
35526,100.68
35527,108.86
35528,113.52
35529,116.76
35530,81.09
35531,95.68
35532,97.61
35533,102.75
35534,111.57
35535,113.97
35536,122.85
35537,79.07
35538,95.19
35539,95.43
35540,103.31
35541,110.22
35542,115.69
35543,127.55
35544,80.04
35545,91.41
35546,95.42
35547,105.34
35548,111.49
35549,120.9
35550,45.39
35551,51.28
35552,53.13
35553,56.89
35554,60.13
35555,62.99
35556,70.49
35557,46.12
35558,53.25
35559,52.71
35560,56.4
35561,61.69
35562,65.46
35563,71.09
35564,45.45
35565,53.75
35566,53.74
35567,56.44
35568,58.86
35569,66.78
35570,67.06
35571,44.6
35572,53.13
35573,51.98
35574,56.94
35575,63.58
35576,63.32
35577,68.52
35578,46.02
35579,54.15
35580,51.5
35581,63.17
35582,66.19
35583,69.56
35584,74.22
35585,48.69
35586,59.37
35587,57.81
35588,61.83
35589,69.25
35590,71.39
35591,76.69
35592,49.78
35593,58.34
35594,55.53
35595,61.7
35596,66.37
35597,71.39
35598,74.17
35599,48.63
35600,57.23
35601,57.64
35602,63.68
35603,67.3
35604,74.5
35605,75.05
35606,49.65
35607,58.45
35608,57.23
35609,75.22
35610,79.4
35611,82.69
35612,86.25
35613,60.76
35614,70.85
35615,69.84
35616,76.73
35617,83.28
35618,85.83
35619,87.24
35620,58.42
35621,68.97
35622,70.59
35623,73.95
35624,77.74
35625,83.0
35626,86.0
35627,57.5
35628,69.61
35629,70.17
35630,74.47
35631,78.86
35632,80.89
35633,90.53
35634,60.42
35635,69.81
35636,70.47
35637,72.2
35638,77.17
35639,80.31
35640,17.54
35641,20.1
35642,20.25
35643,21.33
35644,22.84
35645,24.43
35646,26.61
35647,17.72
35648,18.7
35649,20.23
35650,22.46
35651,22.33
35652,23.59
35653,25.4
35654,16.76
35655,18.51
35656,19.25
35657,21.58
35658,23.01
35659,23.97
35660,24.61
35661,17.46
35662,18.41
35663,20.05
35664,21.04
35665,22.17
35666,23.28
35667,26.02
35668,16.4
35669,19.23
35670,19.75
35671,23.72
35672,25.43
35673,25.5
35674,27.88
35675,19.52
35676,21.89
35677,21.16
35678,23.7
35679,24.88
35680,27.26
35681,28.72
35682,19.25
35683,21.45
35684,20.92
35685,23.35
35686,24.88
35687,26.12
35688,27.42
35689,19.94
35690,21.35
35691,21.42
35692,23.12
35693,24.15
35694,27.87
35695,29.32
35696,20.32
35697,21.81
35698,20.88
35699,27.99
35700,29.51
35701,32.93
35702,34.63
35703,22.92
35704,26.06
35705,25.88
35706,28.68
35707,29.23
35708,32.63
35709,34.09
35710,21.95
35711,26.64
35712,25.6
35713,27.84
35714,30.35
35715,31.59
35716,33.11
35717,22.0
35718,26.14
35719,25.83
35720,27.75
35721,30.15
35722,32.58
35723,33.47
35724,22.5
35725,25.41
35726,25.7
35727,28.44
35728,29.17
35729,31.85
35730,41.77
35731,48.26
35732,46.28
35733,49.69
35734,53.42
35735,59.04
35736,60.49
35737,40.24
35738,46.45
35739,47.17
35740,49.4
35741,52.54
35742,58.54
35743,60.03
35744,40.35
35745,44.84
35746,46.51
35747,49.41
35748,53.64
35749,58.64
35750,61.27
35751,41.43
35752,45.87
35753,46.69
35754,48.36
35755,52.74
35756,55.2
35757,59.46
35758,40.14
35759,44.38
35760,47.24
35761,53.79
35762,58.52
35763,64.43
35764,65.5
35765,45.15
35766,51.86
35767,50.4
35768,54.74
35769,60.04
35770,64.35
35771,68.04
35772,44.26
35773,50.68
35774,50.73
35775,53.79
35776,59.72
35777,63.33
35778,66.64
35779,43.34
35780,51.01
35781,50.45
35782,53.21
35783,58.62
35784,63.93
35785,68.64
35786,44.8
35787,51.36
35788,50.09
35789,65.49
35790,70.07
35791,78.0
35792,83.98
35793,50.81
35794,59.51
35795,62.92
35796,66.08
35797,67.88
35798,75.3
35799,79.87
35800,51.32
35801,61.1
35802,62.88
35803,66.96
35804,69.62
35805,76.01
35806,76.95
35807,52.03
35808,61.31
35809,64.03
35810,67.12
35811,71.93
35812,75.84
35813,77.88
35814,50.93
35815,62.51
35816,63.23
35817,65.66
35818,71.83
35819,74.42
35820,22.64
35821,26.19
35822,25.96
35823,27.85
35824,29.33
35825,33.2
35826,35.66
35827,22.96
35828,26.31
35829,26.06
35830,29.95
35831,30.77
35832,33.55
35833,33.42
35834,22.82
35835,26.29
35836,26.85
35837,29.59
35838,31.07
35839,32.99
35840,33.38
35841,23.13
35842,25.54
35843,26.93
35844,28.13
35845,29.86
35846,32.59
35847,33.69
35848,21.42
35849,25.09
35850,27.63
35851,30.97
35852,33.96
35853,36.09
35854,37.09
35855,23.84
35856,28.45
35857,28.96
35858,31.06
35859,33.27
35860,35.81
35861,37.47
35862,24.64
35863,28.87
35864,28.81
35865,31.13
35866,32.68
35867,34.31
35868,39.03
35869,25.49
35870,29.26
35871,30.15
35872,31.05
35873,32.05
35874,33.6
35875,39.21
35876,24.45
35877,29.2
35878,29.36
35879,37.26
35880,39.75
35881,41.06
35882,46.4
35883,29.74
35884,33.97
35885,34.47
35886,36.73
35887,39.11
35888,40.98
35889,45.89
35890,30.53
35891,34.07
35892,34.18
35893,35.89
35894,36.9
35895,42.46
35896,45.13
35897,30.29
35898,33.34
35899,34.74
35900,37.15
35901,39.8
35902,44.15
35903,46.15
35904,29.86
35905,34.17
35906,34.48
35907,37.31
35908,40.46
35909,42.56
35910,53.36
35911,59.88
35912,61.12
35913,65.93
35914,68.96
35915,73.92
35916,71.74
35917,52.43
35918,57.89
35919,59.07
35920,64.46
35921,71.9
35922,74.08
35923,72.22
35924,51.41
35925,57.67
35926,60.79
35927,64.24
35928,66.97
35929,69.4
35930,75.03
35931,50.26
35932,58.9
35933,58.95
35934,62.56
35935,67.58
35936,74.1
35937,74.68
35938,51.47
35939,58.81
35940,58.96
35941,71.97
35942,75.73
35943,79.97
35944,83.76
35945,54.45
35946,65.08
35947,62.86
35948,68.83
35949,75.42
35950,77.71
35951,85.74
35952,55.4
35953,67.97
35954,65.75
35955,69.87
35956,76.75
35957,77.46
35958,84.45
35959,54.98
35960,65.87
35961,64.82
35962,70.01
35963,75.8
35964,79.85
35965,87.41
35966,57.64
35967,65.39
35968,64.62
35969,83.54
35970,91.08
35971,99.29
35972,100.62
35973,67.57
35974,78.02
35975,80.82
35976,85.27
35977,92.47
35978,102.88
35979,102.05
35980,68.16
35981,78.95
35982,82.3
35983,82.7
35984,88.64
35985,98.75
35986,100.83
35987,68.66
35988,80.48
35989,81.7
35990,85.9
35991,92.05
35992,100.88
35993,99.63
35994,68.89
35995,80.6
35996,79.36
35997,85.23
35998,93.65
35999,100.53
36000,14.7
36001,16.24
36002,18.1
36003,18.46
36004,20.1
36005,21.18
36006,21.02
36007,15.59
36008,17.88
36009,17.51
36010,18.13
36011,20.37
36012,20.57
36013,21.97
36014,14.53
36015,17.0
36016,17.75
36017,18.43
36018,19.62
36019,20.67
36020,22.53
36021,14.29
36022,17.81
36023,17.37
36024,18.45
36025,19.64
36026,21.26
36027,21.32
36028,14.59
36029,17.26
36030,17.49
36031,19.52
36032,22.46
36033,22.5
36034,23.11
36035,16.19
36036,18.97
36037,18.15
36038,19.71
36039,21.73
36040,23.08
36041,23.47
36042,15.99
36043,18.16
36044,18.59
36045,18.97
36046,20.91
36047,22.13
36048,23.72
36049,16.58
36050,18.22
36051,18.04
36052,19.35
36053,20.98
36054,23.59
36055,24.45
36056,15.87
36057,19.06
36058,17.55
36059,22.72
36060,25.73
36061,27.83
36062,29.21
36063,18.36
36064,22.73
36065,21.81
36066,22.96
36067,25.93
36068,27.35
36069,28.46
36070,17.9
36071,21.95
36072,21.83
36073,23.41
36074,25.74
36075,26.83
36076,28.88
36077,19.05
36078,21.71
36079,22.08
36080,23.53
36081,24.67
36082,27.03
36083,28.82
36084,17.82
36085,22.55
36086,22.48
36087,24.03
36088,25.35
36089,27.94
36090,39.17
36091,44.9
36092,45.99
36093,47.99
36094,50.63
36095,57.17
36096,59.75
36097,38.1
36098,45.84
36099,44.27
36100,47.34
36101,51.78
36102,57.22
36103,56.5
36104,39.14
36105,43.22
36106,43.93
36107,47.16
36108,50.65
36109,56.7
36110,58.49
36111,37.74
36112,45.41
36113,44.22
36114,49.09
36115,52.71
36116,55.73
36117,58.74
36118,37.58
36119,44.69
36120,45.66
36121,50.96
36122,56.77
36123,60.91
36124,63.26
36125,43.77
36126,50.44
36127,49.57
36128,53.5
36129,55.5
36130,59.64
36131,61.6
36132,42.25
36133,50.42
36134,48.56
36135,54.59
36136,55.19
36137,59.96
36138,66.37
36139,44.05
36140,51.04
36141,47.05
36142,52.68
36143,55.9
36144,60.38
36145,67.98
36146,41.51
36147,50.36
36148,48.68
36149,62.97
36150,69.51
36151,72.43
36152,81.08
36153,48.41
36154,58.12
36155,60.62
36156,63.13
36157,67.61
36158,72.36
36159,78.21
36160,51.66
36161,58.75
36162,59.14
36163,64.74
36164,68.87
36165,74.18
36166,78.16
36167,51.97
36168,56.53
36169,57.77
36170,63.73
36171,66.7
36172,73.21
36173,76.45
36174,49.73
36175,56.89
36176,55.83
36177,63.2
36178,66.12
36179,71.16
36180,23.45
36181,27.15
36182,27.38
36183,29.34
36184,32.42
36185,33.4
36186,36.59
36187,24.18
36188,28.0
36189,28.46
36190,29.72
36191,32.62
36192,34.3
36193,36.59
36194,23.77
36195,27.72
36196,28.17
36197,28.96
36198,31.23
36199,34.06
36200,37.4
36201,24.35
36202,28.03
36203,28.36
36204,30.25
36205,31.98
36206,34.93
36207,36.33
36208,23.53
36209,26.78
36210,27.67
36211,31.83
36212,35.17
36213,37.99
36214,40.08
36215,26.19
36216,29.26
36217,31.25
36218,32.87
36219,35.91
36220,39.26
36221,41.96
36222,26.18
36223,29.6
36224,31.97
36225,32.27
36226,36.89
36227,38.63
36228,41.25
36229,25.92
36230,30.31
36231,31.97
36232,33.31
36233,36.4
36234,38.46
36235,41.2
36236,27.07
36237,30.71
36238,32.31
36239,39.98
36240,43.25
36241,46.54
36242,48.44
36243,32.23
36244,37.59
36245,38.43
36246,40.2
36247,44.06
36248,46.29
36249,47.88
36250,31.7
36251,37.29
36252,37.44
36253,40.03
36254,43.66
36255,46.15
36256,48.08
36257,31.3
36258,37.65
36259,37.78
36260,40.57
36261,44.17
36262,45.0
36263,48.55
36264,31.44
36265,37.15
36266,37.52
36267,41.57
36268,42.86
36269,44.77
36270,15.2
36271,16.36
36272,16.95
36273,17.59
36274,19.57
36275,21.01
36276,21.87
36277,14.57
36278,16.64
36279,17.09
36280,17.83
36281,18.47
36282,20.87
36283,21.71
36284,14.88
36285,16.52
36286,16.9
36287,18.12
36288,18.75
36289,20.4
36290,21.22
36291,15.46
36292,17.37
36293,17.16
36294,18.18
36295,19.72
36296,20.33
36297,21.71
36298,14.6
36299,17.08
36300,17.43
36301,19.79
36302,21.87
36303,22.41
36304,23.68
36305,16.0
36306,17.97
36307,18.81
36308,19.96
36309,20.97
36310,21.25
36311,23.19
36312,15.26
36313,17.98
36314,18.2
36315,20.14
36316,20.51
36317,21.84
36318,24.28
36319,15.8
36320,18.94
36321,18.98
36322,19.51
36323,20.63
36324,22.15
36325,24.07
36326,13.81
36327,18.98
36328,19.06
36329,23.87
36330,24.9
36331,27.44
36332,28.13
36333,18.14
36334,22.66
36335,23.0
36336,23.37
36337,24.7
36338,27.19
36339,29.81
36340,18.52
36341,22.19
36342,22.18
36343,24.69
36344,25.85
36345,28.05
36346,29.08
36347,18.2
36348,23.04
36349,22.27
36350,24.04
36351,25.82
36352,27.25
36353,29.5
36354,19.37
36355,22.36
36356,22.5
36357,23.55
36358,26.06
36359,27.56
36360,11.85
36361,13.33
36362,13.79
36363,14.08
36364,15.57
36365,16.3
36366,17.94
36367,11.4
36368,14.0
36369,13.76
36370,14.88
36371,16.58
36372,15.8
36373,17.34
36374,11.52
36375,14.01
36376,13.58
36377,14.9
36378,15.47
36379,16.51
36380,18.43
36381,12.0
36382,13.66
36383,13.65
36384,14.78
36385,16.18
36386,16.88
36387,17.49
36388,11.46
36389,13.98
36390,14.58
36391,16.26
36392,17.3
36393,18.48
36394,20.21
36395,13.23
36396,15.08
36397,14.91
36398,16.26
36399,17.19
36400,18.9
36401,20.26
36402,13.22
36403,15.58
36404,14.96
36405,16.73
36406,16.74
36407,18.25
36408,19.9
36409,13.13
36410,15.04
36411,15.1
36412,16.43
36413,16.78
36414,18.49
36415,20.26
36416,13.15
36417,15.78
36418,14.73
36419,19.71
36420,20.36
36421,24.07
36422,23.17
36423,15.38
36424,18.39
36425,18.04
36426,19.78
36427,20.58
36428,22.7
36429,22.4
36430,14.85
36431,18.37
36432,18.44
36433,19.87
36434,21.99
36435,22.4
36436,22.53
36437,14.64
36438,19.4
36439,18.33
36440,20.82
36441,22.96
36442,21.13
36443,24.8
36444,14.39
36445,18.28
36446,18.35
36447,20.33
36448,20.58
36449,21.7
36450,37.8
36451,45.57
36452,45.57
36453,47.71
36454,50.29
36455,58.41
36456,58.37
36457,36.55
36458,44.15
36459,45.53
36460,46.81
36461,50.45
36462,54.05
36463,58.89
36464,36.54
36465,44.74
36466,45.07
36467,48.13
36468,52.17
36469,53.61
36470,59.25
36471,38.37
36472,44.04
36473,46.19
36474,47.84
36475,51.54
36476,55.74
36477,57.04
36478,36.79
36479,43.2
36480,45.13
36481,51.25
36482,55.69
36483,61.59
36484,66.88
36485,43.5
36486,50.51
36487,49.9
36488,52.85
36489,57.88
36490,61.47
36491,65.37
36492,42.09
36493,47.7
36494,47.55
36495,52.56
36496,56.0
36497,60.35
36498,69.17
36499,43.74
36500,48.69
36501,48.18
36502,50.64
36503,55.33
36504,62.97
36505,68.78
36506,44.58
36507,50.12
36508,48.23
36509,63.58
36510,69.39
36511,75.19
36512,79.08
36513,50.95
36514,55.77
36515,56.02
36516,63.64
36517,69.38
36518,74.48
36519,77.2
36520,51.13
36521,57.66
36522,57.15
36523,62.97
36524,66.62
36525,71.04
36526,75.04
36527,50.41
36528,59.34
36529,57.9
36530,64.53
36531,67.62
36532,74.83
36533,77.95
36534,51.1
36535,57.13
36536,56.62
36537,63.13
36538,66.16
36539,71.59
36540,39.57
36541,44.12
36542,44.8
36543,49.75
36544,51.0
36545,55.01
36546,59.99
36547,39.56
36548,45.15
36549,45.57
36550,48.43
36551,48.6
36552,55.39
36553,58.77
36554,38.7
36555,44.33
36556,44.47
36557,48.0
36558,49.4
36559,55.38
36560,61.39
36561,39.5
36562,45.44
36563,44.52
36564,47.26
36565,51.18
36566,55.91
36567,58.86
36568,39.54
36569,43.98
36570,45.99
36571,51.25
36572,56.03
36573,59.73
36574,64.32
36575,43.09
36576,47.68
36577,49.81
36578,53.32
36579,55.88
36580,60.37
36581,63.12
36582,44.21
36583,48.74
36584,48.93
36585,51.3
36586,56.91
36587,62.57
36588,64.52
36589,43.58
36590,49.91
36591,49.04
36592,52.49
36593,58.27
36594,61.45
36595,66.22
36596,44.69
36597,49.29
36598,48.92
36599,64.19
36600,69.27
36601,72.75
36602,78.33
36603,51.46
36604,57.95
36605,57.86
36606,63.3
36607,66.27
36608,72.35
36609,78.2
36610,49.5
36611,60.75
36612,60.42
36613,67.66
36614,67.92
36615,73.83
36616,74.89
36617,48.81
36618,60.42
36619,56.88
36620,65.22
36621,68.18
36622,73.11
36623,76.02
36624,49.41
36625,60.43
36626,57.65
36627,64.27
36628,67.6
36629,72.05
36630,50.97
36631,58.45
36632,57.59
36633,64.29
36634,66.06
36635,72.2
36636,77.24
36637,50.79
36638,59.76
36639,59.25
36640,64.05
36641,67.35
36642,71.91
36643,78.35
36644,51.5
36645,60.58
36646,57.15
36647,61.93
36648,68.91
36649,72.23
36650,78.64
36651,53.44
36652,58.38
36653,58.35
36654,62.1
36655,68.43
36656,71.77
36657,76.3
36658,52.86
36659,59.05
36660,59.71
36661,71.06
36662,73.9
36663,81.07
36664,81.24
36665,57.34
36666,64.4
36667,67.24
36668,69.44
36669,75.89
36670,83.18
36671,81.74
36672,55.98
36673,63.2
36674,65.97
36675,72.3
36676,77.24
36677,84.42
36678,82.9
36679,55.48
36680,65.03
36681,65.1
36682,69.02
36683,76.47
36684,79.99
36685,81.56
36686,57.27
36687,66.08
36688,63.64
36689,86.36
36690,91.55
36691,95.01
36692,97.55
36693,67.43
36694,75.47
36695,78.5
36696,82.76
36697,87.16
36698,95.53
36699,100.82
36700,65.85
36701,77.07
36702,77.15
36703,82.67
36704,88.71
36705,98.75
36706,101.71
36707,65.8
36708,79.24
36709,74.37
36710,83.56
36711,90.96
36712,97.83
36713,98.99
36714,63.52
36715,80.02
36716,75.13
36717,84.56
36718,90.3
36719,93.81
36720,33.06
36721,38.12
36722,38.81
36723,41.28
36724,44.32
36725,48.11
36726,49.07
36727,35.56
36728,38.98
36729,39.17
36730,40.95
36731,42.49
36732,49.31
36733,49.88
36734,33.61
36735,38.88
36736,39.68
36737,42.16
36738,44.74
36739,48.77
36740,49.08
36741,33.42
36742,38.58
36743,37.67
36744,40.45
36745,43.56
36746,48.93
36747,49.85
36748,33.5
36749,39.51
36750,39.79
36751,45.6
36752,48.52
36753,52.61
36754,55.82
36755,36.66
36756,43.24
36757,44.19
36758,47.26
36759,49.94
36760,53.93
36761,57.93
36762,39.51
36763,43.43
36764,45.21
36765,46.64
36766,48.52
36767,55.9
36768,59.03
36769,38.16
36770,43.51
36771,42.64
36772,46.91
36773,51.21
36774,53.04
36775,55.88
36776,38.57
36777,43.33
36778,43.23
36779,55.0
36780,58.83
36781,61.92
36782,65.82
36783,44.38
36784,52.52
36785,52.86
36786,56.45
36787,58.62
36788,62.59
36789,68.63
36790,44.34
36791,51.45
36792,51.59
36793,56.93
36794,59.83
36795,62.55
36796,68.34
36797,45.76
36798,50.36
36799,50.81
36800,57.1
36801,61.68
36802,63.15
36803,66.25
36804,46.57
36805,50.49
36806,52.48
36807,56.5
36808,60.19
36809,64.47
36810,48.91
36811,56.56
36812,56.22
36813,60.33
36814,65.7
36815,70.67
36816,74.03
36817,49.9
36818,57.58
36819,57.92
36820,60.75
36821,64.28
36822,68.25
36823,71.67
36824,47.64
36825,57.4
36826,58.08
36827,61.08
36828,68.12
36829,70.1
36830,74.04
36831,49.67
36832,57.65
36833,56.49
36834,61.16
36835,65.36
36836,71.01
36837,76.33
36838,49.62
36839,58.26
36840,57.78
36841,67.2
36842,73.51
36843,77.9
36844,82.63
36845,55.68
36846,61.98
36847,63.98
36848,69.53
36849,72.55
36850,76.29
36851,84.67
36852,54.19
36853,63.96
36854,66.47
36855,68.24
36856,74.02
36857,76.98
36858,85.92
36859,55.35
36860,63.96
36861,67.1
36862,68.46
36863,75.32
36864,80.21
36865,83.69
36866,55.86
36867,64.45
36868,63.79
36869,79.9
36870,83.71
36871,96.49
36872,100.6
36873,65.46
36874,75.1
36875,74.97
36876,78.54
36877,87.98
36878,94.15
36879,100.78
36880,66.06
36881,74.94
36882,78.15
36883,81.06
36884,90.74
36885,95.23
36886,99.59
36887,66.71
36888,76.69
36889,77.7
36890,79.76
36891,85.01
36892,88.88
36893,93.35
36894,66.82
36895,76.49
36896,75.92
36897,82.86
36898,84.93
36899,94.57
36900,46.41
36901,51.57
36902,54.4
36903,58.0
36904,61.77
36905,63.52
36906,70.31
36907,47.49
36908,53.31
36909,55.01
36910,58.06
36911,62.24
36912,69.68
36913,71.58
36914,47.0
36915,52.17
36916,51.48
36917,55.13
36918,62.5
36919,67.64
36920,70.93
36921,48.79
36922,53.49
36923,55.3
36924,56.19
36925,63.49
36926,63.85
36927,68.45
36928,47.28
36929,51.86
36930,54.28
36931,63.93
36932,69.83
36933,72.63
36934,77.28
36935,52.98
36936,59.56
36937,59.91
36938,62.77
36939,66.41
36940,69.22
36941,77.26
36942,50.33
36943,57.8
36944,58.84
36945,62.17
36946,67.32
36947,71.63
36948,75.36
36949,49.96
36950,58.96
36951,59.26
36952,63.61
36953,68.57
36954,72.31
36955,78.26
36956,50.69
36957,58.15
36958,57.83
36959,78.01
36960,79.61
36961,83.78
36962,92.12
36963,63.71
36964,73.58
36965,70.37
36966,77.24
36967,80.18
36968,86.2
36969,95.09
36970,63.71
36971,71.08
36972,72.02
36973,75.84
36974,81.83
36975,87.25
36976,89.86
36977,63.18
36978,71.2
36979,69.87
36980,75.38
36981,78.32
36982,82.09
36983,88.87
36984,62.22
36985,72.92
36986,70.97
36987,73.02
36988,76.81
36989,84.89
36990,47.53
36991,54.41
36992,55.27
36993,59.45
36994,64.57
36995,66.84
36996,68.15
36997,46.97
36998,54.38
36999,52.93
37000,58.53
37001,59.87
37002,66.66
37003,69.42
37004,45.81
37005,54.19
37006,54.8
37007,58.49
37008,60.44
37009,66.91
37010,70.72
37011,46.96
37012,53.83
37013,54.78
37014,56.3
37015,62.39
37016,67.05
37017,69.34
37018,47.35
37019,54.56
37020,53.37
37021,64.42
37022,68.99
37023,74.19
37024,76.56
37025,50.55
37026,59.43
37027,62.06
37028,63.26
37029,68.31
37030,74.42
37031,77.63
37032,51.41
37033,61.31
37034,59.69
37035,62.2
37036,66.47
37037,73.15
37038,77.98
37039,50.53
37040,58.28
37041,59.36
37042,63.48
37043,69.43
37044,72.45
37045,76.8
37046,50.6
37047,58.66
37048,57.82
37049,76.39
37050,80.43
37051,83.11
37052,87.98
37053,59.11
37054,72.86
37055,72.0
37056,74.95
37057,79.14
37058,82.19
37059,92.29
37060,60.74
37061,71.52
37062,72.08
37063,74.15
37064,77.67
37065,84.44
37066,92.1
37067,60.44
37068,72.32
37069,70.72
37070,73.85
37071,79.85
37072,88.01
37073,91.14
37074,61.5
37075,69.14
37076,68.95
37077,75.64
37078,76.28
37079,85.91
37080,58.65
37081,64.86
37082,67.57
37083,69.34
37084,74.78
37085,80.5
37086,84.44
37087,57.64
37088,64.08
37089,65.58
37090,68.97
37091,74.81
37092,80.11
37093,82.92
37094,55.62
37095,64.54
37096,63.81
37097,69.63
37098,74.5
37099,77.21
37100,84.79
37101,54.78
37102,64.88
37103,64.41
37104,67.84
37105,74.67
37106,79.24
37107,82.84
37108,53.5
37109,65.38
37110,64.68
37111,74.75
37112,84.23
37113,88.04
37114,96.06
37115,60.31
37116,73.57
37117,70.64
37118,76.43
37119,87.29
37120,88.65
37121,90.7
37122,58.87
37123,72.35
37124,73.78
37125,74.61
37126,87.15
37127,87.51
37128,88.66
37129,60.69
37130,72.57
37131,72.28
37132,75.43
37133,82.15
37134,85.6
37135,87.54
37136,63.24
37137,73.31
37138,71.2
37139,93.95
37140,100.8
37141,105.69
37142,105.89
37143,72.19
37144,87.62
37145,87.9
37146,93.3
37147,100.41
37148,105.46
37149,112.08
37150,73.76
37151,89.22
37152,87.44
37153,91.92
37154,98.41
37155,108.15
37156,114.69
37157,77.54
37158,93.19
37159,86.02
37160,92.48
37161,102.61
37162,108.39
37163,112.91
37164,74.6
37165,86.54
37166,83.65
37167,93.57
37168,99.71
37169,108.33
37170,38.63
37171,44.72
37172,44.76
37173,48.91
37174,52.67
37175,55.39
37176,59.2
37177,38.26
37178,44.17
37179,42.9
37180,47.88
37181,52.83
37182,56.05
37183,58.99
37184,38.34
37185,42.78
37186,43.9
37187,48.62
37188,52.03
37189,59.26
37190,57.65
37191,37.92
37192,44.77
37193,44.37
37194,49.72
37195,49.89
37196,56.09
37197,57.46
37198,38.82
37199,43.77
37200,44.97
37201,54.65
37202,58.29
37203,63.3
37204,64.02
37205,42.68
37206,49.98
37207,48.61
37208,52.18
37209,57.1
37210,62.64
37211,66.14
37212,43.43
37213,49.23
37214,48.63
37215,52.71
37216,57.62
37217,59.38
37218,65.52
37219,45.26
37220,48.08
37221,47.6
37222,52.6
37223,56.27
37224,61.41
37225,63.17
37226,44.16
37227,49.2
37228,50.41
37229,65.34
37230,64.81
37231,70.41
37232,73.98
37233,50.21
37234,59.22
37235,60.54
37236,64.28
37237,63.8
37238,67.3
37239,72.29
37240,52.6
37241,60.08
37242,61.68
37243,65.13
37244,65.77
37245,70.86
37246,77.05
37247,53.41
37248,61.68
37249,60.5
37250,65.09
37251,66.04
37252,74.72
37253,78.4
37254,52.04
37255,60.13
37256,59.81
37257,65.55
37258,65.97
37259,73.68
37260,61.28
37261,68.44
37262,68.36
37263,74.68
37264,82.24
37265,87.46
37266,90.87
37267,60.35
37268,70.29
37269,73.45
37270,76.48
37271,80.64
37272,85.81
37273,87.66
37274,58.21
37275,66.59
37276,68.78
37277,74.07
37278,81.15
37279,83.13
37280,84.38
37281,58.39
37282,70.14
37283,70.1
37284,73.24
37285,77.27
37286,81.21
37287,82.84
37288,56.68
37289,67.06
37290,69.46
37291,79.17
37292,84.94
37293,93.07
37294,93.36
37295,63.67
37296,73.72
37297,74.76
37298,79.16
37299,84.92
37300,93.99
37301,98.97
37302,64.92
37303,75.18
37304,75.26
37305,82.65
37306,86.71
37307,93.09
37308,98.92
37309,65.61
37310,75.18
37311,75.02
37312,81.58
37313,84.67
37314,87.67
37315,95.33
37316,67.65
37317,76.7
37318,74.27
37319,92.53
37320,102.1
37321,105.53
37322,113.27
37323,73.09
37324,86.1
37325,88.7
37326,94.9
37327,101.94
37328,110.22
37329,116.32
37330,74.77
37331,90.95
37332,92.52
37333,96.73
37334,100.3
37335,112.2
37336,113.93
37337,76.38
37338,87.27
37339,91.12
37340,95.63
37341,103.36
37342,111.07
37343,110.62
37344,82.06
37345,90.41
37346,89.63
37347,91.97
37348,99.08
37349,109.13
37350,16.43
37351,19.28
37352,20.08
37353,20.97
37354,22.68
37355,24.24
37356,25.11
37357,17.21
37358,18.77
37359,19.24
37360,21.45
37361,22.88
37362,25.08
37363,25.08
37364,17.35
37365,19.64
37366,19.08
37367,21.74
37368,22.76
37369,25.22
37370,26.56
37371,17.34
37372,19.21
37373,19.33
37374,20.97
37375,22.65
37376,24.25
37377,25.9
37378,16.82
37379,19.36
37380,19.28
37381,23.05
37382,23.89
37383,26.87
37384,27.56
37385,18.01
37386,21.16
37387,21.4
37388,23.08
37389,24.68
37390,28.25
37391,29.63
37392,18.88
37393,21.49
37394,21.52
37395,23.22
37396,26.13
37397,25.7
37398,28.94
37399,18.45
37400,21.45
37401,21.03
37402,23.05
37403,25.14
37404,28.86
37405,29.1
37406,19.39
37407,22.48
37408,20.94
37409,27.29
37410,30.28
37411,32.11
37412,33.19
37413,22.86
37414,25.54
37415,25.08
37416,26.68
37417,29.55
37418,31.25
37419,34.09
37420,22.55
37421,25.95
37422,26.11
37423,27.34
37424,29.03
37425,32.34
37426,33.49
37427,22.83
37428,24.81
37429,26.51
37430,28.11
37431,30.63
37432,30.45
37433,33.75
37434,22.9
37435,25.55
37436,26.19
37437,27.57
37438,29.68
37439,32.79
37440,21.67
37441,25.36
37442,24.97
37443,26.57
37444,29.55
37445,30.77
37446,34.18
37447,21.6
37448,24.87
37449,25.74
37450,25.63
37451,29.52
37452,31.47
37453,32.78
37454,21.29
37455,24.15
37456,25.19
37457,27.62
37458,29.92
37459,31.15
37460,33.3
37461,20.76
37462,24.66
37463,25.08
37464,28.26
37465,29.75
37466,31.01
37467,33.13
37468,21.34
37469,25.36
37470,25.42
37471,29.8
37472,33.37
37473,34.01
37474,37.46
37475,23.68
37476,26.85
37477,27.09
37478,30.55
37479,32.91
37480,34.04
37481,34.67
37482,23.69
37483,26.28
37484,28.98
37485,29.68
37486,31.7
37487,33.74
37488,35.18
37489,24.04
37490,27.29
37491,27.67
37492,30.8
37493,33.43
37494,35.01
37495,36.51
37496,24.05
37497,27.48
37498,28.29
37499,35.7
37500,39.3
37501,40.53
37502,44.08
37503,27.54
37504,33.3
37505,33.24
37506,36.6
37507,37.9
37508,40.28
37509,43.49
37510,28.7
37511,32.28
37512,31.7
37513,35.1
37514,36.72
37515,41.73
37516,41.56
37517,28.0
37518,33.23
37519,34.07
37520,36.36
37521,37.82
37522,40.68
37523,40.74
37524,28.55
37525,32.95
37526,34.18
37527,35.41
37528,37.57
37529,40.14
37530,55.89
37531,68.15
37532,65.44
37533,73.75
37534,77.36
37535,79.51
37536,80.93
37537,55.92
37538,66.92
37539,64.11
37540,68.07
37541,74.74
37542,78.38
37543,86.47
37544,58.15
37545,63.09
37546,63.08
37547,69.11
37548,75.0
37549,79.13
37550,85.41
37551,54.23
37552,59.22
37553,62.64
37554,69.2
37555,75.97
37556,81.05
37557,83.1
37558,52.39
37559,62.54
37560,62.81
37561,74.11
37562,78.92
37563,87.84
37564,90.05
37565,57.23
37566,67.83
37567,69.31
37568,78.22
37569,83.14
37570,87.41
37571,95.08
37572,60.81
37573,71.32
37574,71.39
37575,79.55
37576,84.51
37577,86.88
37578,94.23
37579,60.85
37580,72.48
37581,72.54
37582,78.93
37583,80.04
37584,87.8
37585,95.6
37586,64.35
37587,70.73
37588,70.97
37589,93.15
37590,98.74
37591,100.45
37592,105.03
37593,72.12
37594,83.57
37595,88.43
37596,92.59
37597,101.42
37598,100.55
37599,105.18
37600,72.75
37601,83.33
37602,90.54
37603,92.96
37604,97.74
37605,98.26
37606,107.31
37607,76.17
37608,85.35
37609,86.71
37610,91.31
37611,98.69
37612,105.78
37613,110.37
37614,78.24
37615,87.87
37616,86.35
37617,94.04
37618,98.49
37619,108.74
37620,26.5
37621,30.87
37622,31.41
37623,34.21
37624,36.37
37625,39.49
37626,40.45
37627,25.85
37628,30.61
37629,31.53
37630,33.67
37631,34.95
37632,39.68
37633,41.16
37634,25.46
37635,31.4
37636,31.8
37637,33.38
37638,35.39
37639,38.9
37640,40.63
37641,25.46
37642,31.21
37643,31.62
37644,34.12
37645,36.19
37646,39.18
37647,41.97
37648,25.78
37649,31.23
37650,33.51
37651,37.47
37652,39.58
37653,43.3
37654,46.74
37655,30.03
37656,33.88
37657,35.04
37658,37.79
37659,39.87
37660,44.12
37661,46.24
37662,29.1
37663,35.15
37664,34.85
37665,35.98
37666,39.65
37667,42.5
37668,45.83
37669,29.53
37670,34.4
37671,35.26
37672,39.25
37673,39.04
37674,43.05
37675,43.72
37676,29.6
37677,33.8
37678,34.21
37679,44.59
37680,45.28
37681,51.18
37682,52.14
37683,35.57
37684,40.34
37685,39.92
37686,43.88
37687,46.79
37688,50.32
37689,50.33
37690,35.45
37691,39.62
37692,39.42
37693,46.22
37694,49.22
37695,50.42
37696,53.63
37697,36.31
37698,41.42
37699,40.3
37700,43.77
37701,47.68
37702,49.36
37703,54.31
37704,36.84
37705,40.86
37706,42.68
37707,45.17
37708,48.0
37709,50.02
37710,30.06
37711,36.14
37712,35.7
37713,38.83
37714,41.82
37715,45.66
37716,47.69
37717,30.28
37718,36.71
37719,36.2
37720,38.71
37721,42.25
37722,44.27
37723,44.81
37724,30.56
37725,36.81
37726,36.4
37727,37.1
37728,42.2
37729,44.06
37730,45.8
37731,30.36
37732,37.33
37733,36.31
37734,38.66
37735,41.32
37736,43.55
37737,47.13
37738,31.17
37739,38.38
37740,38.74
37741,42.83
37742,46.5
37743,50.0
37744,52.66
37745,34.1
37746,41.54
37747,42.26
37748,43.01
37749,45.44
37750,50.75
37751,54.15
37752,33.95
37753,40.77
37754,41.31
37755,43.0
37756,46.03
37757,51.3
37758,51.03
37759,34.41
37760,41.04
37761,40.93
37762,42.95
37763,46.56
37764,51.06
37765,51.85
37766,34.75
37767,40.33
37768,39.61
37769,52.28
37770,54.22
37771,57.8
37772,64.22
37773,41.6
37774,48.33
37775,50.05
37776,51.54
37777,54.62
37778,59.97
37779,63.75
37780,41.99
37781,49.07
37782,47.96
37783,51.09
37784,51.91
37785,59.0
37786,63.69
37787,41.87
37788,46.79
37789,47.49
37790,50.85
37791,54.54
37792,60.45
37793,63.26
37794,41.75
37795,46.85
37796,46.48
37797,49.25
37798,56.22
37799,59.48
37800,27.43
37801,31.42
37802,31.68
37803,33.93
37804,34.79
37805,36.84
37806,39.48
37807,25.55
37808,30.71
37809,29.78
37810,32.21
37811,34.47
37812,39.01
37813,41.23
37814,27.24
37815,30.09
37816,31.57
37817,33.01
37818,34.3
37819,37.13
37820,39.97
37821,26.04
37822,30.65
37823,31.07
37824,33.55
37825,35.89
37826,39.31
37827,41.64
37828,26.88
37829,29.73
37830,32.24
37831,37.47
37832,40.45
37833,42.4
37834,44.5
37835,29.65
37836,33.83
37837,35.24
37838,38.04
37839,39.89
37840,42.57
37841,43.31
37842,28.39
37843,33.61
37844,35.57
37845,37.93
37846,39.0
37847,42.34
37848,44.48
37849,29.85
37850,33.95
37851,34.38
37852,38.39
37853,39.59
37854,44.6
37855,45.04
37856,29.46
37857,34.37
37858,33.81
37859,43.68
37860,46.34
37861,51.27
37862,53.96
37863,35.18
37864,39.8
37865,36.88
37866,44.12
37867,47.53
37868,51.56
37869,56.62
37870,35.34
37871,40.08
37872,42.26
37873,43.36
37874,47.53
37875,50.12
37876,54.36
37877,34.89
37878,41.03
37879,41.99
37880,44.44
37881,47.47
37882,50.43
37883,54.51
37884,34.85
37885,42.45
37886,41.51
37887,44.19
37888,47.31
37889,49.24
37890,55.51
37891,64.75
37892,63.95
37893,69.46
37894,71.89
37895,80.21
37896,80.65
37897,54.34
37898,62.94
37899,62.66
37900,67.77
37901,71.71
37902,79.7
37903,80.38
37904,54.76
37905,62.03
37906,61.56
37907,67.02
37908,73.56
37909,77.0
37910,78.48
37911,54.46
37912,60.67
37913,61.29
37914,66.34
37915,70.17
37916,76.93
37917,80.42
37918,52.66
37919,63.19
37920,63.39
37921,72.0
37922,81.91
37923,81.93
37924,90.01
37925,56.99
37926,68.19
37927,69.21
37928,72.59
37929,78.7
37930,80.04
37931,90.68
37932,58.64
37933,71.46
37934,69.11
37935,74.57
37936,78.56
37937,81.91
37938,94.92
37939,57.99
37940,67.64
37941,67.36
37942,71.97
37943,79.12
37944,84.72
37945,89.22
37946,57.4
37947,68.63
37948,68.88
37949,88.99
37950,96.92
37951,98.05
37952,105.49
37953,69.4
37954,81.76
37955,85.1
37956,87.16
37957,93.65
37958,96.34
37959,107.43
37960,71.86
37961,84.99
37962,88.88
37963,91.44
37964,97.19
37965,98.95
37966,103.54
37967,72.97
37968,82.23
37969,85.66
37970,87.31
37971,94.69
37972,96.23
37973,105.68
37974,72.54
37975,82.35
37976,84.67
37977,87.27
37978,95.15
37979,96.87
37980,19.41
37981,21.6
37982,21.93
37983,23.7
37984,25.38
37985,26.96
37986,28.97
37987,18.86
37988,23.07
37989,23.05
37990,25.87
37991,25.49
37992,27.72
37993,31.06
37994,19.68
37995,22.72
37996,22.64
37997,24.36
37998,24.42
37999,27.54
38000,30.28
38001,18.12
38002,21.37
38003,21.7
38004,23.04
38005,26.15
38006,26.93
38007,29.43
38008,18.28
38009,22.18
38010,22.28
38011,26.82
38012,29.0
38013,29.81
38014,33.34
38015,20.21
38016,23.4
38017,24.36
38018,26.38
38019,28.99
38020,28.67
38021,33.12
38022,20.49
38023,24.38
38024,25.53
38025,26.77
38026,27.43
38027,28.45
38028,32.47
38029,21.54
38030,24.11
38031,25.34
38032,27.17
38033,28.69
38034,29.27
38035,32.63
38036,21.84
38037,24.05
38038,24.54
38039,31.26
38040,32.44
38041,33.58
38042,37.29
38043,24.88
38044,29.3
38045,29.51
38046,31.13
38047,31.81
38048,34.26
38049,37.85
38050,25.09
38051,29.59
38052,29.99
38053,31.82
38054,32.84
38055,35.38
38056,38.16
38057,25.08
38058,29.64
38059,29.98
38060,32.51
38061,32.87
38062,37.89
38063,39.03
38064,25.09
38065,29.3
38066,29.65
38067,32.18
38068,33.95
38069,36.67
38070,45.48
38071,51.83
38072,50.24
38073,53.61
38074,58.24
38075,62.21
38076,64.5
38077,43.83
38078,50.97
38079,51.2
38080,54.23
38081,58.28
38082,63.19
38083,68.1
38084,44.05
38085,51.28
38086,49.94
38087,56.08
38088,59.42
38089,65.6
38090,65.67
38091,43.38
38092,51.47
38093,50.72
38094,55.9
38095,58.9
38096,62.36
38097,67.64
38098,43.8
38099,51.58
38100,50.75
38101,59.2
38102,66.79
38103,68.26
38104,72.33
38105,51.28
38106,57.18
38107,56.4
38108,61.26
38109,63.29
38110,68.38
38111,73.44
38112,50.14
38113,58.62
38114,56.79
38115,58.44
38116,65.92
38117,70.42
38118,74.5
38119,50.83
38120,57.61
38121,56.85
38122,60.36
38123,68.05
38124,67.85
38125,74.11
38126,48.73
38127,57.61
38128,53.53
38129,69.93
38130,78.61
38131,79.75
38132,85.67
38133,56.46
38134,66.31
38135,65.58
38136,70.82
38137,76.74
38138,80.6
38139,85.81
38140,56.4
38141,64.21
38142,65.75
38143,70.1
38144,72.86
38145,78.54
38146,82.07
38147,57.31
38148,65.66
38149,66.98
38150,69.74
38151,74.33
38152,80.61
38153,81.41
38154,56.24
38155,66.16
38156,65.45
38157,70.99
38158,72.54
38159,79.03
38160,53.58
38161,62.78
38162,65.01
38163,70.82
38164,74.27
38165,77.76
38166,80.51
38167,54.4
38168,62.3
38169,64.3
38170,67.54
38171,73.32
38172,77.82
38173,79.3
38174,51.84
38175,61.87
38176,62.57
38177,67.43
38178,72.93
38179,74.94
38180,80.0
38181,52.55
38182,62.45
38183,61.53
38184,69.03
38185,71.01
38186,74.05
38187,79.67
38188,52.51
38189,63.71
38190,61.85
38191,72.88
38192,76.94
38193,85.15
38194,88.48
38195,55.72
38196,68.47
38197,66.63
38198,75.06
38199,76.28
38200,80.29
38201,86.8
38202,57.1
38203,68.47
38204,68.52
38205,75.68
38206,80.16
38207,85.57
38208,90.42
38209,57.81
38210,68.06
38211,68.92
38212,75.01
38213,78.57
38214,82.27
38215,88.88
38216,56.28
38217,69.37
38218,67.8
38219,91.4
38220,97.28
38221,104.03
38222,107.15
38223,63.93
38224,81.87
38225,82.49
38226,86.05
38227,94.84
38228,99.74
38229,106.89
38230,69.7
38231,82.9
38232,84.08
38233,87.59
38234,96.62
38235,98.62
38236,105.21
38237,70.1
38238,81.71
38239,82.59
38240,88.65
38241,95.1
38242,101.83
38243,107.88
38244,67.91
38245,83.29
38246,81.62
38247,89.31
38248,90.93
38249,100.68
38250,31.75
38251,34.59
38252,36.31
38253,39.16
38254,40.74
38255,43.07
38256,46.96
38257,31.43
38258,36.08
38259,36.51
38260,39.73
38261,42.21
38262,44.93
38263,47.08
38264,30.91
38265,36.03
38266,34.9
38267,38.31
38268,41.32
38269,43.22
38270,45.34
38271,30.36
38272,35.1
38273,35.06
38274,38.41
38275,40.54
38276,43.57
38277,47.43
38278,30.43
38279,35.6
38280,36.66
38281,43.98
38282,48.12
38283,49.91
38284,51.45
38285,34.98
38286,40.98
38287,41.33
38288,44.02
38289,45.71
38290,49.66
38291,51.72
38292,35.56
38293,40.34
38294,40.2
38295,42.97
38296,46.64
38297,48.71
38298,50.54
38299,36.69
38300,41.39
38301,40.37
38302,42.75
38303,46.23
38304,50.53
38305,53.42
38306,35.55
38307,39.46
38308,40.16
38309,50.16
38310,54.24
38311,58.44
38312,64.1
38313,42.32
38314,49.12
38315,49.05
38316,50.55
38317,56.85
38318,58.56
38319,62.94
38320,41.45
38321,49.09
38322,48.43
38323,49.02
38324,56.08
38325,56.57
38326,63.44
38327,40.59
38328,46.61
38329,48.43
38330,49.82
38331,52.75
38332,57.91
38333,62.8
38334,40.73
38335,46.37
38336,48.03
38337,50.38
38338,54.05
38339,60.37
38340,14.1
38341,16.55
38342,16.62
38343,18.39
38344,18.39
38345,20.5
38346,21.87
38347,15.33
38348,17.37
38349,16.87
38350,17.9
38351,18.52
38352,21.07
38353,21.83
38354,14.9
38355,17.29
38356,16.32
38357,18.06
38358,18.3
38359,21.14
38360,22.12
38361,14.45
38362,17.49
38363,16.94
38364,17.97
38365,19.24
38366,20.97
38367,22.85
38368,14.47
38369,17.78
38370,17.56
38371,20.34
38372,21.65
38373,23.5
38374,24.41
38375,15.74
38376,19.42
38377,19.2
38378,20.24
38379,21.38
38380,23.06
38381,23.89
38382,15.63
38383,18.62
38384,18.91
38385,20.37
38386,21.24
38387,23.19
38388,23.8
38389,15.85
38390,18.69
38391,18.29
38392,19.91
38393,21.66
38394,23.08
38395,22.87
38396,15.14
38397,18.8
38398,18.49
38399,23.73
38400,26.14
38401,27.83
38402,29.75
38403,19.02
38404,21.94
38405,22.64
38406,24.55
38407,25.52
38408,26.99
38409,29.53
38410,18.89
38411,22.34
38412,22.07
38413,23.32
38414,25.91
38415,28.09
38416,28.41
38417,19.1
38418,21.68
38419,23.5
38420,24.06
38421,25.76
38422,25.65
38423,29.14
38424,18.93
38425,22.3
38426,22.55
38427,24.85
38428,25.61
38429,26.7
38430,61.97
38431,67.83
38432,69.38
38433,72.87
38434,77.38
38435,85.27
38436,90.3
38437,57.86
38438,66.44
38439,69.71
38440,73.24
38441,76.23
38442,83.0
38443,84.94
38444,57.93
38445,70.17
38446,69.37
38447,72.81
38448,77.4
38449,81.37
38450,87.13
38451,55.8
38452,66.75
38453,70.5
38454,75.4
38455,81.16
38456,85.09
38457,85.04
38458,56.77
38459,69.46
38460,70.77
38461,80.27
38462,88.72
38463,92.44
38464,92.16
38465,61.44
38466,72.62
38467,75.04
38468,81.87
38469,90.24
38470,91.51
38471,95.76
38472,64.01
38473,74.14
38474,78.05
38475,83.08
38476,84.42
38477,94.16
38478,97.41
38479,63.01
38480,72.99
38481,75.5
38482,82.86
38483,87.52
38484,98.75
38485,97.59
38486,61.89
38487,73.14
38488,74.06
38489,97.49
38490,104.55
38491,111.89
38492,110.2
38493,74.45
38494,87.26
38495,86.99
38496,95.71
38497,103.73
38498,107.55
38499,109.72
38500,79.39
38501,87.5
38502,88.52
38503,97.41
38504,103.56
38505,108.13
38506,113.62
38507,78.64
38508,90.31
38509,86.16
38510,99.69
38511,103.69
38512,111.09
38513,117.65
38514,80.41
38515,94.87
38516,87.68
38517,102.03
38518,106.0
38519,113.8
38520,45.58
38521,56.26
38522,54.0
38523,55.61
38524,60.66
38525,66.76
38526,69.04
38527,46.31
38528,53.26
38529,53.78
38530,58.43
38531,61.05
38532,67.37
38533,69.26
38534,45.4
38535,52.22
38536,53.81
38537,57.8
38538,62.56
38539,66.43
38540,70.07
38541,45.84
38542,54.08
38543,53.71
38544,57.54
38545,63.16
38546,69.31
38547,71.48
38548,44.56
38549,53.78
38550,52.77
38551,61.52
38552,68.79
38553,72.48
38554,76.67
38555,52.15
38556,60.52
38557,58.95
38558,64.25
38559,69.49
38560,75.57
38561,78.75
38562,51.4
38563,58.58
38564,60.27
38565,62.95
38566,71.48
38567,73.49
38568,79.82
38569,52.58
38570,60.56
38571,64.26
38572,64.02
38573,69.02
38574,77.14
38575,80.32
38576,52.44
38577,60.07
38578,62.73
38579,77.18
38580,82.94
38581,91.09
38582,92.94
38583,59.33
38584,71.93
38585,73.85
38586,78.8
38587,81.7
38588,87.65
38589,91.94
38590,60.02
38591,71.5
38592,72.31
38593,75.96
38594,81.02
38595,86.79
38596,90.44
38597,63.61
38598,73.05
38599,74.85
38600,77.83
38601,81.04
38602,89.96
38603,90.07
38604,65.35
38605,74.96
38606,75.51
38607,77.12
38608,78.88
38609,89.1
38610,26.67
38611,30.48
38612,31.52
38613,34.1
38614,35.44
38615,39.09
38616,40.28
38617,26.65
38618,29.59
38619,30.23
38620,34.0
38621,35.17
38622,38.06
38623,41.16
38624,27.35
38625,30.7
38626,30.64
38627,33.64
38628,35.77
38629,39.05
38630,40.79
38631,25.7
38632,29.91
38633,30.31
38634,33.87
38635,37.48
38636,38.28
38637,40.15
38638,26.34
38639,30.99
38640,32.66
38641,36.66
38642,39.58
38643,41.9
38644,45.54
38645,29.37
38646,35.17
38647,35.16
38648,36.96
38649,40.25
38650,42.22
38651,45.34
38652,29.08
38653,35.74
38654,35.52
38655,35.36
38656,40.23
38657,41.53
38658,45.31
38659,30.0
38660,35.12
38661,34.81
38662,37.57
38663,41.67
38664,44.62
38665,46.13
38666,30.59
38667,34.68
38668,34.8
38669,43.3
38670,48.46
38671,52.92
38672,54.31
38673,35.5
38674,42.29
38675,40.88
38676,43.8
38677,46.87
38678,49.95
38679,53.31
38680,35.76
38681,41.3
38682,41.14
38683,45.3
38684,48.49
38685,51.99
38686,57.25
38687,36.38
38688,41.36
38689,40.79
38690,44.47
38691,46.92
38692,50.68
38693,51.59
38694,35.16
38695,40.21
38696,42.0
38697,45.67
38698,49.41
38699,53.21
38700,38.37
38701,44.74
38702,43.6
38703,48.22
38704,49.45
38705,54.11
38706,59.5
38707,38.64
38708,43.54
38709,44.11
38710,45.54
38711,49.95
38712,52.91
38713,56.2
38714,37.96
38715,43.74
38716,44.41
38717,47.91
38718,51.17
38719,54.48
38720,57.1
38721,38.75
38722,43.14
38723,44.55
38724,45.98
38725,52.31
38726,55.39
38727,58.52
38728,39.11
38729,44.68
38730,44.58
38731,53.21
38732,57.16
38733,59.48
38734,65.78
38735,44.84
38736,49.47
38737,50.2
38738,50.58
38739,57.41
38740,60.87
38741,61.99
38742,42.35
38743,47.72
38744,49.71
38745,53.36
38746,56.2
38747,60.79
38748,60.01
38749,43.48
38750,49.09
38751,52.06
38752,54.07
38753,55.55
38754,60.69
38755,63.91
38756,43.22
38757,51.82
38758,50.48
38759,64.7
38760,64.07
38761,73.71
38762,78.8
38763,50.69
38764,59.39
38765,59.18
38766,63.77
38767,66.72
38768,67.7
38769,76.52
38770,49.56
38771,55.27
38772,61.76
38773,63.35
38774,69.26
38775,68.95
38776,74.92
38777,50.22
38778,58.82
38779,60.66
38780,63.95
38781,69.01
38782,70.48
38783,74.83
38784,51.39
38785,58.02
38786,59.38
38787,65.56
38788,67.93
38789,73.07
38790,28.99
38791,33.88
38792,34.18
38793,35.67
38794,37.75
38795,41.37
38796,43.52
38797,29.43
38798,32.77
38799,34.19
38800,36.62
38801,36.94
38802,39.74
38803,41.95
38804,29.37
38805,34.08
38806,33.31
38807,35.44
38808,38.77
38809,43.27
38810,46.03
38811,29.24
38812,33.69
38813,33.51
38814,35.91
38815,39.18
38816,40.49
38817,42.73
38818,29.18
38819,33.94
38820,35.46
38821,40.2
38822,43.34
38823,47.81
38824,50.78
38825,30.89
38826,38.03
38827,38.9
38828,40.63
38829,42.74
38830,45.01
38831,48.17
38832,31.6
38833,37.06
38834,36.56
38835,41.47
38836,41.83
38837,46.11
38838,47.86
38839,32.05
38840,37.21
38841,37.72
38842,40.35
38843,42.43
38844,45.63
38845,49.61
38846,31.54
38847,38.11
38848,37.83
38849,49.1
38850,51.28
38851,53.97
38852,59.65
38853,37.07
38854,44.3
38855,44.35
38856,46.72
38857,50.28
38858,53.57
38859,58.84
38860,38.19
38861,44.8
38862,44.83
38863,48.63
38864,51.42
38865,54.63
38866,58.31
38867,37.43
38868,44.71
38869,44.31
38870,47.25
38871,50.98
38872,55.58
38873,59.54
38874,38.27
38875,44.67
38876,45.15
38877,47.29
38878,52.1
38879,55.95
38880,47.4
38881,52.09
38882,51.76
38883,58.97
38884,60.9
38885,65.24
38886,68.31
38887,46.62
38888,54.34
38889,52.63
38890,59.13
38891,60.67
38892,65.86
38893,68.5
38894,45.93
38895,52.57
38896,52.16
38897,58.52
38898,60.33
38899,64.67
38900,68.72
38901,46.1
38902,53.55
38903,54.33
38904,56.7
38905,60.53
38906,63.45
38907,68.35
38908,46.42
38909,52.51
38910,54.92
38911,63.8
38912,67.53
38913,72.58
38914,76.33
38915,51.45
38916,60.57
38917,60.05
38918,64.32
38919,68.03
38920,73.64
38921,77.35
38922,51.6
38923,60.32
38924,57.48
38925,63.69
38926,68.54
38927,72.76
38928,74.0
38929,51.82
38930,57.06
38931,58.46
38932,63.46
38933,69.28
38934,74.45
38935,76.08
38936,50.67
38937,58.33
38938,58.14
38939,75.72
38940,81.22
38941,87.51
38942,93.38
38943,63.31
38944,72.86
38945,70.16
38946,74.93
38947,77.78
38948,83.95
38949,91.76
38950,61.93
38951,73.65
38952,71.93
38953,77.76
38954,79.82
38955,85.69
38956,93.32
38957,61.98
38958,73.01
38959,68.73
38960,75.26
38961,79.76
38962,88.37
38963,95.55
38964,62.39
38965,72.9
38966,69.6
38967,76.8
38968,80.33
38969,85.89
38970,17.17
38971,19.56
38972,18.75
38973,21.17
38974,23.55
38975,23.78
38976,26.59
38977,17.09
38978,18.7
38979,19.07
38980,20.56
38981,22.48
38982,23.43
38983,26.18
38984,17.12
38985,19.16
38986,18.85
38987,21.56
38988,21.64
38989,24.31
38990,25.69
38991,16.67
38992,18.98
38993,19.6
38994,20.88
38995,22.35
38996,24.72
38997,26.84
38998,16.3
38999,19.17
39000,18.88
39001,23.28
39002,24.42
39003,26.39
39004,29.85
39005,19.42
39006,21.25
39007,21.07
39008,22.8
39009,25.09
39010,27.15
39011,29.48
39012,18.26
39013,21.6
39014,22.27
39015,24.34
39016,25.64
39017,26.79
39018,27.63
39019,18.99
39020,21.42
39021,22.14
39022,23.47
39023,24.95
39024,26.14
39025,27.78
39026,19.32
39027,21.2
39028,21.57
39029,28.86
39030,30.66
39031,30.87
39032,32.88
39033,23.29
39034,25.55
39035,25.95
39036,28.48
39037,31.15
39038,30.99
39039,33.89
39040,23.86
39041,26.43
39042,26.73
39043,27.62
39044,29.8
39045,31.33
39046,34.3
39047,22.47
39048,26.02
39049,26.75
39050,28.3
39051,30.46
39052,31.53
39053,34.27
39054,22.95
39055,26.49
39056,26.96
39057,28.36
39058,29.85
39059,32.37
39060,45.92
39061,52.06
39062,54.0
39063,55.39
39064,58.53
39065,60.22
39066,65.0
39067,46.49
39068,51.57
39069,52.32
39070,54.83
39071,58.47
39072,64.09
39073,67.1
39074,44.21
39075,53.3
39076,51.57
39077,55.29
39078,58.46
39079,62.91
39080,63.9
39081,45.21
39082,49.65
39083,51.42
39084,55.42
39085,55.21
39086,61.8
39087,68.65
39088,44.01
39089,51.72
39090,51.16
39091,60.38
39092,63.88
39093,71.14
39094,73.99
39095,48.34
39096,54.99
39097,57.63
39098,61.91
39099,65.98
39100,70.7
39101,72.42
39102,48.15
39103,56.14
39104,56.29
39105,59.4
39106,64.35
39107,69.12
39108,70.32
39109,48.78
39110,57.34
39111,56.06
39112,59.91
39113,62.02
39114,68.24
39115,72.22
39116,50.12
39117,57.5
39118,55.83
39119,69.57
39120,76.32
39121,80.99
39122,85.21
39123,56.64
39124,66.12
39125,64.47
39126,71.11
39127,77.84
39128,82.96
39129,85.73
39130,57.87
39131,66.7
39132,66.14
39133,69.83
39134,74.36
39135,81.42
39136,88.8
39137,54.72
39138,63.84
39139,65.77
39140,71.63
39141,76.7
39142,83.42
39143,88.63
39144,59.5
39145,64.65
39146,65.71
39147,69.92
39148,79.06
39149,87.0
39150,52.62
39151,57.03
39152,59.89
39153,66.04
39154,67.39
39155,75.29
39156,80.74
39157,51.63
39158,58.67
39159,58.82
39160,64.52
39161,67.96
39162,72.21
39163,76.59
39164,50.74
39165,59.74
39166,57.99
39167,63.66
39168,67.46
39169,71.38
39170,73.52
39171,49.46
39172,56.42
39173,55.39
39174,61.42
39175,67.7
39176,71.92
39177,76.83
39178,48.84
39179,57.02
39180,58.35
39181,66.72
39182,73.95
39183,79.41
39184,85.38
39185,54.26
39186,65.64
39187,62.5
39188,71.02
39189,76.23
39190,79.64
39191,83.91
39192,54.5
39193,66.66
39194,64.48
39195,70.01
39196,76.21
39197,79.64
39198,83.71
39199,54.73
39200,69.4
39201,66.96
39202,71.24
39203,77.35
39204,78.95
39205,88.63
39206,55.96
39207,68.14
39208,63.79
39209,85.27
39210,88.89
39211,94.58
39212,100.28
39213,66.2
39214,80.26
39215,77.02
39216,84.88
39217,90.25
39218,96.24
39219,102.45
39220,65.1
39221,78.73
39222,78.69
39223,88.0
39224,90.69
39225,95.75
39226,100.42
39227,67.45
39228,79.72
39229,77.82
39230,83.16
39231,90.45
39232,97.38
39233,102.59
39234,68.0
39235,78.01
39236,75.93
39237,82.32
39238,92.78
39239,101.99
39240,19.5
39241,22.68
39242,23.24
39243,24.71
39244,25.68
39245,27.77
39246,28.38
39247,18.96
39248,21.94
39249,22.62
39250,24.35
39251,24.7
39252,27.4
39253,29.38
39254,18.69
39255,21.86
39256,22.47
39257,24.61
39258,24.88
39259,27.11
39260,29.55
39261,19.01
39262,21.99
39263,23.19
39264,24.71
39265,25.55
39266,27.65
39267,30.16
39268,20.55
39269,22.58
39270,22.41
39271,26.01
39272,28.28
39273,29.67
39274,32.26
39275,22.9
39276,24.54
39277,24.77
39278,26.68
39279,27.25
39280,30.38
39281,32.86
39282,22.11
39283,24.78
39284,24.6
39285,26.82
39286,28.35
39287,30.77
39288,34.07
39289,22.0
39290,25.24
39291,24.36
39292,26.41
39293,27.46
39294,30.6
39295,32.88
39296,22.54
39297,25.09
39298,24.79
39299,32.36
39300,33.6
39301,35.28
39302,40.0
39303,24.6
39304,30.05
39305,29.83
39306,31.62
39307,30.19
39308,37.17
39309,36.83
39310,25.55
39311,30.28
39312,29.81
39313,31.56
39314,33.49
39315,36.49
39316,38.6
39317,25.9
39318,29.71
39319,30.47
39320,32.06
39321,34.83
39322,37.06
39323,38.75
39324,26.38
39325,30.1
39326,29.75
39327,32.64
39328,35.2
39329,37.71
39330,53.94
39331,61.7
39332,61.83
39333,66.51
39334,69.86
39335,73.44
39336,85.89
39337,52.01
39338,60.79
39339,60.56
39340,66.9
39341,70.29
39342,74.68
39343,81.52
39344,51.38
39345,60.9
39346,62.24
39347,67.09
39348,70.26
39349,76.45
39350,78.72
39351,50.68
39352,58.78
39353,63.48
39354,66.58
39355,68.88
39356,76.0
39357,80.87
39358,54.81
39359,59.69
39360,65.8
39361,73.11
39362,78.78
39363,83.7
39364,87.78
39365,57.74
39366,66.71
39367,70.65
39368,72.19
39369,81.93
39370,86.37
39371,90.91
39372,59.19
39373,66.06
39374,69.46
39375,74.11
39376,80.81
39377,85.39
39378,88.32
39379,56.82
39380,69.19
39381,68.69
39382,76.28
39383,80.85
39384,84.17
39385,93.68
39386,62.8
39387,68.79
39388,69.06
39389,87.39
39390,91.62
39391,101.55
39392,109.42
39393,72.58
39394,82.73
39395,84.79
39396,89.42
39397,95.25
39398,102.18
39399,107.07
39400,74.58
39401,86.11
39402,84.32
39403,88.54
39404,95.27
39405,102.69
39406,109.56
39407,73.09
39408,85.6
39409,83.66
39410,87.85
39411,95.38
39412,103.57
39413,109.45
39414,71.26
39415,82.78
39416,80.94
39417,86.96
39418,94.55
39419,102.98
39420,29.53
39421,33.1
39422,33.65
39423,36.61
39424,38.96
39425,42.9
39426,44.39
39427,29.26
39428,34.33
39429,33.14
39430,34.43
39431,39.08
39432,42.93
39433,44.22
39434,28.86
39435,33.74
39436,34.12
39437,35.38
39438,40.07
39439,41.78
39440,45.09
39441,28.47
39442,33.86
39443,35.23
39444,34.76
39445,39.6
39446,41.28
39447,44.63
39448,28.82
39449,34.26
39450,36.83
39451,38.95
39452,43.35
39453,46.36
39454,49.42
39455,31.69
39456,37.75
39457,39.08
39458,39.93
39459,43.64
39460,48.69
39461,50.5
39462,32.3
39463,37.19
39464,39.65
39465,39.6
39466,43.52
39467,46.24
39468,49.99
39469,32.09
39470,38.0
39471,39.68
39472,42.54
39473,44.88
39474,48.13
39475,49.49
39476,32.45
39477,37.93
39478,38.63
39479,48.32
39480,52.77
39481,58.62
39482,57.26
39483,38.29
39484,45.84
39485,45.87
39486,48.09
39487,50.84
39488,56.35
39489,56.18
39490,38.36
39491,45.54
39492,46.88
39493,47.65
39494,50.0
39495,54.37
39496,57.92
39497,40.01
39498,45.87
39499,45.4
39500,47.01
39501,49.86
39502,55.42
39503,59.34
39504,40.6
39505,45.11
39506,44.88
39507,47.84
39508,50.19
39509,55.24
39510,18.53
39511,21.4
39512,21.03
39513,23.99
39514,24.56
39515,26.24
39516,28.78
39517,18.49
39518,22.15
39519,22.02
39520,24.43
39521,25.5
39522,26.61
39523,28.49
39524,19.58
39525,21.36
39526,22.51
39527,23.63
39528,25.15
39529,27.01
39530,29.83
39531,19.83
39532,22.31
39533,21.69
39534,23.49
39535,25.91
39536,27.53
39537,29.08
39538,18.75
39539,22.15
39540,22.8
39541,26.07
39542,28.65
39543,29.4
39544,32.11
39545,21.07
39546,24.89
39547,25.66
39548,26.63
39549,29.09
39550,30.48
39551,32.6
39552,21.68
39553,24.44
39554,25.71
39555,26.74
39556,28.01
39557,29.79
39558,30.94
39559,20.73
39560,24.44
39561,25.29
39562,26.14
39563,28.87
39564,30.0
39565,30.56
39566,22.53
39567,24.05
39568,23.98
39569,31.16
39570,33.01
39571,34.43
39572,36.35
39573,25.72
39574,28.18
39575,28.85
39576,30.7
39577,32.9
39578,34.96
39579,37.05
39580,25.5
39581,28.55
39582,29.6
39583,32.1
39584,34.23
39585,34.26
39586,36.43
39587,26.09
39588,29.68
39589,29.38
39590,31.96
39591,33.27
39592,34.34
39593,37.7
39594,26.0
39595,29.03
39596,30.88
39597,31.8
39598,33.34
39599,34.89
39600,14.44
39601,17.48
39602,17.54
39603,18.09
39604,20.05
39605,20.21
39606,22.64
39607,15.18
39608,17.56
39609,17.03
39610,17.75
39611,19.51
39612,20.9
39613,21.5
39614,14.34
39615,17.53
39616,16.27
39617,17.57
39618,20.03
39619,20.5
39620,21.22
39621,14.53
39622,16.8
39623,17.7
39624,17.58
39625,18.95
39626,20.37
39627,21.48
39628,14.25
39629,17.35
39630,17.62
39631,19.27
39632,21.17
39633,23.75
39634,22.53
39635,16.16
39636,18.27
39637,18.61
39638,19.37
39639,20.67
39640,22.71
39641,23.06
39642,15.58
39643,18.71
39644,18.57
39645,20.04
39646,21.58
39647,23.41
39648,24.74
39649,15.41
39650,18.68
39651,18.51
39652,19.89
39653,21.2
39654,23.48
39655,26.15
39656,15.89
39657,19.43
39658,18.6
39659,24.09
39660,25.58
39661,28.34
39662,29.9
39663,19.41
39664,23.66
39665,23.05
39666,23.84
39667,25.82
39668,27.04
39669,29.73
39670,19.42
39671,22.61
39672,22.15
39673,24.8
39674,25.83
39675,27.17
39676,29.67
39677,18.73
39678,22.64
39679,22.2
39680,24.91
39681,24.77
39682,26.28
39683,28.09
39684,18.76
39685,21.97
39686,23.14
39687,24.56
39688,24.82
39689,26.63
39690,23.79
39691,27.68
39692,28.31
39693,30.48
39694,32.54
39695,35.1
39696,36.9
39697,23.83
39698,28.01
39699,28.61
39700,30.32
39701,31.98
39702,35.05
39703,36.08
39704,23.78
39705,28.77
39706,28.77
39707,30.24
39708,31.71
39709,33.72
39710,36.31
39711,23.71
39712,28.01
39713,28.31
39714,30.16
39715,31.94
39716,33.89
39717,35.5
39718,23.77
39719,28.29
39720,28.42
39721,32.69
39722,33.39
39723,38.66
39724,39.98
39725,25.54
39726,31.09
39727,30.47
39728,31.9
39729,34.23
39730,36.7
39731,38.93
39732,25.94
39733,31.83
39734,30.64
39735,33.23
39736,35.58
39737,38.54
39738,39.65
39739,25.57
39740,31.25
39741,30.03
39742,31.67
39743,34.43
39744,35.99
39745,39.25
39746,26.3
39747,32.28
39748,30.23
39749,36.84
39750,41.56
39751,45.18
39752,47.59
39753,31.37
39754,37.18
39755,37.64
39756,39.51
39757,42.45
39758,46.8
39759,47.45
39760,31.74
39761,37.48
39762,37.13
39763,39.22
39764,42.91
39765,46.5
39766,47.5
39767,31.9
39768,37.62
39769,38.64
39770,38.22
39771,42.91
39772,45.62
39773,47.87
39774,32.2
39775,36.82
39776,37.23
39777,39.93
39778,42.68
39779,45.83
39780,33.99
39781,37.64
39782,39.39
39783,43.61
39784,46.07
39785,49.99
39786,50.19
39787,34.13
39788,38.76
39789,40.45
39790,41.75
39791,44.85
39792,48.03
39793,51.24
39794,33.88
39795,38.98
39796,40.1
39797,42.4
39798,45.01
39799,47.21
39800,51.72
39801,33.74
39802,40.32
39803,40.92
39804,42.96
39805,43.75
39806,47.42
39807,48.82
39808,33.53
39809,40.0
39810,41.99
39811,46.88
39812,46.95
39813,53.82
39814,56.6
39815,36.81
39816,44.15
39817,43.75
39818,46.77
39819,48.18
39820,52.19
39821,55.6
39822,37.31
39823,43.73
39824,43.58
39825,47.1
39826,48.36
39827,54.19
39828,54.57
39829,38.04
39830,43.16
39831,43.52
39832,47.8
39833,48.18
39834,53.51
39835,56.71
39836,37.92
39837,42.95
39838,44.28
39839,54.87
39840,56.6
39841,63.67
39842,68.7
39843,46.45
39844,53.17
39845,52.53
39846,55.44
39847,56.97
39848,61.99
39849,66.62
39850,45.86
39851,51.61
39852,51.23
39853,56.25
39854,58.72
39855,62.42
39856,67.0
39857,45.19
39858,51.96
39859,52.04
39860,56.77
39861,59.57
39862,60.27
39863,68.5
39864,45.61
39865,52.4
39866,55.73
39867,56.91
39868,60.92
39869,62.59
39870,18.75
39871,22.02
39872,22.63
39873,24.53
39874,25.76
39875,27.75
39876,28.01
39877,18.9
39878,22.25
39879,22.25
39880,23.18
39881,24.53
39882,27.2
39883,28.57
39884,19.43
39885,22.39
39886,23.15
39887,23.24
39888,26.27
39889,26.61
39890,30.5
39891,20.04
39892,21.95
39893,21.59
39894,23.79
39895,26.13
39896,25.68
39897,27.87
39898,20.01
39899,22.89
39900,22.23
39901,26.12
39902,29.39
39903,30.35
39904,31.19
39905,21.64
39906,24.5
39907,25.5
39908,26.83
39909,28.95
39910,30.44
39911,31.04
39912,21.36
39913,24.28
39914,24.49
39915,26.49
39916,28.46
39917,29.65
39918,31.4
39919,21.13
39920,25.22
39921,24.55
39922,26.27
39923,28.72
39924,30.16
39925,31.23
39926,21.65
39927,24.77
39928,24.77
39929,29.88
39930,32.92
39931,36.77
39932,36.81
39933,25.57
39934,29.41
39935,29.49
39936,30.8
39937,33.22
39938,36.02
39939,36.71
39940,24.61
39941,28.89
39942,27.63
39943,29.7
39944,31.28
39945,35.46
39946,36.78
39947,24.74
39948,28.5
39949,28.76
39950,31.52
39951,32.71
39952,35.47
39953,37.11
39954,23.8
39955,28.92
39956,29.17
39957,32.18
39958,32.93
39959,36.15
39960,54.54
39961,64.15
39962,62.46
39963,66.57
39964,74.43
39965,77.53
39966,81.25
39967,53.1
39968,61.52
39969,62.87
39970,67.18
39971,72.87
39972,74.39
39973,80.33
39974,54.14
39975,62.63
39976,61.87
39977,64.36
39978,70.19
39979,77.78
39980,83.94
39981,53.7
39982,63.3
39983,63.2
39984,66.39
39985,70.38
39986,75.62
39987,79.45
39988,54.03
39989,63.18
39990,63.48
39991,75.61
39992,79.77
39993,83.92
39994,89.37
39995,59.51
39996,70.23
39997,70.78
39998,75.94
39999,76.96
40000,85.08
40001,93.08
40002,58.76
40003,69.87
40004,67.64
40005,73.77
40006,76.31
40007,83.89
40008,88.05
40009,57.9
40010,70.9
40011,73.03
40012,73.28
40013,77.38
40014,83.56
40015,89.43
40016,58.72
40017,69.6
40018,68.39
40019,83.76
40020,91.19
40021,101.34
40022,105.53
40023,69.57
40024,82.79
40025,85.65
40026,85.22
40027,92.53
40028,100.05
40029,108.6
40030,68.75
40031,79.25
40032,82.0
40033,82.46
40034,95.47
40035,103.26
40036,107.93
40037,72.31
40038,79.72
40039,84.62
40040,86.67
40041,95.35
40042,102.8
40043,106.09
40044,72.59
40045,80.38
40046,83.51
40047,88.16
40048,95.4
40049,101.65
40050,36.97
40051,43.24
40052,44.1
40053,49.04
40054,52.34
40055,53.83
40056,61.48
40057,38.55
40058,44.67
40059,44.71
40060,48.26
40061,51.02
40062,53.13
40063,57.18
40064,37.9
40065,42.81
40066,46.28
40067,47.95
40068,49.82
40069,52.87
40070,57.62
40071,38.32
40072,46.53
40073,44.71
40074,49.01
40075,49.27
40076,54.01
40077,57.76
40078,38.3
40079,45.78
40080,43.41
40081,52.75
40082,54.62
40083,61.25
40084,63.1
40085,42.28
40086,49.33
40087,47.52
40088,52.21
40089,56.51
40090,61.94
40091,63.79
40092,40.58
40093,48.16
40094,48.3
40095,50.67
40096,55.59
40097,61.88
40098,65.31
40099,40.28
40100,49.4
40101,49.04
40102,53.08
40103,56.28
40104,61.12
40105,65.82
40106,44.21
40107,49.72
40108,48.01
40109,63.14
40110,68.86
40111,71.21
40112,74.89
40113,52.73
40114,61.11
40115,61.58
40116,62.62
40117,67.91
40118,71.22
40119,79.91
40120,52.33
40121,60.53
40122,59.7
40123,63.12
40124,67.54
40125,73.84
40126,81.15
40127,50.67
40128,59.93
40129,59.31
40130,62.93
40131,69.78
40132,72.49
40133,78.43
40134,49.87
40135,60.03
40136,58.65
40137,63.17
40138,69.72
40139,72.93
40140,14.19
40141,17.15
40142,17.22
40143,17.11
40144,18.71
40145,19.94
40146,21.74
40147,14.04
40148,16.83
40149,16.77
40150,18.0
40151,19.63
40152,20.31
40153,21.54
40154,13.97
40155,17.22
40156,17.16
40157,17.87
40158,18.44
40159,20.61
40160,22.16
40161,14.94
40162,16.54
40163,17.04
40164,18.25
40165,18.71
40166,20.12
40167,21.8
40168,14.63
40169,16.85
40170,17.68
40171,19.88
40172,21.23
40173,22.97
40174,24.92
40175,15.4
40176,19.09
40177,18.61
40178,20.02
40179,21.72
40180,21.99
40181,25.46
40182,15.98
40183,18.95
40184,19.02
40185,20.4
40186,21.11
40187,22.06
40188,24.79
40189,15.83
40190,19.0
40191,18.89
40192,19.86
40193,21.48
40194,21.85
40195,24.45
40196,15.57
40197,18.03
40198,17.84
40199,23.62
40200,25.74
40201,27.64
40202,29.37
40203,18.4
40204,23.12
40205,22.4
40206,23.64
40207,24.73
40208,27.73
40209,28.42
40210,19.18
40211,22.24
40212,22.47
40213,23.03
40214,26.38
40215,28.06
40216,29.89
40217,20.01
40218,21.83
40219,22.27
40220,23.68
40221,24.87
40222,27.92
40223,28.69
40224,19.61
40225,21.82
40226,23.15
40227,24.66
40228,25.19
40229,26.8
40230,33.99
40231,38.7
40232,39.82
40233,41.47
40234,46.45
40235,47.97
40236,50.64
40237,34.8
40238,37.76
40239,38.89
40240,41.2
40241,45.59
40242,48.6
40243,50.71
40244,33.75
40245,38.45
40246,40.15
40247,41.67
40248,45.77
40249,48.76
40250,52.89
40251,33.99
40252,40.58
40253,40.38
40254,42.87
40255,44.88
40256,46.81
40257,53.1
40258,33.71
40259,40.87
40260,41.62
40261,48.33
40262,50.05
40263,53.41
40264,56.17
40265,37.66
40266,44.9
40267,43.85
40268,47.26
40269,48.97
40270,56.63
40271,55.62
40272,35.95
40273,42.23
40274,43.31
40275,46.11
40276,50.35
40277,53.1
40278,53.28
40279,36.58
40280,42.7
40281,44.49
40282,47.15
40283,50.93
40284,52.93
40285,54.95
40286,37.14
40287,43.3
40288,43.16
40289,55.52
40290,58.72
40291,61.79
40292,65.34
40293,44.65
40294,52.32
40295,52.96
40296,55.37
40297,58.7
40298,63.25
40299,67.4
40300,44.66
40301,52.72
40302,50.98
40303,56.08
40304,61.16
40305,65.98
40306,70.46
40307,45.78
40308,51.84
40309,50.66
40310,57.24
40311,61.98
40312,66.86
40313,70.34
40314,45.89
40315,52.23
40316,52.87
40317,56.36
40318,60.51
40319,64.81
40320,19.77
40321,22.13
40322,23.52
40323,24.52
40324,25.34
40325,26.88
40326,29.88
40327,19.54
40328,22.89
40329,22.84
40330,25.15
40331,26.38
40332,28.97
40333,30.19
40334,18.68
40335,22.46
40336,22.43
40337,24.12
40338,25.02
40339,28.51
40340,30.19
40341,18.42
40342,23.18
40343,22.62
40344,23.78
40345,25.11
40346,28.72
40347,31.36
40348,18.25
40349,22.69
40350,22.9
40351,27.26
40352,29.38
40353,30.49
40354,34.04
40355,20.99
40356,24.73
40357,25.62
40358,27.41
40359,28.92
40360,31.38
40361,33.36
40362,22.36
40363,24.6
40364,24.79
40365,26.91
40366,28.19
40367,30.25
40368,31.86
40369,21.73
40370,25.02
40371,25.13
40372,27.21
40373,30.77
40374,30.98
40375,31.1
40376,20.87
40377,25.06
40378,25.27
40379,32.17
40380,35.42
40381,37.18
40382,38.49
40383,24.8
40384,29.23
40385,30.45
40386,32.61
40387,34.03
40388,35.38
40389,39.32
40390,24.82
40391,29.16
40392,29.46
40393,31.39
40394,33.95
40395,36.53
40396,39.1
40397,24.41
40398,30.03
40399,30.36
40400,32.89
40401,35.77
40402,36.6
40403,37.46
40404,26.58
40405,30.01
40406,30.62
40407,32.24
40408,34.6
40409,37.3
40410,44.99
40411,51.19
40412,52.22
40413,56.19
40414,57.06
40415,61.16
40416,64.0
40417,44.72
40418,50.78
40419,50.96
40420,56.08
40421,57.63
40422,60.63
40423,65.92
40424,43.57
40425,50.74
40426,50.48
40427,55.08
40428,56.64
40429,61.6
40430,65.37
40431,42.88
40432,50.45
40433,50.1
40434,53.76
40435,57.81
40436,62.17
40437,64.31
40438,44.71
40439,49.57
40440,48.35
40441,59.36
40442,64.29
40443,71.84
40444,71.44
40445,48.92
40446,55.97
40447,55.21
40448,60.82
40449,63.49
40450,68.87
40451,70.84
40452,47.26
40453,54.33
40454,55.92
40455,61.0
40456,63.93
40457,70.33
40458,73.17
40459,48.94
40460,54.64
40461,55.43
40462,59.17
40463,64.09
40464,68.51
40465,72.49
40466,48.4
40467,54.93
40468,52.16
40469,69.33
40470,76.96
40471,80.56
40472,85.21
40473,54.44
40474,65.27
40475,65.05
40476,72.0
40477,76.74
40478,82.98
40479,84.0
40480,54.84
40481,66.69
40482,66.97
40483,71.31
40484,77.33
40485,81.46
40486,86.0
40487,57.98
40488,68.15
40489,69.79
40490,71.54
40491,74.55
40492,80.8
40493,86.64
40494,56.89
40495,65.4
40496,67.37
40497,69.69
40498,75.6
40499,78.47
40500,15.81
40501,18.0
40502,17.68
40503,18.83
40504,21.07
40505,22.54
40506,22.38
40507,15.71
40508,17.86
40509,18.19
40510,19.91
40511,20.91
40512,24.31
40513,24.57
40514,14.98
40515,18.18
40516,18.21
40517,19.42
40518,20.64
40519,21.54
40520,22.16
40521,14.93
40522,17.86
40523,17.59
40524,18.88
40525,20.78
40526,21.64
40527,22.22
40528,15.07
40529,18.02
40530,17.85
40531,20.55
40532,22.47
40533,24.45
40534,25.43
40535,16.46
40536,19.62
40537,19.2
40538,20.92
40539,22.67
40540,24.29
40541,25.76
40542,17.24
40543,19.65
40544,19.33
40545,20.53
40546,22.27
40547,23.54
40548,25.26
40549,16.87
40550,19.16
40551,19.75
40552,21.21
40553,23.63
40554,24.43
40555,25.8
40556,17.24
40557,20.16
40558,19.74
40559,25.92
40560,27.79
40561,27.98
40562,31.53
40563,20.48
40564,24.15
40565,23.18
40566,24.52
40567,26.48
40568,29.19
40569,31.92
40570,20.52
40571,23.16
40572,23.22
40573,24.44
40574,26.87
40575,29.07
40576,29.81
40577,20.75
40578,22.79
40579,23.98
40580,25.38
40581,26.98
40582,28.68
40583,30.19
40584,20.01
40585,23.79
40586,23.07
40587,25.28
40588,27.56
40589,28.42
40590,41.33
40591,47.24
40592,47.55
40593,53.16
40594,55.28
40595,59.84
40596,62.58
40597,42.03
40598,49.03
40599,48.55
40600,51.8
40601,56.14
40602,60.93
40603,63.83
40604,41.92
40605,47.68
40606,48.52
40607,51.08
40608,55.22
40609,59.9
40610,62.89
40611,41.55
40612,50.18
40613,47.86
40614,49.16
40615,55.81
40616,59.34
40617,64.0
40618,41.18
40619,48.74
40620,48.25
40621,57.77
40622,61.16
40623,66.19
40624,70.78
40625,45.29
40626,54.26
40627,52.72
40628,57.29
40629,62.98
40630,66.68
40631,70.9
40632,45.29
40633,53.09
40634,52.2
40635,57.37
40636,60.8
40637,65.89
40638,68.46
40639,45.75
40640,51.37
40641,52.74
40642,56.08
40643,60.13
40644,67.22
40645,68.71
40646,45.58
40647,52.42
40648,52.65
40649,65.89
40650,74.61
40651,80.94
40652,82.09
40653,55.24
40654,65.11
40655,62.15
40656,67.84
40657,72.87
40658,79.95
40659,81.09
40660,55.86
40661,63.75
40662,62.31
40663,67.1
40664,71.19
40665,78.61
40666,80.91
40667,56.41
40668,63.73
40669,62.07
40670,68.68
40671,75.48
40672,80.41
40673,83.3
40674,54.33
40675,62.86
40676,62.39
40677,70.16
40678,74.45
40679,77.88
40680,25.31
40681,29.64
40682,29.81
40683,32.07
40684,34.02
40685,35.48
40686,39.16
40687,24.58
40688,29.93
40689,30.1
40690,31.83
40691,34.29
40692,38.19
40693,38.48
40694,24.9
40695,29.44
40696,29.68
40697,31.92
40698,33.47
40699,36.75
40700,39.19
40701,25.78
40702,30.68
40703,30.16
40704,32.34
40705,34.07
40706,36.35
40707,39.61
40708,24.89
40709,28.76
40710,30.95
40711,36.01
40712,37.22
40713,41.62
40714,44.62
40715,29.68
40716,32.83
40717,34.13
40718,35.01
40719,38.04
40720,42.48
40721,46.57
40722,29.64
40723,31.65
40724,33.82
40725,35.74
40726,38.79
40727,42.86
40728,43.47
40729,29.43
40730,33.97
40731,33.24
40732,35.7
40733,39.94
40734,41.07
40735,43.06
40736,28.95
40737,33.37
40738,32.96
40739,41.77
40740,47.2
40741,49.26
40742,50.36
40743,34.75
40744,40.75
40745,39.43
40746,41.5
40747,45.89
40748,49.1
40749,50.65
40750,32.67
40751,38.99
40752,41.07
40753,42.0
40754,46.87
40755,48.2
40756,52.94
40757,34.26
40758,39.45
40759,39.08
40760,41.94
40761,46.23
40762,47.66
40763,53.71
40764,34.22
40765,39.32
40766,38.82
40767,41.32
40768,45.14
40769,48.41
40770,15.04
40771,18.09
40772,18.34
40773,19.26
40774,20.81
40775,21.04
40776,21.69
40777,14.9
40778,18.68
40779,17.85
40780,19.11
40781,21.73
40782,21.92
40783,23.01
40784,15.89
40785,18.56
40786,18.59
40787,19.84
40788,20.96
40789,22.69
40790,23.17
40791,15.24
40792,18.32
40793,18.34
40794,19.81
40795,21.41
40796,22.56
40797,23.16
40798,15.67
40799,18.67
40800,18.21
40801,21.82
40802,23.98
40803,25.28
40804,25.21
40805,16.88
40806,19.38
40807,19.2
40808,20.58
40809,22.73
40810,23.7
40811,23.89
40812,16.87
40813,20.15
40814,19.61
40815,20.59
40816,22.83
40817,24.13
40818,25.97
40819,16.99
40820,19.63
40821,18.98
40822,20.92
40823,22.3
40824,25.24
40825,25.34
40826,17.57
40827,19.72
40828,19.1
40829,24.99
40830,26.99
40831,29.9
40832,29.74
40833,20.22
40834,22.83
40835,23.76
40836,25.34
40837,27.51
40838,28.21
40839,29.69
40840,20.06
40841,23.52
40842,24.9
40843,25.69
40844,26.63
40845,29.06
40846,29.79
40847,20.48
40848,23.14
40849,23.48
40850,25.99
40851,26.27
40852,30.22
40853,30.45
40854,21.05
40855,23.64
40856,23.79
40857,26.08
40858,27.5
40859,29.98
40860,12.4
40861,15.21
40862,14.84
40863,16.19
40864,16.71
40865,17.78
40866,19.74
40867,12.41
40868,15.19
40869,14.56
40870,15.62
40871,17.56
40872,18.06
40873,19.9
40874,13.71
40875,15.02
40876,15.74
40877,15.5
40878,16.8
40879,17.69
40880,19.48
40881,13.69
40882,15.37
40883,14.87
40884,15.72
40885,16.85
40886,18.54
40887,19.16
40888,12.14
40889,15.63
40890,15.06
40891,16.95
40892,18.29
40893,19.36
40894,21.56
40895,13.77
40896,17.07
40897,16.29
40898,17.31
40899,18.15
40900,19.53
40901,21.12
40902,13.75
40903,16.7
40904,15.8
40905,18.11
40906,18.64
40907,19.82
40908,21.49
40909,13.85
40910,15.88
40911,16.09
40912,17.36
40913,18.56
40914,19.45
40915,21.55
40916,13.6
40917,16.25
40918,16.77
40919,20.77
40920,21.93
40921,23.23
40922,26.57
40923,16.91
40924,19.36
40925,20.83
40926,21.84
40927,22.32
40928,22.17
40929,26.01
40930,16.91
40931,19.85
40932,20.38
40933,21.16
40934,22.85
40935,23.36
40936,26.11
40937,17.03
40938,19.25
40939,20.41
40940,22.14
40941,22.49
40942,25.03
40943,26.39
40944,16.57
40945,19.82
40946,20.47
40947,21.89
40948,22.02
40949,24.61
40950,42.14
40951,47.55
40952,49.02
40953,52.52
40954,54.68
40955,61.28
40956,63.63
40957,43.23
40958,48.57
40959,48.83
40960,53.52
40961,54.02
40962,58.21
40963,63.95
40964,42.5
40965,48.02
40966,48.21
40967,52.29
40968,53.52
40969,59.25
40970,62.88
40971,42.74
40972,49.03
40973,48.92
40974,51.73
40975,56.14
40976,59.1
40977,63.69
40978,41.62
40979,48.24
40980,47.65
40981,57.09
40982,60.31
40983,64.51
40984,69.33
40985,45.41
40986,52.93
40987,52.93
40988,56.81
40989,59.57
40990,62.54
40991,65.91
40992,44.72
40993,50.27
40994,51.72
40995,53.87
40996,60.06
40997,61.35
40998,66.17
40999,45.91
41000,51.28
41001,53.77
41002,56.89
41003,60.3
41004,64.67
41005,69.17
41006,44.77
41007,52.28
41008,50.83
41009,66.97
41010,69.27
41011,76.82
41012,80.02
41013,52.57
41014,61.54
41015,63.95
41016,66.19
41017,71.31
41018,77.92
41019,83.2
41020,53.12
41021,64.78
41022,66.93
41023,67.44
41024,71.4
41025,75.96
41026,82.04
41027,52.47
41028,64.96
41029,62.58
41030,64.6
41031,72.91
41032,76.93
41033,82.29
41034,55.1
41035,65.5
41036,63.01
41037,69.31
41038,71.99
41039,79.91
41040,42.66
41041,48.79
41042,47.57
41043,50.71
41044,56.32
41045,59.75
41046,64.53
41047,41.27
41048,48.22
41049,48.51
41050,50.34
41051,54.09
41052,59.87
41053,62.94
41054,41.01
41055,48.25
41056,49.76
41057,50.94
41058,57.29
41059,57.45
41060,62.88
41061,41.67
41062,48.16
41063,49.56
41064,52.13
41065,57.07
41066,58.86
41067,64.31
41068,40.91
41069,47.36
41070,48.02
41071,55.45
41072,60.59
41073,64.38
41074,67.82
41075,44.57
41076,52.12
41077,52.73
41078,57.44
41079,60.54
41080,62.4
41081,68.32
41082,45.31
41083,51.17
41084,50.63
41085,55.59
41086,58.03
41087,63.68
41088,67.59
41089,44.62
41090,52.47
41091,52.75
41092,56.41
41093,61.79
41094,65.13
41095,68.22
41096,45.09
41097,51.99
41098,50.86
41099,67.77
41100,70.33
41101,74.53
41102,83.03
41103,52.96
41104,61.73
41105,62.22
41106,68.48
41107,70.83
41108,74.51
41109,79.05
41110,51.87
41111,63.27
41112,64.03
41113,67.09
41114,72.26
41115,75.91
41116,80.48
41117,52.55
41118,65.65
41119,64.23
41120,67.64
41121,72.01
41122,75.98
41123,79.76
41124,51.76
41125,65.14
41126,61.47
41127,70.78
41128,72.01
41129,74.68
41130,55.68
41131,65.12
41132,64.38
41133,69.89
41134,70.85
41135,76.07
41136,84.26
41137,56.0
41138,63.01
41139,61.79
41140,69.1
41141,71.65
41142,79.71
41143,82.73
41144,53.2
41145,64.97
41146,60.01
41147,69.19
41148,70.73
41149,74.22
41150,76.25
41151,53.54
41152,65.43
41153,63.81
41154,68.38
41155,70.76
41156,78.21
41157,80.85
41158,52.99
41159,65.28
41160,61.42
41161,77.12
41162,76.82
41163,85.36
41164,88.32
41165,57.42
41166,69.83
41167,69.22
41168,75.5
41169,77.38
41170,89.13
41171,90.15
41172,55.56
41173,67.31
41174,68.78
41175,73.19
41176,76.79
41177,85.99
41178,89.71
41179,60.49
41180,69.79
41181,69.41
41182,75.76
41183,78.34
41184,84.62
41185,92.83
41186,60.15
41187,70.59
41188,68.08
41189,86.13
41190,98.75
41191,103.27
41192,113.02
41193,72.42
41194,82.0
41195,85.51
41196,88.69
41197,96.76
41198,105.3
41199,109.36
41200,71.41
41201,85.57
41202,85.31
41203,92.04
41204,98.12
41205,105.65
41206,104.32
41207,71.04
41208,81.06
41209,80.53
41210,89.2
41211,98.96
41212,105.08
41213,105.92
41214,69.57
41215,84.58
41216,83.92
41217,90.49
41218,90.89
41219,100.02
41220,36.74
41221,41.27
41222,40.95
41223,45.82
41224,48.34
41225,51.52
41226,52.84
41227,35.38
41228,42.1
41229,41.13
41230,45.59
41231,46.61
41232,52.41
41233,54.39
41234,34.79
41235,40.43
41236,39.86
41237,44.79
41238,48.34
41239,51.28
41240,54.15
41241,35.84
41242,41.23
41243,41.89
41244,46.02
41245,46.79
41246,50.83
41247,55.83
41248,35.62
41249,41.35
41250,44.17
41251,48.94
41252,53.31
41253,59.07
41254,61.47
41255,40.99
41256,46.58
41257,47.1
41258,50.44
41259,52.98
41260,59.74
41261,62.05
41262,40.06
41263,45.22
41264,46.6
41265,47.73
41266,53.38
41267,59.33
41268,61.12
41269,38.65
41270,46.71
41271,47.67
41272,47.98
41273,53.91
41274,57.18
41275,62.24
41276,41.42
41277,46.12
41278,46.02
41279,60.47
41280,64.47
41281,68.81
41282,72.43
41283,48.95
41284,55.53
41285,55.97
41286,61.65
41287,63.78
41288,68.5
41289,69.72
41290,49.07
41291,55.21
41292,55.6
41293,60.26
41294,61.11
41295,67.77
41296,69.9
41297,48.04
41298,56.75
41299,56.74
41300,58.8
41301,62.4
41302,67.33
41303,74.2
41304,47.67
41305,58.47
41306,56.12
41307,59.08
41308,65.97
41309,72.04
41310,53.64
41311,60.88
41312,61.71
41313,65.69
41314,70.51
41315,75.39
41316,79.71
41317,54.09
41318,60.07
41319,60.59
41320,65.17
41321,68.2
41322,74.62
41323,79.52
41324,51.32
41325,59.1
41326,60.27
41327,64.53
41328,68.65
41329,74.29
41330,78.88
41331,54.06
41332,63.21
41333,59.88
41334,66.72
41335,68.32
41336,72.22
41337,76.89
41338,52.64
41339,57.58
41340,58.54
41341,70.63
41342,75.89
41343,81.62
41344,82.68
41345,56.76
41346,66.28
41347,65.76
41348,68.97
41349,74.68
41350,79.99
41351,81.64
41352,56.98
41353,69.51
41354,64.94
41355,70.01
41356,74.29
41357,81.94
41358,85.26
41359,56.46
41360,68.51
41361,64.31
41362,70.48
41363,73.29
41364,85.19
41365,88.24
41366,57.5
41367,66.78
41368,67.64
41369,86.29
41370,92.31
41371,98.69
41372,102.4
41373,65.49
41374,83.09
41375,85.49
41376,87.86
41377,92.25
41378,97.69
41379,99.55
41380,71.76
41381,83.99
41382,82.71
41383,84.64
41384,92.91
41385,96.99
41386,98.56
41387,70.89
41388,83.93
41389,80.94
41390,87.98
41391,90.71
41392,96.23
41393,99.6
41394,68.16
41395,80.52
41396,80.27
41397,83.85
41398,90.45
41399,94.7
41400,49.71
41401,57.93
41402,57.53
41403,62.77
41404,67.77
41405,72.91
41406,76.27
41407,51.15
41408,58.86
41409,58.16
41410,62.18
41411,66.8
41412,68.65
41413,73.36
41414,50.04
41415,56.27
41416,56.32
41417,61.36
41418,65.92
41419,72.29
41420,75.94
41421,49.39
41422,56.28
41423,55.72
41424,60.65
41425,65.51
41426,72.3
41427,75.96
41428,48.49
41429,56.66
41430,56.63
41431,66.87
41432,73.16
41433,78.35
41434,81.84
41435,56.25
41436,63.69
41437,65.45
41438,68.31
41439,74.6
41440,79.15
41441,83.65
41442,53.78
41443,63.51
41444,64.79
41445,68.98
41446,74.29
41447,76.94
41448,83.16
41449,56.82
41450,64.22
41451,64.63
41452,67.18
41453,73.53
41454,75.99
41455,88.56
41456,56.47
41457,63.58
41458,64.19
41459,82.48
41460,83.26
41461,91.27
41462,99.66
41463,64.25
41464,76.64
41465,76.99
41466,80.11
41467,82.05
41468,90.91
41469,94.5
41470,63.83
41471,75.33
41472,76.25
41473,79.42
41474,82.31
41475,94.11
41476,99.51
41477,66.8
41478,76.79
41479,74.89
41480,79.72
41481,84.25
41482,90.59
41483,95.62
41484,68.23
41485,74.93
41486,76.68
41487,79.66
41488,85.55
41489,93.02
41490,50.24
41491,57.42
41492,56.34
41493,62.95
41494,63.9
41495,71.11
41496,74.51
41497,48.93
41498,58.52
41499,57.14
41500,63.49
41501,65.85
41502,71.18
41503,73.92
41504,47.0
41505,57.33
41506,58.69
41507,61.0
41508,68.12
41509,71.88
41510,74.73
41511,49.08
41512,58.22
41513,57.65
41514,61.69
41515,66.89
41516,70.04
41517,71.71
41518,49.08
41519,58.51
41520,58.08
41521,70.82
41522,76.23
41523,79.77
41524,79.87
41525,54.0
41526,64.73
41527,64.63
41528,70.87
41529,73.21
41530,77.98
41531,83.57
41532,54.03
41533,64.65
41534,63.87
41535,68.09
41536,71.22
41537,76.4
41538,84.18
41539,54.12
41540,64.87
41541,63.88
41542,69.39
41543,73.85
41544,79.37
41545,81.97
41546,54.16
41547,65.55
41548,64.32
41549,81.43
41550,90.2
41551,94.27
41552,95.87
41553,68.78
41554,76.83
41555,76.67
41556,80.38
41557,87.47
41558,92.25
41559,93.87
41560,71.04
41561,76.94
41562,77.02
41563,79.42
41564,89.59
41565,93.83
41566,97.14
41567,69.98
41568,74.22
41569,75.29
41570,80.45
41571,87.26
41572,91.8
41573,97.05
41574,65.02
41575,74.58
41576,77.15
41577,79.22
41578,87.04
41579,92.55
41580,62.34
41581,72.32
41582,70.72
41583,74.96
41584,74.77
41585,83.25
41586,89.7
41587,64.22
41588,72.64
41589,72.14
41590,76.31
41591,78.66
41592,84.16
41593,88.07
41594,61.68
41595,72.05
41596,69.47
41597,73.52
41598,81.96
41599,84.03
41600,89.12
41601,60.71
41602,68.28
41603,68.42
41604,75.6
41605,83.17
41606,82.46
41607,88.23
41608,62.72
41609,72.84
41610,72.76
41611,84.11
41612,89.02
41613,93.63
41614,102.53
41615,70.29
41616,76.42
41617,78.0
41618,81.27
41619,88.02
41620,95.54
41621,101.25
41622,68.65
41623,77.21
41624,73.02
41625,80.89
41626,88.57
41627,94.45
41628,100.09
41629,66.06
41630,74.09
41631,76.31
41632,80.57
41633,90.31
41634,91.47
41635,96.62
41636,66.06
41637,77.91
41638,77.0
41639,97.78
41640,107.94
41641,109.78
41642,113.66
41643,75.03
41644,93.29
41645,90.09
41646,102.23
41647,105.06
41648,111.94
41649,119.31
41650,74.85
41651,92.57
41652,94.07
41653,104.02
41654,111.14
41655,119.25
41656,120.59
41657,80.47
41658,95.31
41659,94.99
41660,101.95
41661,109.44
41662,113.6
41663,117.15
41664,82.68
41665,93.4
41666,94.14
41667,101.81
41668,106.74
41669,112.82
41670,41.01
41671,49.49
41672,48.33
41673,52.47
41674,56.25
41675,57.88
41676,60.47
41677,41.46
41678,48.69
41679,48.66
41680,51.2
41681,53.98
41682,58.56
41683,61.29
41684,41.82
41685,48.14
41686,48.72
41687,51.14
41688,56.11
41689,59.05
41690,60.7
41691,41.49
41692,49.17
41693,50.64
41694,51.17
41695,54.43
41696,60.56
41697,62.64
41698,38.82
41699,47.72
41700,48.59
41701,57.24
41702,62.94
41703,65.09
41704,67.37
41705,44.75
41706,52.59
41707,52.83
41708,58.6
41709,62.84
41710,63.84
41711,67.72
41712,44.33
41713,55.14
41714,54.7
41715,55.51
41716,61.97
41717,64.51
41718,69.28
41719,45.3
41720,52.38
41721,52.99
41722,56.52
41723,63.48
41724,65.51
41725,69.82
41726,47.3
41727,52.45
41728,52.52
41729,66.59
41730,74.59
41731,77.74
41732,83.28
41733,55.36
41734,65.03
41735,64.72
41736,68.52
41737,73.93
41738,76.95
41739,82.94
41740,55.07
41741,63.3
41742,61.56
41743,64.51
41744,67.32
41745,77.55
41746,86.05
41747,56.23
41748,64.06
41749,63.23
41750,68.28
41751,71.59
41752,79.29
41753,82.32
41754,53.82
41755,63.36
41756,63.33
41757,68.24
41758,71.9
41759,79.8
41760,61.23
41761,69.97
41762,73.88
41763,79.45
41764,81.24
41765,85.29
41766,88.69
41767,61.78
41768,73.12
41769,71.56
41770,75.28
41771,79.69
41772,87.02
41773,92.44
41774,62.76
41775,72.31
41776,73.7
41777,77.09
41778,78.09
41779,85.56
41780,91.18
41781,64.64
41782,72.2
41783,73.9
41784,77.39
41785,79.4
41786,86.22
41787,90.04
41788,63.65
41789,72.41
41790,74.68
41791,83.71
41792,88.65
41793,98.4
41794,100.99
41795,68.24
41796,80.1
41797,82.16
41798,84.84
41799,89.52
41800,96.89
41801,106.16
41802,66.5
41803,79.94
41804,84.21
41805,86.35
41806,94.45
41807,100.56
41808,108.47
41809,69.47
41810,82.59
41811,80.28
41812,83.65
41813,91.57
41814,98.4
41815,102.14
41816,68.32
41817,84.5
41818,78.18
41819,101.11
41820,107.11
41821,113.28
41822,125.46
41823,83.45
41824,98.14
41825,92.05
41826,102.19
41827,110.27
41828,114.72
41829,125.25
41830,83.99
41831,100.55
41832,98.59
41833,104.2
41834,113.38
41835,119.26
41836,129.42
41837,86.15
41838,104.67
41839,101.72
41840,104.23
41841,111.98
41842,115.02
41843,128.75
41844,89.61
41845,99.42
41846,94.96
41847,99.06
41848,108.2
41849,117.68
41850,18.09
41851,20.87
41852,20.97
41853,23.08
41854,23.67
41855,25.16
41856,26.45
41857,17.64
41858,20.27
41859,20.48
41860,22.88
41861,24.2
41862,26.51
41863,28.07
41864,18.81
41865,20.62
41866,20.97
41867,22.14
41868,23.51
41869,24.44
41870,26.79
41871,17.7
41872,20.11
41873,19.92
41874,22.52
41875,23.55
41876,26.93
41877,27.54
41878,17.53
41879,19.91
41880,20.8
41881,24.54
41882,26.82
41883,28.28
41884,28.4
41885,18.86
41886,22.56
41887,23.55
41888,23.81
41889,26.14
41890,28.59
41891,29.37
41892,18.9
41893,22.55
41894,22.71
41895,24.58
41896,26.11
41897,28.26
41898,29.76
41899,19.98
41900,22.58
41901,22.63
41902,24.45
41903,26.39
41904,27.91
41905,30.73
41906,20.2
41907,23.3
41908,23.3
41909,29.36
41910,33.47
41911,34.43
41912,36.74
41913,24.47
41914,27.47
41915,27.68
41916,29.8
41917,31.6
41918,34.03
41919,36.14
41920,23.85
41921,26.16
41922,28.15
41923,29.62
41924,30.43
41925,32.53
41926,35.33
41927,23.09
41928,27.07
41929,27.54
41930,29.32
41931,30.54
41932,33.04
41933,35.71
41934,24.26
41935,27.9
41936,28.42
41937,29.37
41938,30.4
41939,33.24
41940,22.82
41941,27.93
41942,27.2
41943,29.44
41944,31.66
41945,32.91
41946,35.9
41947,22.44
41948,26.96
41949,26.51
41950,28.56
41951,31.94
41952,33.69
41953,36.54
41954,23.14
41955,27.35
41956,25.8
41957,30.89
41958,31.18
41959,32.96
41960,35.44
41961,21.69
41962,25.87
41963,27.19
41964,29.23
41965,33.46
41966,34.9
41967,35.86
41968,22.06
41969,26.75
41970,28.96
41971,32.3
41972,34.13
41973,37.07
41974,37.38
41975,24.59
41976,29.64
41977,29.28
41978,32.82
41979,35.03
41980,36.88
41981,39.79
41982,24.8
41983,29.3
41984,29.78
41985,31.36
41986,34.59
41987,36.91
41988,39.28
41989,24.69
41990,28.91
41991,30.09
41992,31.45
41993,36.22
41994,37.07
41995,40.61
41996,25.42
41997,29.35
41998,29.86
41999,36.99
42000,40.92
42001,45.31
42002,47.31
42003,29.83
42004,35.54
42005,34.46
42006,38.45
42007,41.04
42008,45.07
42009,45.61
42010,29.83
42011,35.08
42012,34.85
42013,37.75
42014,40.16
42015,43.85
42016,45.78
42017,30.12
42018,36.15
42019,35.44
42020,37.74
42021,41.77
42022,44.2
42023,46.85
42024,30.13
42025,35.81
42026,35.73
42027,38.15
42028,41.19
42029,41.39
42030,60.24
42031,72.18
42032,69.68
42033,73.97
42034,78.46
42035,82.07
42036,83.39
42037,57.86
42038,68.49
42039,69.8
42040,75.42
42041,76.99
42042,80.16
42043,86.15
42044,61.13
42045,70.77
42046,69.26
42047,75.13
42048,78.47
42049,77.39
42050,80.75
42051,60.32
42052,71.22
42053,70.52
42054,73.92
42055,77.15
42056,82.66
42057,86.98
42058,61.04
42059,68.88
42060,70.93
42061,83.04
42062,86.26
42063,88.89
42064,97.88
42065,65.08
42066,75.82
42067,80.42
42068,86.31
42069,89.49
42070,93.04
42071,97.97
42072,65.1
42073,76.23
42074,77.39
42075,81.89
42076,87.83
42077,93.79
42078,102.75
42079,65.14
42080,74.28
42081,79.66
42082,84.24
42083,86.98
42084,90.45
42085,99.34
42086,69.01
42087,76.92
42088,82.21
42089,98.95
42090,105.87
42091,113.73
42092,114.75
42093,83.26
42094,89.16
42095,99.75
42096,101.51
42097,103.49
42098,109.88
42099,113.54
42100,83.01
42101,91.09
42102,96.46
42103,99.9
42104,106.52
42105,114.74
42106,119.78
42107,78.45
42108,89.34
42109,91.77
42110,98.91
42111,104.61
42112,114.07
42113,119.59
42114,77.56
42115,89.95
42116,88.62
42117,97.29
42118,108.05
42119,118.56
42120,29.05
42121,33.66
42122,32.86
42123,35.95
42124,38.13
42125,41.82
42126,44.02
42127,28.87
42128,35.37
42129,33.79
42130,37.64
42131,38.51
42132,40.08
42133,43.56
42134,28.14
42135,32.98
42136,33.41
42137,35.21
42138,37.89
42139,40.76
42140,42.41
42141,28.96
42142,32.58
42143,33.46
42144,35.6
42145,37.56
42146,41.09
42147,42.65
42148,27.83
42149,31.49
42150,35.49
42151,40.09
42152,42.9
42153,45.3
42154,48.41
42155,30.31
42156,35.57
42157,36.68
42158,40.31
42159,42.5
42160,45.22
42161,48.77
42162,31.88
42163,36.84
42164,38.39
42165,39.18
42166,41.82
42167,45.72
42168,47.7
42169,30.82
42170,37.05
42171,36.34
42172,38.25
42173,40.33
42174,44.55
42175,49.63
42176,31.93
42177,38.11
42178,37.28
42179,45.01
42180,48.94
42181,55.05
42182,57.18
42183,37.12
42184,44.66
42185,43.69
42186,46.55
42187,49.42
42188,54.07
42189,57.66
42190,36.62
42191,43.92
42192,44.74
42193,47.12
42194,49.91
42195,53.73
42196,57.74
42197,37.87
42198,45.44
42199,43.6
42200,44.8
42201,48.57
42202,52.37
42203,57.79
42204,38.44
42205,44.58
42206,43.5
42207,46.95
42208,51.27
42209,54.03
42210,33.57
42211,38.38
42212,38.54
42213,43.05
42214,43.63
42215,48.63
42216,50.46
42217,33.85
42218,38.96
42219,40.22
42220,42.92
42221,44.4
42222,47.53
42223,51.25
42224,33.65
42225,40.86
42226,39.31
42227,41.54
42228,46.02
42229,48.09
42230,48.69
42231,33.15
42232,38.7
42233,37.72
42234,42.35
42235,45.39
42236,46.76
42237,48.06
42238,32.89
42239,39.36
42240,39.28
42241,45.78
42242,49.75
42243,51.16
42244,51.65
42245,37.01
42246,44.46
42247,43.07
42248,45.89
42249,48.84
42250,51.43
42251,52.23
42252,37.62
42253,41.74
42254,42.6
42255,43.14
42256,47.73
42257,51.05
42258,53.31
42259,37.74
42260,41.9
42261,44.22
42262,46.75
42263,49.7
42264,51.83
42265,54.25
42266,37.0
42267,42.6
42268,43.07
42269,52.41
42270,57.34
42271,59.93
42272,65.38
42273,45.1
42274,52.21
42275,53.1
42276,55.31
42277,58.85
42278,61.66
42279,64.63
42280,44.89
42281,51.86
42282,52.57
42283,54.91
42284,57.31
42285,60.93
42286,62.66
42287,45.27
42288,51.66
42289,52.2
42290,54.97
42291,56.12
42292,61.87
42293,66.0
42294,44.39
42295,50.61
42296,52.14
42297,54.12
42298,60.07
42299,62.06
42300,27.09
42301,32.46
42302,33.1
42303,35.34
42304,38.21
42305,40.79
42306,42.69
42307,27.89
42308,31.72
42309,32.68
42310,34.34
42311,37.48
42312,40.08
42313,43.09
42314,28.36
42315,34.09
42316,33.15
42317,35.97
42318,36.64
42319,41.7
42320,43.72
42321,28.62
42322,32.57
42323,33.16
42324,34.85
42325,37.92
42326,41.69
42327,43.66
42328,29.08
42329,32.93
42330,33.15
42331,38.55
42332,42.02
42333,47.16
42334,48.17
42335,31.42
42336,37.35
42337,36.34
42338,39.5
42339,43.77
42340,46.6
42341,48.32
42342,32.43
42343,39.05
42344,37.06
42345,40.73
42346,43.18
42347,47.17
42348,48.72
42349,31.14
42350,38.0
42351,37.4
42352,40.14
42353,41.96
42354,44.58
42355,46.48
42356,31.79
42357,37.49
42358,35.96
42359,47.3
42360,53.12
42361,54.61
42362,57.87
42363,37.8
42364,45.03
42365,44.27
42366,45.52
42367,51.33
42368,52.15
42369,59.24
42370,38.57
42371,44.89
42372,45.05
42373,46.69
42374,52.17
42375,53.03
42376,59.89
42377,39.33
42378,43.21
42379,44.86
42380,46.95
42381,51.05
42382,53.68
42383,58.45
42384,36.58
42385,46.19
42386,45.18
42387,47.01
42388,51.08
42389,56.05
42390,57.72
42391,67.01
42392,68.86
42393,72.18
42394,75.56
42395,85.69
42396,90.05
42397,56.98
42398,68.23
42399,67.27
42400,71.81
42401,76.33
42402,80.05
42403,85.54
42404,58.43
42405,66.96
42406,64.51
42407,69.86
42408,72.44
42409,78.23
42410,81.07
42411,59.95
42412,66.23
42413,64.24
42414,71.92
42415,72.86
42416,79.61
42417,82.42
42418,59.98
42419,64.0
42420,66.17
42421,80.34
42422,82.34
42423,88.2
42424,95.57
42425,62.16
42426,73.87
42427,73.5
42428,81.54
42429,83.82
42430,92.49
42431,97.76
42432,61.74
42433,72.61
42434,74.14
42435,75.11
42436,77.96
42437,88.0
42438,96.39
42439,61.29
42440,71.59
42441,68.79
42442,75.61
42443,79.92
42444,88.4
42445,97.41
42446,62.86
42447,71.71
42448,70.92
42449,91.86
42450,97.52
42451,103.28
42452,116.75
42453,73.73
42454,86.38
42455,87.63
42456,95.73
42457,107.26
42458,108.16
42459,118.86
42460,78.51
42461,89.29
42462,90.69
42463,95.87
42464,96.84
42465,106.12
42466,116.72
42467,74.55
42468,87.56
42469,88.41
42470,95.39
42471,96.24
42472,106.44
42473,110.0
42474,74.03
42475,85.89
42476,86.7
42477,93.17
42478,96.09
42479,108.52
42480,19.56
42481,23.7
42482,24.67
42483,25.94
42484,28.45
42485,29.2
42486,30.4
42487,19.8
42488,24.13
42489,24.02
42490,26.32
42491,27.93
42492,30.07
42493,30.37
42494,20.42
42495,25.53
42496,23.66
42497,26.41
42498,27.95
42499,30.24
42500,30.97
42501,20.72
42502,23.95
42503,25.21
42504,26.43
42505,27.09
42506,29.55
42507,31.08
42508,21.22
42509,24.35
42510,23.84
42511,28.92
42512,30.65
42513,32.49
42514,31.64
42515,22.49
42516,26.52
42517,26.81
42518,28.2
42519,30.45
42520,32.19
42521,33.64
42522,22.57
42523,26.2
42524,26.05
42525,28.84
42526,30.45
42527,31.54
42528,32.72
42529,22.01
42530,26.44
42531,25.62
42532,28.44
42533,30.4
42534,32.24
42535,32.62
42536,23.47
42537,26.38
42538,25.75
42539,33.16
42540,36.85
42541,38.03
42542,39.62
42543,27.45
42544,31.29
42545,31.7
42546,33.59
42547,36.13
42548,37.06
42549,39.74
42550,27.72
42551,32.19
42552,32.32
42553,33.58
42554,34.58
42555,36.78
42556,39.89
42557,27.56
42558,31.3
42559,31.92
42560,33.41
42561,34.94
42562,38.78
42563,41.08
42564,27.85
42565,32.68
42566,32.64
42567,34.31
42568,35.97
42569,38.83
42570,48.43
42571,53.34
42572,56.12
42573,56.75
42574,58.24
42575,66.24
42576,70.01
42577,46.64
42578,51.52
42579,55.11
42580,56.01
42581,61.14
42582,66.65
42583,68.05
42584,46.56
42585,52.71
42586,54.5
42587,56.77
42588,61.56
42589,65.23
42590,68.81
42591,46.71
42592,53.38
42593,53.77
42594,58.81
42595,60.56
42596,63.93
42597,66.95
42598,45.46
42599,52.08
42600,52.44
42601,62.79
42602,68.31
42603,74.22
42604,79.17
42605,50.98
42606,58.61
42607,59.19
42608,64.06
42609,68.92
42610,73.55
42611,75.18
42612,50.23
42613,58.33
42614,56.05
42615,61.94
42616,68.97
42617,70.59
42618,76.31
42619,48.01
42620,57.82
42621,59.96
42622,62.12
42623,67.87
42624,71.78
42625,73.89
42626,49.66
42627,56.98
42628,57.82
42629,76.78
42630,82.84
42631,84.39
42632,87.05
42633,60.17
42634,74.27
42635,71.73
42636,77.14
42637,81.04
42638,88.07
42639,90.51
42640,64.13
42641,71.52
42642,70.17
42643,75.52
42644,78.68
42645,85.93
42646,91.91
42647,65.33
42648,72.09
42649,70.07
42650,75.86
42651,84.46
42652,88.01
42653,88.98
42654,65.58
42655,70.91
42656,71.47
42657,77.61
42658,83.22
42659,87.41
42660,56.93
42661,64.38
42662,64.84
42663,69.34
42664,75.21
42665,80.93
42666,85.32
42667,56.1
42668,66.16
42669,65.76
42670,70.39
42671,72.42
42672,80.36
42673,84.85
42674,55.07
42675,63.98
42676,65.4
42677,67.41
42678,72.49
42679,76.87
42680,84.32
42681,56.54
42682,66.12
42683,66.92
42684,71.79
42685,76.98
42686,79.84
42687,87.16
42688,55.73
42689,65.31
42690,64.79
42691,77.88
42692,81.24
42693,88.84
42694,92.37
42695,60.69
42696,73.32
42697,68.98
42698,78.86
42699,81.5
42700,89.57
42701,93.07
42702,60.42
42703,76.87
42704,69.31
42705,77.58
42706,80.16
42707,88.48
42708,92.82
42709,60.11
42710,73.25
42711,71.36
42712,75.66
42713,84.09
42714,94.07
42715,95.44
42716,60.58
42717,75.36
42718,72.06
42719,91.31
42720,97.58
42721,105.47
42722,111.92
42723,71.8
42724,85.21
42725,84.78
42726,92.76
42727,97.01
42728,106.19
42729,116.35
42730,73.94
42731,90.65
42732,85.51
42733,93.5
42734,102.54
42735,111.99
42736,113.38
42737,72.23
42738,85.99
42739,84.57
42740,89.16
42741,101.15
42742,103.87
42743,115.58
42744,74.28
42745,89.6
42746,89.27
42747,95.11
42748,104.51
42749,109.86
42750,34.06
42751,39.7
42752,39.84
42753,41.84
42754,43.42
42755,46.97
42756,49.68
42757,32.15
42758,38.56
42759,39.07
42760,40.92
42761,44.08
42762,50.42
42763,49.82
42764,31.82
42765,38.27
42766,38.25
42767,41.69
42768,47.01
42769,50.04
42770,51.82
42771,32.75
42772,39.77
42773,39.33
42774,41.36
42775,45.9
42776,47.52
42777,51.07
42778,33.9
42779,39.0
42780,40.07
42781,48.51
42782,49.6
42783,53.91
42784,57.0
42785,38.07
42786,44.35
42787,44.32
42788,48.46
42789,48.64
42790,54.04
42791,56.27
42792,37.01
42793,45.07
42794,44.7
42795,48.28
42796,48.87
42797,53.98
42798,54.08
42799,36.09
42800,43.51
42801,45.87
42802,45.85
42803,51.84
42804,55.58
42805,55.4
42806,36.76
42807,43.6
42808,45.73
42809,57.17
42810,59.24
42811,62.41
42812,62.53
42813,43.68
42814,52.16
42815,55.57
42816,56.86
42817,59.74
42818,64.08
42819,66.65
42820,43.65
42821,51.64
42822,53.75
42823,56.35
42824,59.33
42825,64.94
42826,65.72
42827,46.3
42828,52.81
42829,52.81
42830,56.4
42831,58.59
42832,65.54
42833,68.15
42834,45.56
42835,53.98
42836,53.15
42837,57.63
42838,58.75
42839,63.79
42840,15.18
42841,17.94
42842,18.34
42843,19.76
42844,20.28
42845,22.28
42846,22.39
42847,15.06
42848,18.24
42849,17.86
42850,19.15
42851,20.6
42852,21.41
42853,22.76
42854,14.8
42855,17.86
42856,17.51
42857,19.13
42858,20.65
42859,21.88
42860,22.74
42861,15.31
42862,17.95
42863,17.08
42864,18.68
42865,20.35
42866,21.37
42867,23.09
42868,14.81
42869,17.71
42870,18.17
42871,21.36
42872,22.8
42873,22.69
42874,24.3
42875,15.52
42876,19.25
42877,19.01
42878,20.73
42879,22.12
42880,23.46
42881,24.48
42882,16.07
42883,18.89
42884,19.29
42885,20.64
42886,22.49
42887,22.93
42888,24.18
42889,16.79
42890,18.97
42891,18.81
42892,20.37
42893,22.72
42894,24.08
42895,25.36
42896,16.55
42897,18.89
42898,19.12
42899,24.5
42900,26.67
42901,27.89
42902,31.04
42903,20.33
42904,23.61
42905,23.36
42906,25.09
42907,27.19
42908,28.63
42909,30.36
42910,20.34
42911,23.52
42912,23.39
42913,24.91
42914,27.08
42915,28.93
42916,30.25
42917,20.57
42918,23.02
42919,22.71
42920,25.28
42921,27.8
42922,29.33
42923,29.29
42924,19.84
42925,23.85
42926,23.26
42927,26.13
42928,27.46
42929,29.98
42930,60.12
42931,72.31
42932,70.65
42933,79.22
42934,82.68
42935,87.21
42936,97.69
42937,61.41
42938,72.12
42939,69.72
42940,76.89
42941,81.09
42942,90.5
42943,94.49
42944,61.24
42945,71.27
42946,70.94
42947,76.09
42948,79.75
42949,87.35
42950,97.03
42951,61.74
42952,72.37
42953,72.64
42954,78.25
42955,84.36
42956,89.97
42957,96.37
42958,63.46
42959,76.44
42960,76.92
42961,85.15
42962,89.91
42963,101.5
42964,102.69
42965,69.27
42966,80.7
42967,81.87
42968,86.88
42969,91.59
42970,95.82
42971,101.29
42972,69.51
42973,77.24
42974,79.03
42975,87.55
42976,91.32
42977,97.44
42978,103.02
42979,69.77
42980,79.23
42981,79.65
42982,83.45
42983,89.17
42984,99.88
42985,102.25
42986,68.02
42987,77.03
42988,76.7
42989,100.3
42990,108.5
42991,117.75
42992,121.1
42993,81.26
42994,90.15
42995,95.35
42996,107.18
42997,110.87
42998,118.61
42999,122.6
43000,83.63
43001,95.25
43002,99.01
43003,105.48
43004,110.54
43005,118.62
43006,128.47
43007,88.82
43008,99.01
43009,98.46
43010,102.41
43011,109.88
43012,118.79
43013,130.56
43014,86.77
43015,99.25
43016,98.87
43017,101.98
43018,105.5
43019,115.92
43020,49.46
43021,56.95
43022,55.22
43023,59.49
43024,69.04
43025,73.11
43026,77.46
43027,47.9
43028,57.81
43029,58.21
43030,60.99
43031,65.06
43032,71.27
43033,77.87
43034,49.43
43035,54.95
43036,57.32
43037,61.87
43038,65.58
43039,69.04
43040,74.13
43041,48.84
43042,56.68
43043,57.83
43044,59.98
43045,64.62
43046,68.58
43047,74.59
43048,50.29
43049,57.61
43050,57.45
43051,67.28
43052,71.15
43053,77.36
43054,81.51
43055,51.84
43056,64.63
43057,65.2
43058,66.23
43059,71.81
43060,77.68
43061,85.04
43062,55.49
43063,64.1
43064,64.25
43065,64.09
43066,72.03
43067,75.6
43068,81.92
43069,54.77
43070,61.5
43071,60.99
43072,67.54
43073,73.72
43074,79.15
43075,81.78
43076,52.29
43077,62.78
43078,63.15
43079,80.06
43080,88.34
43081,88.8
43082,95.41
43083,60.93
43084,75.36
43085,78.74
43086,81.26
43087,87.51
43088,89.55
43089,93.88
43090,63.18
43091,75.73
43092,78.42
43093,79.45
43094,87.1
43095,91.04
43096,100.01
43097,64.79
43098,76.96
43099,76.13
43100,79.57
43101,85.54
43102,91.01
43103,96.33
43104,65.4
43105,77.81
43106,77.05
43107,80.37
43108,89.99
43109,93.48
43110,28.23
43111,33.98
43112,33.9
43113,34.95
43114,37.08
43115,41.5
43116,45.26
43117,27.61
43118,33.48
43119,35.13
43120,33.86
43121,37.52
43122,39.86
43123,41.8
43124,28.35
43125,33.37
43126,34.04
43127,35.42
43128,35.57
43129,40.2
43130,40.85
43131,29.21
43132,33.72
43133,33.33
43134,34.39
43135,36.28
43136,40.82
43137,43.11
43138,29.09
43139,33.93
43140,33.86
43141,39.33
43142,41.43
43143,45.22
43144,48.6
43145,31.4
43146,37.32
43147,37.8
43148,40.25
43149,42.0
43150,45.05
43151,47.52
43152,31.32
43153,37.1
43154,36.49
43155,40.25
43156,42.66
43157,47.49
43158,48.57
43159,31.43
43160,38.7
43161,37.89
43162,41.31
43163,42.11
43164,45.96
43165,48.12
43166,31.36
43167,40.14
43168,35.89
43169,47.17
43170,49.23
43171,54.38
43172,57.08
43173,38.39
43174,45.33
43175,44.19
43176,47.33
43177,49.2
43178,52.35
43179,56.5
43180,38.33
43181,44.64
43182,44.81
43183,47.05
43184,49.75
43185,53.63
43186,57.9
43187,39.16
43188,44.66
43189,44.64
43190,46.33
43191,49.39
43192,54.25
43193,57.51
43194,37.81
43195,43.2
43196,44.64
43197,46.66
43198,50.08
43199,55.6
43200,41.34
43201,47.44
43202,48.14
43203,51.55
43204,53.1
43205,60.6
43206,63.94
43207,40.76
43208,48.18
43209,47.64
43210,50.61
43211,55.36
43212,60.33
43213,61.01
43214,40.99
43215,45.82
43216,46.76
43217,50.91
43218,56.11
43219,59.75
43220,62.29
43221,38.45
43222,46.57
43223,47.73
43224,52.83
43225,54.67
43226,58.55
43227,60.75
43228,40.09
43229,47.62
43230,47.01
43231,57.52
43232,60.45
43233,66.77
43234,71.26
43235,44.75
43236,52.75
43237,53.74
43238,56.5
43239,60.72
43240,65.18
43241,71.49
43242,45.56
43243,53.01
43244,53.86
43245,55.13
43246,60.6
43247,65.02
43248,69.46
43249,45.13
43250,52.08
43251,52.24
43252,57.36
43253,63.21
43254,65.41
43255,71.95
43256,44.29
43257,52.9
43258,52.84
43259,69.3
43260,73.51
43261,75.42
43262,80.44
43263,51.15
43264,63.85
43265,67.27
43266,68.97
43267,73.3
43268,76.42
43269,82.14
43270,54.44
43271,62.81
43272,63.69
43273,69.42
43274,72.48
43275,74.66
43276,83.04
43277,53.52
43278,63.62
43279,62.85
43280,67.81
43281,69.03
43282,77.0
43283,82.4
43284,55.13
43285,63.67
43286,62.01
43287,68.0
43288,73.51
43289,80.0
43290,30.09
43291,38.68
43292,35.03
43293,37.97
43294,40.89
43295,44.07
43296,44.52
43297,30.03
43298,37.86
43299,34.82
43300,39.82
43301,41.03
43302,42.98
43303,45.74
43304,30.05
43305,36.85
43306,36.84
43307,38.87
43308,40.25
43309,41.97
43310,46.46
43311,30.32
43312,37.27
43313,36.93
43314,38.8
43315,39.55
43316,44.06
43317,46.8
43318,30.29
43319,36.78
43320,38.09
43321,43.09
43322,46.55
43323,49.37
43324,52.56
43325,34.74
43326,40.11
43327,41.94
43328,44.06
43329,45.95
43330,48.53
43331,55.04
43332,35.9
43333,40.08
43334,40.18
43335,42.98
43336,45.85
43337,49.52
43338,53.68
43339,34.51
43340,40.29
43341,40.48
43342,43.35
43343,44.22
43344,48.69
43345,53.33
43346,33.51
43347,39.5
43348,38.57
43349,50.83
43350,56.1
43351,59.06
43352,62.25
43353,40.71
43354,48.31
43355,46.75
43356,51.35
43357,53.64
43358,59.58
43359,61.74
43360,40.13
43361,45.99
43362,49.7
43363,52.1
43364,54.71
43365,58.84
43366,59.83
43367,39.98
43368,46.67
43369,48.3
43370,49.44
43371,53.64
43372,58.65
43373,61.57
43374,41.18
43375,45.64
43376,47.38
43377,51.19
43378,52.69
43379,59.93
43380,48.68
43381,59.41
43382,56.8
43383,60.82
43384,63.82
43385,72.0
43386,75.68
43387,47.71
43388,59.34
43389,56.11
43390,60.02
43391,67.33
43392,70.3
43393,70.95
43394,46.48
43395,59.7
43396,56.19
43397,59.95
43398,64.22
43399,70.84
43400,73.34
43401,49.43
43402,58.23
43403,56.62
43404,60.09
43405,64.3
43406,69.75
43407,77.57
43408,49.94
43409,57.12
43410,58.24
43411,69.12
43412,72.59
43413,79.11
43414,86.13
43415,55.93
43416,62.21
43417,63.55
43418,68.91
43419,73.79
43420,80.93
43421,86.19
43422,55.04
43423,60.03
43424,63.55
43425,70.93
43426,75.44
43427,81.44
43428,82.99
43429,53.78
43430,61.18
43431,62.6
43432,68.27
43433,72.92
43434,80.11
43435,82.32
43436,55.0
43437,64.6
43438,64.85
43439,80.83
43440,86.59
43441,90.9
43442,98.44
43443,64.7
43444,75.92
43445,74.74
43446,80.03
43447,88.78
43448,96.25
43449,97.79
43450,64.46
43451,74.61
43452,77.68
43453,80.12
43454,91.32
43455,95.96
43456,99.68
43457,66.46
43458,75.71
43459,76.95
43460,80.54
43461,90.67
43462,90.61
43463,94.53
43464,67.74
43465,76.15
43466,76.69
43467,78.94
43468,84.93
43469,90.26
43470,16.97
43471,20.92
43472,20.76
43473,21.96
43474,24.82
43475,26.77
43476,27.76
43477,17.73
43478,20.56
43479,21.03
43480,22.22
43481,23.45
43482,26.51
43483,27.01
43484,18.37
43485,21.05
43486,20.42
43487,22.1
43488,23.25
43489,24.6
43490,27.99
43491,18.25
43492,20.72
43493,21.47
43494,23.04
43495,23.19
43496,25.18
43497,27.04
43498,18.8
43499,20.77
43500,21.84
43501,25.8
43502,25.69
43503,28.48
43504,30.57
43505,20.55
43506,22.86
43507,22.05
43508,24.17
43509,26.04
43510,28.04
43511,29.48
43512,20.29
43513,21.83
43514,22.09
43515,24.32
43516,26.68
43517,28.66
43518,29.32
43519,19.81
43520,22.16
43521,22.29
43522,24.23
43523,25.94
43524,29.55
43525,27.56
43526,19.93
43527,21.72
43528,21.76
43529,29.65
43530,30.63
43531,33.74
43532,34.59
43533,23.03
43534,26.71
43535,26.5
43536,29.17
43537,29.88
43538,33.22
43539,33.82
43540,22.76
43541,27.62
43542,27.57
43543,30.33
43544,30.14
43545,33.58
43546,34.97
43547,22.37
43548,27.45
43549,27.39
43550,29.13
43551,30.94
43552,33.72
43553,34.97
43554,23.97
43555,26.59
43556,27.25
43557,29.73
43558,31.34
43559,34.93
43560,45.26
43561,55.18
43562,53.87
43563,60.13
43564,60.28
43565,68.29
43566,68.8
43567,46.19
43568,54.25
43569,53.84
43570,58.73
43571,60.45
43572,67.17
43573,69.57
43574,45.79
43575,52.51
43576,53.06
43577,58.09
43578,60.37
43579,65.52
43580,69.56
43581,46.85
43582,53.72
43583,53.18
43584,59.36
43585,62.68
43586,67.04
43587,70.25
43588,45.36
43589,53.15
43590,53.12
43591,63.46
43592,69.0
43593,73.9
43594,76.67
43595,51.3
43596,59.55
43597,61.16
43598,64.05
43599,68.96
43600,73.63
43601,83.51
43602,51.77
43603,61.2
43604,59.94
43605,63.75
43606,66.76
43607,76.07
43608,78.38
43609,51.97
43610,59.86
43611,57.68
43612,62.52
43613,67.23
43614,72.51
43615,76.86
43616,51.86
43617,58.77
43618,57.62
43619,77.14
43620,82.52
43621,88.62
43622,85.93
43623,63.66
43624,69.39
43625,72.05
43626,76.92
43627,80.1
43628,86.9
43629,88.39
43630,62.74
43631,69.16
43632,71.94
43633,76.01
43634,81.36
43635,90.55
43636,91.28
43637,61.8
43638,68.7
43639,70.35
43640,75.13
43641,78.98
43642,83.02
43643,90.75
43644,62.86
43645,71.97
43646,72.7
43647,74.9
43648,80.04
43649,86.26
43650,55.13
43651,61.66
43652,62.38
43653,67.76
43654,71.06
43655,76.99
43656,81.88
43657,54.03
43658,60.58
43659,63.22
43660,67.68
43661,73.24
43662,78.72
43663,80.67
43664,53.7
43665,63.04
43666,64.05
43667,69.84
43668,72.03
43669,75.17
43670,79.53
43671,53.52
43672,63.51
43673,64.96
43674,67.7
43675,71.1
43676,74.69
43677,82.3
43678,54.89
43679,65.27
43680,64.03
43681,72.44
43682,76.83
43683,84.91
43684,87.8
43685,57.98
43686,66.56
43687,70.78
43688,74.18
43689,80.64
43690,89.6
43691,84.58
43692,56.92
43693,70.01
43694,72.24
43695,74.64
43696,79.46
43697,84.1
43698,85.45
43699,57.58
43700,73.08
43701,68.88
43702,75.76
43703,81.66
43704,84.51
43705,91.03
43706,56.35
43707,74.5
43708,69.03
43709,91.35
43710,98.61
43711,100.76
43712,106.22
43713,67.19
43714,83.56
43715,81.51
43716,91.6
43717,98.96
43718,103.23
43719,107.04
43720,71.84
43721,80.86
43722,81.73
43723,90.95
43724,96.76
43725,102.69
43726,112.01
43727,74.65
43728,79.32
43729,80.85
43730,88.17
43731,95.62
43732,103.12
43733,113.98
43734,74.36
43735,80.71
43736,83.5
43737,86.77
43738,94.04
43739,104.56
43740,20.94
43741,23.07
43742,24.74
43743,27.12
43744,27.87
43745,29.54
43746,31.8
43747,20.62
43748,23.52
43749,25.13
43750,25.72
43751,28.15
43752,30.12
43753,31.12
43754,20.48
43755,23.85
43756,22.83
43757,25.59
43758,26.8
43759,28.04
43760,31.54
43761,20.56
43762,23.8
43763,23.06
43764,24.79
43765,27.55
43766,28.97
43767,30.74
43768,20.34
43769,23.38
43770,23.72
43771,28.32
43772,30.99
43773,31.45
43774,34.59
43775,21.85
43776,27.05
43777,26.09
43778,28.33
43779,30.82
43780,33.71
43781,31.87
43782,22.29
43783,26.0
43784,26.44
43785,28.1
43786,30.78
43787,32.24
43788,34.21
43789,22.78
43790,25.68
43791,25.85
43792,27.1
43793,30.14
43794,32.44
43795,32.95
43796,22.11
43797,26.41
43798,26.35
43799,32.59
43800,36.57
43801,39.72
43802,40.88
43803,27.04
43804,32.6
43805,31.75
43806,33.9
43807,35.35
43808,37.34
43809,40.5
43810,27.05
43811,31.74
43812,31.58
43813,34.08
43814,35.84
43815,36.74
43816,40.6
43817,26.61
43818,31.99
43819,31.89
43820,33.81
43821,36.74
43822,37.64
43823,41.49
43824,26.88
43825,31.29
43826,32.34
43827,34.05
43828,36.3
43829,39.43
43830,57.16
43831,66.11
43832,63.95
43833,71.47
43834,74.84
43835,80.9
43836,85.82
43837,54.83
43838,64.26
43839,64.47
43840,70.02
43841,75.18
43842,78.71
43843,83.77
43844,55.3
43845,65.46
43846,65.76
43847,70.21
43848,77.4
43849,78.84
43850,86.72
43851,56.27
43852,64.18
43853,66.35
43854,67.98
43855,76.0
43856,79.07
43857,83.82
43858,55.94
43859,63.56
43860,67.95
43861,81.05
43862,86.0
43863,90.21
43864,95.63
43865,62.95
43866,71.97
43867,73.67
43868,78.85
43869,83.31
43870,89.9
43871,97.99
43872,62.27
43873,73.58
43874,71.82
43875,80.06
43876,85.74
43877,90.37
43878,93.11
43879,63.8
43880,69.67
43881,73.88
43882,76.9
43883,85.0
43884,88.36
43885,92.09
43886,65.3
43887,71.03
43888,71.55
43889,95.12
43890,102.04
43891,105.37
43892,109.39
43893,75.55
43894,85.88
43895,86.02
43896,96.22
43897,101.05
43898,104.0
43899,112.78
43900,74.61
43901,86.79
43902,88.58
43903,92.84
43904,95.21
43905,100.91
43906,119.97
43907,77.32
43908,87.49
43909,87.63
43910,91.09
43911,96.4
43912,103.45
43913,120.28
43914,74.83
43915,87.15
43916,87.37
43917,91.13
43918,96.55
43919,105.57
43920,30.68
43921,34.87
43922,36.65
43923,40.06
43924,43.01
43925,44.95
43926,46.91
43927,30.29
43928,35.82
43929,38.34
43930,40.07
43931,42.24
43932,44.3
43933,46.65
43934,30.92
43935,34.83
43936,36.92
43937,39.33
43938,40.47
43939,44.42
43940,45.97
43941,30.7
43942,36.17
43943,36.35
43944,39.57
43945,42.09
43946,44.64
43947,49.74
43948,31.86
43949,37.06
43950,38.78
43951,43.85
43952,46.48
43953,48.77
43954,52.89
43955,35.05
43956,42.09
43957,40.6
43958,43.39
43959,47.19
43960,49.75
43961,52.64
43962,35.33
43963,40.13
43964,41.27
43965,42.78
43966,45.71
43967,49.61
43968,50.64
43969,36.15
43970,40.56
43971,40.4
43972,43.93
43973,46.99
43974,50.57
43975,52.46
43976,35.33
43977,40.61
43978,40.28
43979,50.71
43980,54.96
43981,57.53
43982,63.59
43983,42.26
43984,48.18
43985,47.05
43986,49.65
43987,56.07
43988,59.66
43989,64.27
43990,41.12
43991,49.09
43992,48.05
43993,51.54
43994,56.57
43995,57.1
43996,60.55
43997,39.61
43998,46.72
43999,47.04
44000,50.87
44001,55.53
44002,60.56
44003,62.35
44004,41.76
44005,46.66
44006,48.9
44007,51.93
44008,55.11
44009,58.27
44010,20.94
44011,24.03
44012,24.51
44013,25.33
44014,27.92
44015,28.97
44016,30.97
44017,20.75
44018,24.01
44019,24.66
44020,24.96
44021,27.05
44022,28.39
44023,31.4
44024,19.87
44025,23.84
44026,22.9
44027,25.05
44028,26.99
44029,28.12
44030,30.2
44031,19.66
44032,23.46
44033,23.28
44034,25.32
44035,28.11
44036,29.18
44037,30.48
44038,19.53
44039,23.4
44040,24.23
44041,26.71
44042,29.3
44043,32.1
44044,32.49
44045,21.91
44046,25.24
44047,26.88
44048,28.37
44049,29.49
44050,31.44
44051,32.54
44052,21.4
44053,26.13
44054,25.79
44055,28.22
44056,29.95
44057,31.14
44058,34.97
44059,23.31
44060,25.43
44061,26.1
44062,28.46
44063,29.8
44064,32.53
44065,32.66
44066,24.32
44067,25.79
44068,24.93
44069,33.45
44070,35.03
44071,38.99
44072,39.53
44073,27.07
44074,30.6
44075,31.59
44076,33.71
44077,34.74
44078,38.93
44079,39.61
44080,27.44
44081,31.69
44082,30.29
44083,33.81
44084,35.94
44085,39.91
44086,39.32
44087,27.34
44088,31.26
44089,31.5
44090,34.19
44091,36.6
44092,40.06
44093,41.32
44094,26.94
44095,31.52
44096,32.07
44097,34.95
44098,36.91
44099,40.11
44100,14.93
44101,18.77
44102,17.74
44103,18.8
44104,20.77
44105,21.74
44106,22.41
44107,15.11
44108,18.16
44109,18.27
44110,18.8
44111,19.9
44112,21.95
44113,23.86
44114,14.75
44115,17.91
44116,17.19
44117,18.87
44118,20.13
44119,21.06
44120,21.79
44121,15.42
44122,17.48
44123,17.54
44124,19.66
44125,20.48
44126,21.35
44127,24.02
44128,15.69
44129,17.73
44130,18.06
44131,20.65
44132,22.58
44133,24.67
44134,24.94
44135,17.39
44136,19.58
44137,20.0
44138,21.24
44139,21.87
44140,24.54
44141,25.87
44142,17.52
44143,18.77
44144,19.83
44145,21.3
44146,23.13
44147,24.43
44148,24.85
44149,18.07
44150,19.4
44151,19.27
44152,21.27
44153,22.3
44154,24.54
44155,24.82
44156,17.51
44157,19.75
44158,19.65
44159,25.32
44160,27.41
44161,28.36
44162,30.92
44163,20.23
44164,23.67
44165,23.69
44166,25.55
44167,27.25
44168,28.19
44169,29.8
44170,19.93
44171,23.25
44172,23.32
44173,26.02
44174,27.67
44175,29.74
44176,30.71
44177,20.09
44178,23.03
44179,24.11
44180,25.81
44181,26.97
44182,28.91
44183,30.39
44184,20.21
44185,24.14
44186,24.11
44187,25.66
44188,27.85
44189,29.49
44190,26.63
44191,30.31
44192,28.98
44193,31.84
44194,35.0
44195,35.8
44196,38.72
44197,25.53
44198,30.09
44199,29.75
44200,32.7
44201,34.58
44202,35.97
44203,38.43
44204,25.97
44205,29.58
44206,29.36
44207,31.91
44208,33.85
44209,36.99
44210,37.57
44211,26.05
44212,28.65
44213,29.72
44214,32.26
44215,34.14
44216,37.22
44217,39.8
44218,25.0
44219,28.47
44220,29.54
44221,36.01
44222,38.31
44223,39.89
44224,43.41
44225,28.3
44226,31.54
44227,33.16
44228,35.53
44229,38.4
44230,40.69
44231,44.1
44232,28.14
44233,33.04
44234,29.99
44235,34.73
44236,37.4
44237,41.21
44238,43.03
44239,28.22
44240,32.83
44241,32.35
44242,35.35
44243,38.94
44244,40.7
44245,43.58
44246,28.39
44247,33.57
44248,32.59
44249,41.32
44250,45.74
44251,49.35
44252,52.26
44253,33.99
44254,38.87
44255,38.59
44256,43.71
44257,47.87
44258,49.78
44259,51.07
44260,34.69
44261,39.06
44262,41.04
44263,43.34
44264,45.84
44265,48.49
44266,51.74
44267,34.68
44268,39.32
44269,39.74
44270,44.35
44271,46.24
44272,50.03
44273,53.71
44274,34.31
44275,39.32
44276,40.11
44277,42.07
44278,45.91
44279,51.04
44280,35.99
44281,43.13
44282,42.35
44283,45.58
44284,47.23
44285,52.06
44286,55.97
44287,36.42
44288,42.67
44289,42.95
44290,47.56
44291,49.56
44292,54.45
44293,53.64
44294,37.06
44295,42.14
44296,42.79
44297,47.12
44298,48.78
44299,53.88
44300,53.26
44301,36.17
44302,42.69
44303,41.69
44304,46.38
44305,49.27
44306,53.08
44307,53.5
44308,36.59
44309,42.18
44310,43.02
44311,50.64
44312,54.18
44313,58.68
44314,60.4
44315,41.76
44316,47.39
44317,48.11
44318,51.3
44319,54.43
44320,58.24
44321,62.34
44322,40.13
44323,46.84
44324,47.98
44325,50.45
44326,53.99
44327,58.45
44328,60.94
44329,41.35
44330,47.6
44331,47.99
44332,50.25
44333,53.98
44334,58.36
44335,64.16
44336,41.3
44337,48.18
44338,46.32
44339,58.27
44340,63.45
44341,71.62
44342,73.24
44343,48.64
44344,57.38
44345,59.36
44346,62.18
44347,63.43
44348,70.02
44349,72.79
44350,50.75
44351,58.28
44352,58.38
44353,62.77
44354,65.1
44355,67.39
44356,73.16
44357,51.49
44358,55.71
44359,59.52
44360,62.68
44361,64.52
44362,70.35
44363,74.72
44364,48.96
44365,56.67
44366,56.49
44367,61.58
44368,65.72
44369,69.81
44370,21.24
44371,22.75
44372,24.45
44373,25.53
44374,28.13
44375,29.28
44376,29.24
44377,20.66
44378,23.47
44379,24.36
44380,25.66
44381,27.6
44382,29.17
44383,30.84
44384,20.77
44385,23.47
44386,24.68
44387,26.28
44388,28.24
44389,29.39
44390,31.07
44391,20.99
44392,23.82
44393,24.22
44394,26.57
44395,28.22
44396,28.93
44397,30.63
44398,20.89
44399,23.7
44400,24.51
44401,28.19
44402,30.97
44403,32.11
44404,33.97
44405,21.91
44406,26.67
44407,26.6
44408,29.19
44409,31.13
44410,32.62
44411,34.81
44412,22.77
44413,25.7
44414,26.45
44415,27.97
44416,30.4
44417,32.95
44418,34.4
44419,23.95
44420,26.21
44421,27.26
44422,28.8
44423,30.36
44424,32.36
44425,35.05
44426,22.06
44427,25.98
44428,27.13
44429,32.5
44430,35.69
44431,38.0
44432,39.7
44433,24.56
44434,30.05
44435,31.69
44436,32.82
44437,34.59
44438,36.53
44439,39.92
44440,29.1
44441,30.33
44442,32.98
44443,33.51
44444,34.7
44445,37.59
44446,41.13
44447,28.9
44448,31.0
44449,31.76
44450,33.78
44451,35.19
44452,38.35
44453,41.15
44454,27.4
44455,31.02
44456,31.78
44457,33.23
44458,35.09
44459,38.17
44460,57.65
44461,67.19
44462,69.28
44463,72.52
44464,75.83
44465,80.5
44466,85.21
44467,58.19
44468,68.07
44469,71.31
44470,74.19
44471,79.73
44472,83.41
44473,85.4
44474,54.82
44475,68.0
44476,69.24
44477,72.01
44478,74.41
44479,79.02
44480,81.86
44481,55.84
44482,66.97
44483,67.79
44484,72.55
44485,76.94
44486,80.02
44487,83.6
44488,54.14
44489,64.15
44490,64.98
44491,77.85
44492,80.69
44493,84.32
44494,91.97
44495,61.49
44496,71.11
44497,73.11
44498,80.71
44499,85.43
44500,90.24
44501,95.51
44502,65.13
44503,71.74
44504,73.17
44505,80.73
44506,85.51
44507,89.16
44508,97.35
44509,64.96
44510,70.05
44511,72.63
44512,79.95
44513,84.16
44514,91.85
44515,98.27
44516,62.15
44517,70.78
44518,73.68
44519,94.87
44520,101.44
44521,110.33
44522,114.01
44523,69.24
44524,85.78
44525,91.72
44526,99.65
44527,103.39
44528,112.82
44529,121.03
44530,70.06
44531,90.81
44532,92.77
44533,100.09
44534,102.49
44535,110.17
44536,120.06
44537,73.04
44538,92.91
44539,90.12
44540,96.97
44541,102.92
44542,113.01
44543,123.96
44544,76.6
44545,90.96
44546,87.87
44547,95.05
44548,96.77
44549,108.84
44550,42.34
44551,47.37
44552,49.22
44553,52.38
44554,57.34
44555,60.32
44556,64.25
44557,43.39
44558,47.88
44559,49.46
44560,52.58
44561,56.85
44562,57.67
44563,63.91
44564,41.98
44565,47.7
44566,48.85
44567,51.42
44568,53.34
44569,57.44
44570,63.88
44571,41.12
44572,47.02
44573,49.06
44574,52.34
44575,56.13
44576,57.86
44577,61.02
44578,42.28
44579,45.81
44580,48.4
44581,56.52
44582,61.42
44583,66.24
44584,70.16
44585,45.59
44586,52.41
44587,52.48
44588,57.59
44589,63.03
44590,63.89
44591,67.57
44592,46.43
44593,51.98
44594,55.38
44595,55.27
44596,59.79
44597,67.22
44598,70.63
44599,46.22
44600,52.56
44601,53.05
44602,56.9
44603,61.65
44604,66.74
44605,69.44
44606,46.36
44607,53.61
44608,52.55
44609,66.61
44610,72.36
44611,75.94
44612,84.4
44613,53.55
44614,66.0
44615,62.98
44616,70.57
44617,72.36
44618,74.98
44619,84.16
44620,52.77
44621,65.79
44622,61.81
44623,67.73
44624,71.85
44625,76.24
44626,84.93
44627,52.2
44628,65.44
44629,64.52
44630,69.55
44631,75.41
44632,78.86
44633,82.52
44634,55.36
44635,65.05
44636,63.87
44637,67.9
44638,72.27
44639,81.16
44640,15.99
44641,18.72
44642,18.3
44643,20.22
44644,21.73
44645,23.42
44646,22.18
44647,15.78
44648,18.49
44649,17.2
44650,19.27
44651,20.33
44652,21.97
44653,23.26
44654,15.63
44655,17.59
44656,18.65
44657,20.03
44658,20.95
44659,22.37
44660,24.11
44661,15.84
44662,18.15
44663,19.29
44664,19.0
44665,20.36
44666,21.97
44667,22.77
44668,15.41
44669,18.16
44670,18.5
44671,21.91
44672,23.37
44673,25.37
44674,26.09
44675,17.39
44676,19.93
44677,20.72
44678,21.54
44679,21.91
44680,24.01
44681,25.11
44682,17.46
44683,19.9
44684,20.38
44685,21.81
44686,22.92
44687,23.99
44688,26.35
44689,16.96
44690,20.47
44691,20.07
44692,21.19
44693,22.64
44694,24.79
44695,25.97
44696,16.54
44697,20.54
44698,20.1
44699,25.14
44700,27.32
44701,29.46
44702,32.61
44703,19.96
44704,23.8
44705,23.98
44706,25.67
44707,27.11
44708,29.76
44709,31.29
44710,20.26
44711,24.02
44712,24.01
44713,25.16
44714,27.28
44715,29.12
44716,29.3
44717,20.43
44718,23.63
44719,24.13
44720,26.12
44721,27.23
44722,28.81
44723,30.63
44724,21.06
44725,24.23
44726,24.24
44727,25.51
44728,26.79
44729,29.65
44730,37.82
44731,43.43
44732,42.75
44733,45.6
44734,48.7
44735,52.94
44736,54.14
44737,36.06
44738,40.13
44739,41.01
44740,45.91
44741,49.44
44742,53.6
44743,55.42
44744,35.95
44745,42.38
44746,43.15
44747,45.86
44748,48.6
44749,52.55
44750,55.72
44751,35.72
44752,39.41
44753,42.74
44754,45.41
44755,50.11
44756,50.66
44757,57.2
44758,36.92
44759,43.82
44760,44.23
44761,51.03
44762,53.07
44763,56.95
44764,62.04
44765,40.16
44766,46.59
44767,47.53
44768,51.4
44769,54.31
44770,59.32
44771,59.46
44772,42.96
44773,48.73
44774,46.04
44775,51.05
44776,54.35
44777,57.82
44778,60.13
44779,40.87
44780,46.92
44781,45.84
44782,51.73
44783,51.18
44784,55.7
44785,57.69
44786,39.98
44787,47.34
44788,45.46
44789,60.14
44790,62.29
44791,67.88
44792,71.47
44793,47.51
44794,58.49
44795,55.62
44796,58.31
44797,63.16
44798,65.28
44799,73.27
44800,47.31
44801,56.94
44802,57.28
44803,60.99
44804,65.65
44805,65.68
44806,69.66
44807,46.63
44808,55.0
44809,58.4
44810,60.69
44811,64.86
44812,65.31
44813,72.62
44814,48.01
44815,55.04
44816,58.32
44817,60.07
44818,63.57
44819,68.84
44820,21.01
44821,24.02
44822,23.59
44823,24.92
44824,27.28
44825,31.06
44826,30.51
44827,20.75
44828,23.93
44829,23.68
44830,26.37
44831,26.24
44832,30.03
44833,32.07
44834,20.83
44835,22.2
44836,23.91
44837,25.68
44838,26.34
44839,28.37
44840,30.52
44841,20.24
44842,22.88
44843,24.19
44844,24.6
44845,25.89
44846,28.84
44847,30.01
44848,19.49
44849,22.84
44850,23.4
44851,27.45
44852,28.78
44853,31.52
44854,34.39
44855,21.6
44856,25.16
44857,25.28
44858,28.33
44859,29.31
44860,31.77
44861,34.21
44862,22.56
44863,25.94
44864,26.08
44865,28.25
44866,30.04
44867,32.33
44868,35.5
44869,23.92
44870,25.98
44871,25.75
44872,28.11
44873,29.1
44874,31.78
44875,34.19
44876,20.74
44877,25.17
44878,25.95
44879,32.96
44880,35.17
44881,39.64
44882,44.5
44883,25.86
44884,30.01
44885,31.94
44886,33.63
44887,35.56
44888,38.77
44889,40.16
44890,27.59
44891,31.71
44892,31.88
44893,33.15
44894,34.76
44895,37.4
44896,39.34
44897,26.73
44898,31.81
44899,31.76
44900,33.41
44901,35.2
44902,37.94
44903,40.75
44904,26.38
44905,31.11
44906,31.39
44907,32.97
44908,35.47
44909,37.71
44910,46.57
44911,54.92
44912,54.54
44913,57.94
44914,63.87
44915,68.66
44916,71.47
44917,45.42
44918,54.44
44919,53.51
44920,58.09
44921,62.79
44922,67.52
44923,71.6
44924,45.56
44925,52.85
44926,51.71
44927,55.44
44928,58.68
44929,64.32
44930,70.22
44931,47.53
44932,54.08
44933,52.09
44934,55.92
44935,60.92
44936,66.62
44937,70.34
44938,47.33
44939,51.44
44940,51.56
44941,63.12
44942,67.06
44943,72.52
44944,74.38
44945,51.02
44946,58.27
44947,60.86
44948,64.22
44949,67.58
44950,73.87
44951,77.12
44952,50.29
44953,57.29
44954,59.55
44955,64.51
44956,67.82
44957,75.24
44958,76.0
44959,51.26
44960,59.34
44961,58.88
44962,62.59
44963,66.13
44964,71.79
44965,75.37
44966,50.44
44967,58.08
44968,59.52
44969,76.75
44970,81.86
44971,86.06
44972,92.16
44973,60.78
44974,70.54
44975,71.97
44976,77.25
44977,82.57
44978,88.57
44979,92.21
44980,61.56
44981,71.64
44982,71.1
44983,74.79
44984,82.62
44985,88.28
44986,91.33
44987,61.35
44988,68.84
44989,68.76
44990,73.13
44991,79.62
44992,83.18
44993,88.6
44994,63.28
44995,68.77
44996,69.35
44997,74.42
44998,80.96
44999,84.81
